protocol,function,algorithm,run,best,n_fes,max_iter,seconds
equal_iterations,F1,HS,0,28402010181.086185,530,500,0.10659509999095462
equal_iterations,F1,HS,1,10647026311.076689,530,500,0.10036199999740347
equal_iterations,F1,HS,2,23306915972.26894,530,500,0.1083366999955615
equal_iterations,F1,HS,3,20231210430.625973,530,500,0.10657720000017434
equal_iterations,F1,HS,4,17248389435.89952,530,500,0.10567009999067523
equal_iterations,F1,HS,5,22907646124.936897,530,500,0.11874849999730941
equal_iterations,F1,HS,6,15898625358.952366,530,500,0.09916680000605993
equal_iterations,F1,HS,7,30366067524.94042,530,500,0.11098219999985304
equal_iterations,F1,HS,8,18074602289.502647,530,500,0.11635359999490902
equal_iterations,F1,HS,9,17127819719.038504,530,500,0.1394633000018075
equal_iterations,F1,LSHADE,0,40585.3612431357,8569,500,1.808139899992966
equal_iterations,F1,LSHADE,1,18425.295017098684,8569,500,1.7111042000033194
equal_iterations,F1,LSHADE,2,113267.44962196799,8569,500,1.5917231000057654
equal_iterations,F1,LSHADE,3,49932.08232915393,8569,500,1.7414698000065982
equal_iterations,F1,LSHADE,4,102315.65834147816,8569,500,1.7663685000006808
equal_iterations,F1,LSHADE,5,22939.13586258375,8569,500,1.6303160000097705
equal_iterations,F1,LSHADE,6,382218.9046227817,8569,500,1.1002461000025505
equal_iterations,F1,LSHADE,7,70404.30954267141,8569,500,1.7412450000119861
equal_iterations,F1,LSHADE,8,131715.8153230592,8569,500,1.1091095000010682
equal_iterations,F1,LSHADE,9,162297.21238841396,8569,500,1.4831179999891901
equal_iterations,F1,PSO,0,25355189004.88861,15030,500,0.34466089999477845
equal_iterations,F1,PSO,1,25521987954.253845,15030,500,0.33224580000387505
equal_iterations,F1,PSO,2,11393443154.911228,15030,500,0.24851910000143107
equal_iterations,F1,PSO,3,18194018590.57699,15030,500,0.327107100005378
equal_iterations,F1,PSO,4,6506665824.064174,15030,500,0.32333509999443777
equal_iterations,F1,PSO,5,37020191988.90117,15030,500,0.2517274000128964
equal_iterations,F1,PSO,6,7499244791.725415,15030,500,0.24095439999655355
equal_iterations,F1,PSO,7,28740993099.458996,15030,500,0.2366792999964673
equal_iterations,F1,PSO,8,43392443541.155174,15030,500,0.2482657999935327
equal_iterations,F1,PSO,9,32548062801.499557,15030,500,0.22272510000038892
equal_iterations,F1,GWO,0,2934738101.480144,15030,500,1.0582815000088885
equal_iterations,F1,GWO,1,1612035231.1121414,15030,500,1.113400999995065
equal_iterations,F1,GWO,2,4088062435.8983927,15030,500,0.9219577999901958
equal_iterations,F1,GWO,3,5492307287.768429,15030,500,0.8847673999989638
equal_iterations,F1,GWO,4,1391658382.441016,15030,500,0.9023805999895558
equal_iterations,F1,GWO,5,5661305753.535818,15030,500,0.9168654999957653
equal_iterations,F1,GWO,6,3627080486.3477926,15030,500,1.191978199989535
equal_iterations,F1,GWO,7,4012272749.4944377,15030,500,1.0292974000039976
equal_iterations,F1,GWO,8,9864644244.803167,15030,500,0.9045084999961546
equal_iterations,F1,GWO,9,3963505089.8329477,15030,500,0.8927381999965291
equal_iterations,F1,HHO,0,113172590.56197521,27898,500,1.0733191000035731
equal_iterations,F1,HHO,1,104328432.21786572,27604,500,1.0692901000002166
equal_iterations,F1,HHO,2,161830255.0441609,28046,500,0.90046559998882
equal_iterations,F1,HHO,3,113177640.94761842,27662,500,0.8768950999947265
equal_iterations,F1,HHO,4,132356074.52878578,27578,500,0.8820448000042234
equal_iterations,F1,HHO,5,176742520.29254746,27390,500,0.9006724000064423
equal_iterations,F1,HHO,6,123087771.30708252,27628,500,0.9257345999940298
equal_iterations,F1,HHO,7,188190877.03092596,27802,500,1.0520854999922449
equal_iterations,F1,HHO,8,148884884.39210656,27488,500,1.156269600003725
equal_iterations,F1,HHO,9,157717813.88855204,27778,500,0.9768168000009609
equal_iterations,F1,BFO,0,933053.3434599146,26673,500,1.1861816000018734
equal_iterations,F1,BFO,1,965042.5443971475,26192,500,1.090477199992165
equal_iterations,F1,BFO,2,1363398.4265729405,26868,500,0.8097049000061816
equal_iterations,F1,BFO,3,1710122.1743721436,26243,500,0.8014540000003763
equal_iterations,F1,BFO,4,1940658.3258637392,27162,500,0.8252378000033787
equal_iterations,F1,BFO,5,1223815.258246841,26443,500,0.8004858999920543
equal_iterations,F1,BFO,6,1252654.400792062,26803,500,0.8101625999988755
equal_iterations,F1,BFO,7,1578565.2033984736,26864,500,0.8923060999950394
equal_iterations,F1,BFO,8,1756586.740716772,26363,500,1.17096400000446
equal_iterations,F1,BFO,9,1700424.1841869801,26727,500,1.1743026000040118
equal_iterations,F1,TSA,0,8800527.429188699,45473,500,9.133140300007653
equal_iterations,F1,TSA,1,5358494.350510702,44910,500,8.251514199990197
equal_iterations,F1,TSA,2,9186374.87110443,44942,500,8.765097099996638
equal_iterations,F1,TSA,3,9895558.13718588,44873,500,8.449446900005569
equal_iterations,F1,TSA,4,18075504.10724153,45016,500,9.090582899996662
equal_iterations,F1,TSA,5,7707294.526935924,44876,500,9.004528699995717
equal_iterations,F1,TSA,6,12071646.039647298,45214,500,8.951829400000861
equal_iterations,F1,TSA,7,2671315.1997885415,45187,500,8.854457399997045
equal_iterations,F1,TSA,8,3765908.4162290366,44881,500,8.935885400002007
equal_iterations,F1,TSA,9,3420504.852349631,44975,500,8.691554600009113
equal_iterations,F1,SOS,0,768.5705334689272,60030,500,3.7483228000055533
equal_iterations,F1,SOS,1,924.844170398092,60030,500,2.3468883000023197
equal_iterations,F1,SOS,2,711.1811506595736,60030,500,2.3593451000051573
equal_iterations,F1,SOS,3,631.4204092091433,60030,500,2.359624899996561
equal_iterations,F1,SOS,4,14587.180256743746,60030,500,3.460866800000076
equal_iterations,F1,SOS,5,6661.000683866105,60030,500,3.452136599997175
equal_iterations,F1,SOS,6,1683.158506600258,60030,500,2.357434599995031
equal_iterations,F1,SOS,7,5631.43175522802,60030,500,2.3646786000026623
equal_iterations,F1,SOS,8,504.3072273489971,60030,500,3.5294028999924194
equal_iterations,F1,SOS,9,16658.016876997863,60030,500,2.343828199998825
equal_iterations,F1,ES,0,7207706.735196279,105030,500,4.5899772999982815
equal_iterations,F1,ES,1,32096.341649520826,105030,500,3.7199817999935476
equal_iterations,F1,ES,2,9081042.798305111,105030,500,4.897398699991754
equal_iterations,F1,ES,3,52677.93920213303,105030,500,4.427472499999567
equal_iterations,F1,ES,4,489497.16478078335,105030,500,4.9297187000047415
equal_iterations,F1,ES,5,132213.37514520064,105030,500,5.105948299999
equal_iterations,F1,ES,6,8356673.227606599,105030,500,5.23233149999578
equal_iterations,F1,ES,7,2690.007785134514,105030,500,4.567551500003901
equal_iterations,F1,ES,8,3144234.9412043677,105030,500,4.286143300007097
equal_iterations,F1,ES,9,16432283.841097917,105030,500,4.548702399988542
equal_iterations,F1,FA,0,152758206841.24374,217536,500,8.214637299999595
equal_iterations,F1,FA,1,152878800717.5588,217554,500,8.378883600002155
equal_iterations,F1,FA,2,109658102652.15373,217535,500,6.8868015999905765
equal_iterations,F1,FA,3,132080775157.44838,217530,500,6.928621500002919
equal_iterations,F1,FA,4,149554017326.3177,217544,500,6.556517600009101
equal_iterations,F1,FA,5,116802737396.72118,217547,500,6.913902700005565
equal_iterations,F1,FA,6,153109721152.84848,217529,500,6.476502399993478
equal_iterations,F1,FA,7,128567735789.33417,217527,500,6.895893299995805
equal_iterations,F1,FA,8,125801988398.42763,217537,500,6.27188460000616
equal_iterations,F1,FA,9,130591739355.05237,217535,500,6.315953800003626
equal_iterations,F3,HS,0,160122.14691174234,530,500,0.07858869999472518
equal_iterations,F3,HS,1,105699.14949550728,530,500,0.09154779999516904
equal_iterations,F3,HS,2,166706.6688950718,530,500,0.07927529999869876
equal_iterations,F3,HS,3,140321.83996926938,530,500,0.1219285000115633
equal_iterations,F3,HS,4,119299.53759189243,530,500,0.13461650001408998
equal_iterations,F3,HS,5,200958.09956111413,530,500,0.12127089999557938
equal_iterations,F3,HS,6,125836.05559171944,530,500,0.12713090000033844
equal_iterations,F3,HS,7,79199.10377006106,530,500,0.13379309998708777
equal_iterations,F3,HS,8,145919.5188434206,530,500,0.13188100000843406
equal_iterations,F3,HS,9,144326.01581782658,530,500,0.0932555999897886
equal_iterations,F3,LSHADE,0,381.8740338105905,8569,500,1.4585753999999724
equal_iterations,F3,LSHADE,1,242.63760696511105,8569,500,1.6845324999885634
equal_iterations,F3,LSHADE,2,230.16278034208148,8569,500,1.3745678999985103
equal_iterations,F3,LSHADE,3,204.8616726340516,8569,500,1.1406419999984792
equal_iterations,F3,LSHADE,4,241.87709324856382,8569,500,1.639043800008949
equal_iterations,F3,LSHADE,5,272.6265140528622,8569,500,1.7188273999927333
equal_iterations,F3,LSHADE,6,235.69523713353755,8569,500,1.9029882000031648
equal_iterations,F3,LSHADE,7,417.2185760179942,8569,500,1.8990286000043852
equal_iterations,F3,LSHADE,8,743.7924465443159,8569,500,1.665968100001919
equal_iterations,F3,LSHADE,9,222.82693003333011,8569,500,1.7260720999911427
equal_iterations,F3,PSO,0,10755.609155891007,15030,500,0.5244371000007959
equal_iterations,F3,PSO,1,28115.136633911312,15030,500,0.5459233000001404
equal_iterations,F3,PSO,2,53211.64800677739,15030,500,0.5241969999915455
equal_iterations,F3,PSO,3,38708.285566486215,15030,500,0.29453089999151416
equal_iterations,F3,PSO,4,24574.068922386497,15030,500,0.5244399000075646
equal_iterations,F3,PSO,5,12609.650678301332,15030,500,0.3097288999997545
equal_iterations,F3,PSO,6,7862.839626767093,15030,500,0.34220189999905415
equal_iterations,F3,PSO,7,11171.714612198635,15030,500,0.33248009999806527
equal_iterations,F3,PSO,8,27980.002543050028,15030,500,0.3252060000086203
equal_iterations,F3,PSO,9,19463.81754847243,15030,500,0.3173928000032902
equal_iterations,F3,GWO,0,31497.551958716125,15030,500,0.9852451000042493
equal_iterations,F3,GWO,1,16950.145821914484,15030,500,1.3868574999942211
equal_iterations,F3,GWO,2,23540.25714146041,15030,500,0.9792118999903323
equal_iterations,F3,GWO,3,27211.056292407582,15030,500,0.9818274999997811
equal_iterations,F3,GWO,4,26505.947584266152,15030,500,0.98827080000774
equal_iterations,F3,GWO,5,24270.258517831873,15030,500,0.9870280000031926
equal_iterations,F3,GWO,6,29816.09982554487,15030,500,1.226400100000319
equal_iterations,F3,GWO,7,26267.53816615814,15030,500,1.2176778000139166
equal_iterations,F3,GWO,8,18009.566065293373,15030,500,1.2206972999993013
equal_iterations,F3,GWO,9,9296.17747980599,15030,500,1.3772786999907112
equal_iterations,F3,HHO,0,743.0311361127228,27758,500,1.2813209000014467
equal_iterations,F3,HHO,1,811.0787443583343,27778,500,1.0667639000021154
equal_iterations,F3,HHO,2,664.2838291908531,27642,500,0.8953074000019114
equal_iterations,F3,HHO,3,488.9033171140194,28040,500,0.9220640999992611
equal_iterations,F3,HHO,4,554.7727476485071,27572,500,1.1276916000060737
equal_iterations,F3,HHO,5,736.5001827053387,27278,500,1.1075546000065515
equal_iterations,F3,HHO,6,832.6263274534673,27674,500,1.0556713999976637
equal_iterations,F3,HHO,7,776.9886777945093,27238,500,1.0648550999903819
equal_iterations,F3,HHO,8,685.2263970167323,27780,500,1.3591350999922724
equal_iterations,F3,HHO,9,866.3025084869358,27928,500,1.0987642999971285
equal_iterations,F3,BFO,0,203.25293534939905,26840,500,1.51644189999206
equal_iterations,F3,BFO,1,204.7093326654307,27318,500,1.503472000011243
equal_iterations,F3,BFO,2,202.00086857221393,26892,500,0.985697700001765
equal_iterations,F3,BFO,3,202.99508605858432,27292,500,0.9803487000026507
equal_iterations,F3,BFO,4,204.97486326437348,27157,500,0.9772813000017777
equal_iterations,F3,BFO,5,204.31752141115072,27059,500,0.9833537000085926
equal_iterations,F3,BFO,6,201.81365461767965,27166,500,0.9790656000113813
equal_iterations,F3,BFO,7,203.21919607031555,26761,500,0.968204799995874
equal_iterations,F3,BFO,8,203.65077337159545,27184,500,0.9915920000057667
equal_iterations,F3,BFO,9,203.62386522396505,27151,500,1.1373791999940295
equal_iterations,F3,TSA,0,7478.587490681473,44961,500,8.161722699995153
equal_iterations,F3,TSA,1,9580.3936663028,45108,500,9.436574599996675
equal_iterations,F3,TSA,2,4484.550871502832,44820,500,9.310373799991794
equal_iterations,F3,TSA,3,6302.983242681438,45090,500,9.609832799993455
equal_iterations,F3,TSA,4,4293.674242074427,45124,500,9.389200599995092
equal_iterations,F3,TSA,5,7910.723712589136,44665,500,8.281972199998563
equal_iterations,F3,TSA,6,7673.709908849156,45022,500,8.748459900001762
equal_iterations,F3,TSA,7,4316.318164439891,45252,500,8.932689600012964
equal_iterations,F3,TSA,8,6551.991849070574,44771,500,8.43929229999776
equal_iterations,F3,TSA,9,7121.765038961585,44852,500,9.547634400005336
equal_iterations,F3,SOS,0,200.76461887928846,60030,500,4.114537700006622
equal_iterations,F3,SOS,1,204.41999539039364,60030,500,3.0558949999976903
equal_iterations,F3,SOS,2,478.6651622645261,60030,500,3.8801078000105917
equal_iterations,F3,SOS,3,200.2884405117131,60030,500,3.058093999992707
equal_iterations,F3,SOS,4,200.29547792016908,60030,500,2.8269574999867473
equal_iterations,F3,SOS,5,227.02479478268648,60030,500,3.876269100001082
equal_iterations,F3,SOS,6,201.7480211125642,60030,500,3.8812722000002395
equal_iterations,F3,SOS,7,200.0267927485978,60030,500,3.9176408000057563
equal_iterations,F3,SOS,8,214.80662776079402,60030,500,3.9034871999901952
equal_iterations,F3,SOS,9,200.40235617740655,60030,500,3.8192122999898857
equal_iterations,F3,ES,0,503.0808351090955,105030,500,5.9720022000110475
equal_iterations,F3,ES,1,236.73478014194046,105030,500,5.827313400004641
equal_iterations,F3,ES,2,309.7561506900822,105030,500,4.384283999999752
equal_iterations,F3,ES,3,429.09628369266386,105030,500,4.403355399990687
equal_iterations,F3,ES,4,1162.388716041685,105030,500,4.541047199993045
equal_iterations,F3,ES,5,280.61038432227076,105030,500,5.876349500002107
equal_iterations,F3,ES,6,286.8305916474031,105030,500,5.892188800004078
equal_iterations,F3,ES,7,1210.662297472746,105030,500,4.418989800004056
equal_iterations,F3,ES,8,206.29569494078788,105030,500,4.590094900006079
equal_iterations,F3,ES,9,261.8259014985571,105030,500,4.381072599993786
equal_iterations,F3,FA,0,210550.41614471044,217532,500,8.85598839999875
equal_iterations,F3,FA,1,1638960.3843347896,217539,500,8.692389099989668
equal_iterations,F3,FA,2,299867.9558820924,217537,500,7.52085430000443
equal_iterations,F3,FA,3,246532.74110380633,217555,500,7.324424999998882
equal_iterations,F3,FA,4,267996.9252571947,217522,500,7.2589913999981945
equal_iterations,F3,FA,5,444826.54393790616,217552,500,7.0205592999991495
equal_iterations,F3,FA,6,313304.6750397612,217530,500,6.970670299997437
equal_iterations,F3,FA,7,180507.61770351118,217560,500,6.887142400009907
equal_iterations,F3,FA,8,345148.8072001894,217539,500,7.021097199991345
equal_iterations,F3,FA,9,274212.5905081007,217538,500,6.860381199992844
equal_iterations,F4,HS,0,3449.757991664926,530,500,0.096997000000556
equal_iterations,F4,HS,1,3953.056472468398,530,500,0.12043830000038724
equal_iterations,F4,HS,2,5186.420127175103,530,500,0.08854650000284892
equal_iterations,F4,HS,3,3736.281007960258,530,500,0.0877763999887975
equal_iterations,F4,HS,4,5012.836464658741,530,500,0.12550819999887608
equal_iterations,F4,HS,5,7065.111722138276,530,500,0.13008329999865964
equal_iterations,F4,HS,6,3543.837259350595,530,500,0.13045890000648797
equal_iterations,F4,HS,7,5679.254941552539,530,500,0.13097850000485778
equal_iterations,F4,HS,8,4405.951733700681,530,500,0.09235410000837874
equal_iterations,F4,HS,9,8848.503331743192,530,500,0.13809690000198316
equal_iterations,F4,LSHADE,0,382.17073915333276,8569,500,1.7480299999879207
equal_iterations,F4,LSHADE,1,335.73943667412607,8569,500,1.6756803000025684
equal_iterations,F4,LSHADE,2,384.2345132816845,8569,500,1.270241200007149
equal_iterations,F4,LSHADE,3,334.6429184924111,8569,500,1.7360837999876821
equal_iterations,F4,LSHADE,4,334.5809414270705,8569,500,1.4854690999927698
equal_iterations,F4,LSHADE,5,332.8298449976143,8569,500,1.7182971000001999
equal_iterations,F4,LSHADE,6,332.19649351425625,8569,500,1.9552962000016123
equal_iterations,F4,LSHADE,7,316.318140499796,8569,500,1.9381073999975342
equal_iterations,F4,LSHADE,8,331.9274821624615,8569,500,1.7452564999985043
equal_iterations,F4,LSHADE,9,381.7143345808224,8569,500,1.5881951000046683
equal_iterations,F4,PSO,0,3874.6452682790014,15030,500,0.4128552999900421
equal_iterations,F4,PSO,1,1434.671973117675,15030,500,0.4744072000030428
equal_iterations,F4,PSO,2,1383.9481396615831,15030,500,0.5245120000035968
equal_iterations,F4,PSO,3,6098.606493298188,15030,500,0.4221709999983432
equal_iterations,F4,PSO,4,1993.356131455507,15030,500,0.4532741000002716
equal_iterations,F4,PSO,5,3957.0809456746783,15030,500,0.5803063999919686
equal_iterations,F4,PSO,6,5656.365799047233,15030,500,0.5438608999975258
equal_iterations,F4,PSO,7,3069.2004808633515,15030,500,0.5681895000016084
equal_iterations,F4,PSO,8,1952.9393423163824,15030,500,0.4296081999927992
equal_iterations,F4,PSO,9,4563.768449131563,15030,500,0.5958174999977928
equal_iterations,F4,GWO,0,499.85479947198223,15030,500,1.3641543999983696
equal_iterations,F4,GWO,1,474.00240840942195,15030,500,1.4437394999986282
equal_iterations,F4,GWO,2,546.7256828492955,15030,500,1.104216899999301
equal_iterations,F4,GWO,3,1498.5814035485078,15030,500,1.3113755000085803
equal_iterations,F4,GWO,4,631.0835631294719,15030,500,1.1272351000079652
equal_iterations,F4,GWO,5,611.1463970792681,15030,500,1.3480034000094747
equal_iterations,F4,GWO,6,459.74073598871666,15030,500,1.3670855999953346
equal_iterations,F4,GWO,7,517.6024806271043,15030,500,1.3912796999939019
equal_iterations,F4,GWO,8,585.5041785081268,15030,500,1.4227220000029774
equal_iterations,F4,GWO,9,449.5824484375885,15030,500,1.4336027999961516
equal_iterations,F4,HHO,0,426.37584878509176,27804,500,1.5034749999904307
equal_iterations,F4,HHO,1,512.7228567923014,27750,500,1.6091466000070795
equal_iterations,F4,HHO,2,500.92989362884725,27850,500,1.0819371999969007
equal_iterations,F4,HHO,3,496.21615868624,27382,500,1.0786815000028582
equal_iterations,F4,HHO,4,459.6847006682624,27846,500,1.0884956999943824
equal_iterations,F4,HHO,5,458.30498488051956,27810,500,1.0990410999947926
equal_iterations,F4,HHO,6,489.7407265596579,28208,500,1.07457080000313
equal_iterations,F4,HHO,7,401.1537092383767,27758,500,1.5660079999943264
equal_iterations,F4,HHO,8,518.1699616724205,27634,500,1.4071014000073774
equal_iterations,F4,HHO,9,506.7373904716593,27938,500,1.4121971999993548
equal_iterations,F4,BFO,0,335.37288607124356,26954,500,1.5483701000048313
equal_iterations,F4,BFO,1,383.93733737752837,26843,500,1.3223663000098895
equal_iterations,F4,BFO,2,382.33841755922106,26942,500,1.1360721999953967
equal_iterations,F4,BFO,3,448.87355017969514,27267,500,1.1525352000026032
equal_iterations,F4,BFO,4,318.48055433965885,26787,500,1.1604546999878949
equal_iterations,F4,BFO,5,333.2011838874985,26787,500,1.3213535999966552
equal_iterations,F4,BFO,6,395.00959863631084,26793,500,1.3744320000114385
equal_iterations,F4,BFO,7,332.22939559368297,26955,500,1.360461700009182
equal_iterations,F4,BFO,8,444.02634343279453,26833,500,1.609453700002632
equal_iterations,F4,BFO,9,332.1100748013931,26844,500,1.5256745000078809
equal_iterations,F4,TSA,0,398.7117233687386,45009,500,11.010138300000108
equal_iterations,F4,TSA,1,332.34234342793354,44677,500,10.147715099999914
equal_iterations,F4,TSA,2,371.0401572540966,45182,500,10.01903019999736
equal_iterations,F4,TSA,3,333.3771340781168,45115,500,10.153686699995887
equal_iterations,F4,TSA,4,344.7043098533736,45085,500,10.245957099992665
equal_iterations,F4,TSA,5,406.3498084868964,45143,500,10.916096300003119
equal_iterations,F4,TSA,6,332.0647741247074,45219,500,10.329844899999443
equal_iterations,F4,TSA,7,333.24241650446976,45281,500,10.357656499996665
equal_iterations,F4,TSA,8,334.02836374712297,45104,500,10.716532000005827
equal_iterations,F4,TSA,9,332.39893490148006,45291,500,11.007681600007345
equal_iterations,F4,SOS,0,380.0797050544934,60030,500,4.689570400005323
equal_iterations,F4,SOS,1,446.2708864598722,60030,500,4.699803099996643
equal_iterations,F4,SOS,2,390.57054026506034,60030,500,5.111575500006438
equal_iterations,F4,SOS,3,434.84409677880376,60030,500,4.630195799996727
equal_iterations,F4,SOS,4,465.1138788556715,60030,500,4.138020700003835
equal_iterations,F4,SOS,5,474.7389036044676,60030,500,4.76750779998838
equal_iterations,F4,SOS,6,505.07095344585764,60030,500,4.783960100001423
equal_iterations,F4,SOS,7,300.6820670562949,60030,500,4.442710300005274
equal_iterations,F4,SOS,8,382.97068977888625,60030,500,5.217279699994833
equal_iterations,F4,SOS,9,378.66017183900203,60030,500,5.3984764000051655
equal_iterations,F4,ES,0,336.7134860112165,105030,500,7.418645700003253
equal_iterations,F4,ES,1,371.154261162506,105030,500,7.717871000000741
equal_iterations,F4,ES,2,384.64250889848336,105030,500,7.268043799995212
equal_iterations,F4,ES,3,339.6014505730257,105030,500,7.189291300004697
equal_iterations,F4,ES,4,390.15696942350354,105030,500,6.679163300010259
equal_iterations,F4,ES,5,485.8501589499575,105030,500,6.967860100005055
equal_iterations,F4,ES,6,447.9806205741063,105030,500,6.404601799993543
equal_iterations,F4,ES,7,443.7582560619437,105030,500,6.9296161999955075
equal_iterations,F4,ES,8,332.4080998347134,105030,500,7.254259299996193
equal_iterations,F4,ES,9,495.49562694756753,105030,500,6.838686499992036
equal_iterations,F4,FA,0,73721.89863439742,217517,500,10.916910899992217
equal_iterations,F4,FA,1,67776.11449189762,217545,500,11.04769039999519
equal_iterations,F4,FA,2,39457.57043665113,217528,500,8.776061099997605
equal_iterations,F4,FA,3,25813.054265857067,217526,500,8.555658099998254
equal_iterations,F4,FA,4,37181.07295770414,217529,500,8.390671100001782
equal_iterations,F4,FA,5,49027.37386246298,217529,500,8.218332200005534
equal_iterations,F4,FA,6,47492.255826017215,217527,500,8.474610900011612
equal_iterations,F4,FA,7,76544.48143994513,217536,500,8.334624499999336
equal_iterations,F4,FA,8,33903.077294061346,217556,500,7.631585199997062
equal_iterations,F4,FA,9,37708.98581977003,217521,500,8.027799799994682
equal_iterations,F5,HS,0,21078.968090677034,530,500,0.08310070000879932
equal_iterations,F5,HS,1,30224.618473586313,530,500,0.08486160000029486
equal_iterations,F5,HS,2,22892.37058640059,530,500,0.08904990000883117
equal_iterations,F5,HS,3,32653.420510370295,530,500,0.12436849999357946
equal_iterations,F5,HS,4,28496.035359664722,530,500,0.08794089998991694
equal_iterations,F5,HS,5,26998.301113323058,530,500,0.12070929999754298
equal_iterations,F5,HS,6,21676.474741139307,530,500,0.12079880000965204
equal_iterations,F5,HS,7,21415.28533101896,530,500,0.09468579999520443
equal_iterations,F5,HS,8,32646.510415453155,530,500,0.13131750001048204
equal_iterations,F5,HS,9,24325.69978287944,530,500,0.13429799998993985
equal_iterations,F5,LSHADE,0,599.1085327677673,8569,500,1.6453241999988677
equal_iterations,F5,LSHADE,1,502.35007482280884,8569,500,1.2950222000072245
equal_iterations,F5,LSHADE,2,618.2624435629459,8569,500,1.3724471000023186
equal_iterations,F5,LSHADE,3,739.5738190697284,8569,500,1.6215389000135474
equal_iterations,F5,LSHADE,4,613.0787699516761,8569,500,1.8697925000014948
equal_iterations,F5,LSHADE,5,522.7102650324088,8569,500,2.1204115000000456
equal_iterations,F5,LSHADE,6,573.4085266334603,8569,500,2.0109928000019863
equal_iterations,F5,LSHADE,7,607.7168955906643,8569,500,1.153095100002247
equal_iterations,F5,LSHADE,8,507.6853539312673,8569,500,1.6374212999944575
equal_iterations,F5,LSHADE,9,644.8770529288961,8569,500,1.6464189999969676
equal_iterations,F5,PSO,0,57112.92363757747,15030,500,0.3180164000077639
equal_iterations,F5,PSO,1,40364.00686696896,15030,500,0.44572400000470225
equal_iterations,F5,PSO,2,12928.072993074627,15030,500,0.3042864000017289
equal_iterations,F5,PSO,3,28326.271389561443,15030,500,0.3188166999898385
equal_iterations,F5,PSO,4,33898.815873418294,15030,500,0.33544439999968745
equal_iterations,F5,PSO,5,22265.100402673852,15030,500,0.39378250000299886
equal_iterations,F5,PSO,6,48933.43889856879,15030,500,0.4558342999953311
equal_iterations,F5,PSO,7,18405.374484380332,15030,500,0.4681568999949377
equal_iterations,F5,PSO,8,14077.145147487236,15030,500,0.3122304999997141
equal_iterations,F5,PSO,9,41007.082008318466,15030,500,0.34234050000668503
equal_iterations,F5,GWO,0,5177.546300967895,15030,500,1.1442760000063572
equal_iterations,F5,GWO,1,8447.24265856286,15030,500,1.3718731999979354
equal_iterations,F5,GWO,2,2221.101848371744,15030,500,0.9933483000058914
equal_iterations,F5,GWO,3,5083.866771072554,15030,500,0.9927820000011707
equal_iterations,F5,GWO,4,1885.8632480896028,15030,500,1.064743000009912
equal_iterations,F5,GWO,5,8153.148589055918,15030,500,0.9992074000037974
equal_iterations,F5,GWO,6,6598.091253580748,15030,500,0.9965605000033975
equal_iterations,F5,GWO,7,1775.9907297610973,15030,500,1.2477415000030305
equal_iterations,F5,GWO,8,4341.138410721916,15030,500,1.093526299999212
equal_iterations,F5,GWO,9,1775.6031043734693,15030,500,1.2259405000077095
equal_iterations,F5,HHO,0,1181.5102576434533,27836,500,1.2391164000000572
equal_iterations,F5,HHO,1,1034.1925553758774,27630,500,1.3877728000079514
equal_iterations,F5,HHO,2,888.9568139373224,27114,500,0.9032816999970237
equal_iterations,F5,HHO,3,1147.4164556892429,28250,500,0.9228368000040064
equal_iterations,F5,HHO,4,1020.365801295189,27632,500,0.9245813000015914
equal_iterations,F5,HHO,5,959.9007967058374,27608,500,1.00296799998614
equal_iterations,F5,HHO,6,1040.7346403690472,27808,500,1.0430498000059742
equal_iterations,F5,HHO,7,916.2177143622065,27856,500,1.0259031000023242
equal_iterations,F5,HHO,8,1005.3566971690127,27622,500,1.2749105999973835
equal_iterations,F5,HHO,9,1304.5196171599728,27688,500,1.6263194999919506
equal_iterations,F5,BFO,0,646.5964101501188,26566,500,1.717219300000579
equal_iterations,F5,BFO,1,619.0250944239224,26634,500,1.9133013000100618
equal_iterations,F5,BFO,2,666.8966389741172,26586,500,1.5259959999966668
equal_iterations,F5,BFO,3,621.2056113006662,26823,500,1.3548234999907436
equal_iterations,F5,BFO,4,674.7615462758116,26695,500,1.7376904999982798
equal_iterations,F5,BFO,5,661.4073933309887,26402,500,1.462287100002868
equal_iterations,F5,BFO,6,626.2938967032238,26195,500,1.5863709999975981
equal_iterations,F5,BFO,7,630.2397351965562,26412,500,1.9434430999972392
equal_iterations,F5,BFO,8,578.9430454951852,26837,500,1.95580300000438
equal_iterations,F5,BFO,9,618.2544918799872,26362,500,1.683749900010298
equal_iterations,F5,TSA,0,654.6288499022186,44879,500,13.424149500002386
equal_iterations,F5,TSA,1,669.4081736162743,45152,500,13.223574100004043
equal_iterations,F5,TSA,2,625.4697169272129,44868,500,13.444038699992234
equal_iterations,F5,TSA,3,635.8320137509817,44917,500,12.67727700000978
equal_iterations,F5,TSA,4,677.9684963998187,45188,500,12.726314500003355
equal_iterations,F5,TSA,5,634.8448291581094,44921,500,12.892895000011777
equal_iterations,F5,TSA,6,645.0018074038369,45248,500,13.247353500002646
equal_iterations,F5,TSA,7,679.2916131901779,45223,500,12.763897600001656
equal_iterations,F5,TSA,8,669.0532636174287,45197,500,13.11487269999634
equal_iterations,F5,TSA,9,654.0971819997305,44808,500,13.06711260000884
equal_iterations,F5,SOS,0,568.3659855443975,60030,500,5.790747099992586
equal_iterations,F5,SOS,1,718.5126041229535,60030,500,4.329054499990889
equal_iterations,F5,SOS,2,929.0812687888867,60030,500,5.150615899998229
equal_iterations,F5,SOS,3,706.5539962577404,60030,500,5.6191333000024315
equal_iterations,F5,SOS,4,559.6353644801887,60030,500,5.801467099998263
equal_iterations,F5,SOS,5,755.3982551441957,60030,500,6.110837600004743
equal_iterations,F5,SOS,6,629.0393221478299,60030,500,5.724997900004382
equal_iterations,F5,SOS,7,635.0610428494034,60030,500,5.302632999999332
equal_iterations,F5,SOS,8,621.6203898782937,60030,500,6.224030800003675
equal_iterations,F5,SOS,9,779.5368342971493,60030,500,5.423780500001158
equal_iterations,F5,ES,0,3035.633712645694,105030,500,8.802658100001281
equal_iterations,F5,ES,1,1080.555611115987,105030,500,9.027260500006378
equal_iterations,F5,ES,2,1479.5070668169262,105030,500,8.779265899996972
equal_iterations,F5,ES,3,1403.8929010981265,105030,500,8.897854399998323
equal_iterations,F5,ES,4,2290.0063413483886,105030,500,8.611062299998594
equal_iterations,F5,ES,5,1362.8546252853318,105030,500,8.278839399994467
equal_iterations,F5,ES,6,1063.6028623773605,105030,500,8.67386219999753
equal_iterations,F5,ES,7,1081.5151625150208,105030,500,8.626635599997826
equal_iterations,F5,ES,8,711.692708020005,105030,500,8.366064800007734
equal_iterations,F5,ES,9,1496.86623930545,105030,500,8.594754499994451
equal_iterations,F5,FA,0,150167.32874307357,217529,500,12.917194699999527
equal_iterations,F5,FA,1,159242.05222873765,217538,500,12.662745100009488
equal_iterations,F5,FA,2,139490.23630483,217535,500,10.511185499999556
equal_iterations,F5,FA,3,147919.2467529284,217539,500,10.475373699999182
equal_iterations,F5,FA,4,177740.68975295027,217549,500,10.12546179999481
equal_iterations,F5,FA,5,144195.94937936665,217526,500,10.028910100008943
equal_iterations,F5,FA,6,116225.0152951738,217529,500,9.888264399996842
equal_iterations,F5,FA,7,152434.06676973565,217542,500,9.811111599992728
equal_iterations,F5,FA,8,177070.29267888397,217544,500,9.855236600007629
equal_iterations,F5,FA,9,124868.33587584706,217525,500,9.577343800003291
equal_iterations,F6,HS,0,500.0371478800469,530,500,0.14524349999555852
equal_iterations,F6,HS,1,500.04407027850556,530,500,0.19735669999499805
equal_iterations,F6,HS,2,500.04888130947626,530,500,0.18664020000142045
equal_iterations,F6,HS,3,500.0448839785263,530,500,0.14898379999794997
equal_iterations,F6,HS,4,500.0293986139013,530,500,0.18572009999479633
equal_iterations,F6,HS,5,500.05479523706595,530,500,0.17106169999169651
equal_iterations,F6,HS,6,500.0392927048754,530,500,0.16907119999814313
equal_iterations,F6,HS,7,500.0566787157595,530,500,0.17516140000952873
equal_iterations,F6,HS,8,500.0457345067173,530,500,0.18408150000323076
equal_iterations,F6,HS,9,500.0346615658516,530,500,0.1980729000060819
equal_iterations,F6,LSHADE,0,500.0002476550423,8569,500,2.5763451999955578
equal_iterations,F6,LSHADE,1,500.00031528735565,8569,500,2.062632899993332
equal_iterations,F6,LSHADE,2,500.00109574715276,8569,500,2.7367699000024004
equal_iterations,F6,LSHADE,3,500.00011034731824,8569,500,2.3487304000009317
equal_iterations,F6,LSHADE,4,500.00023370246623,8569,500,2.7516720999992685
equal_iterations,F6,LSHADE,5,500.0003602280032,8569,500,2.7471233000105713
equal_iterations,F6,LSHADE,6,500.00179780452737,8569,500,2.547916299998178
equal_iterations,F6,LSHADE,7,500.0003562328779,8569,500,2.7695655999996234
equal_iterations,F6,LSHADE,8,500.0009690320319,8569,500,2.0583893000002718
equal_iterations,F6,LSHADE,9,500.00015341363496,8569,500,2.688621500012232
equal_iterations,F6,PSO,0,500.007591707248,15030,500,1.862365699998918
equal_iterations,F6,PSO,1,500.0115021460298,15030,500,2.102722299998277
equal_iterations,F6,PSO,2,500.00059669884706,15030,500,1.866657300008228
equal_iterations,F6,PSO,3,500.01117849615383,15030,500,2.2623968999978388
equal_iterations,F6,PSO,4,500.0001293216139,15030,500,2.0860115999967093
equal_iterations,F6,PSO,5,500.0041007154162,15030,500,2.114297699998133
equal_iterations,F6,PSO,6,500.00005787595666,15030,500,1.879379699996207
equal_iterations,F6,PSO,7,500.0019967648038,15030,500,2.112083900006837
equal_iterations,F6,PSO,8,500.00162267867853,15030,500,2.1061383999913232
equal_iterations,F6,PSO,9,500.0007073514419,15030,500,1.8805482000025222
equal_iterations,F6,GWO,0,500.0010996672043,15030,500,2.83523409999907
equal_iterations,F6,GWO,1,500.0001859238338,15030,500,2.821554300011485
equal_iterations,F6,GWO,2,500.0003200033386,15030,500,2.571179000005941
equal_iterations,F6,GWO,3,500.0005117028437,15030,500,2.5558706000010716
equal_iterations,F6,GWO,4,500.00129924992854,15030,500,2.772614400004386
equal_iterations,F6,GWO,5,500.0000738030243,15030,500,2.905596399999922
equal_iterations,F6,GWO,6,500.0027581828344,15030,500,3.0974013000086416
equal_iterations,F6,GWO,7,500.0003836955726,15030,500,2.8371895000018412
equal_iterations,F6,GWO,8,500.0003450856192,15030,500,2.8007349999970756
equal_iterations,F6,GWO,9,500.0001058505403,15030,500,2.834876599998097
equal_iterations,F6,HHO,0,500.00933170154246,27858,500,4.640673000001698
equal_iterations,F6,HHO,1,500.00498725580303,27712,500,4.310265000007348
equal_iterations,F6,HHO,2,500.00333931166864,28180,500,3.8272133999998914
equal_iterations,F6,HHO,3,500.0093531741845,27500,500,3.76172989999759
equal_iterations,F6,HHO,4,500.00684548255646,27790,500,3.8343809000070905
equal_iterations,F6,HHO,5,500.0002611762304,27740,500,3.7858771000028355
equal_iterations,F6,HHO,6,500.00705430416565,27780,500,3.784157200003392
equal_iterations,F6,HHO,7,500.00853910354846,27632,500,3.7990525999921374
equal_iterations,F6,HHO,8,500.0017959732969,27548,500,3.9319724999950267
equal_iterations,F6,HHO,9,500.021984670969,27842,500,4.261156099993968
equal_iterations,F6,BFO,0,500.0000223151946,24890,500,3.8607634999934817
equal_iterations,F6,BFO,1,500.005035353675,24831,500,3.9384980000031646
equal_iterations,F6,BFO,2,500.00210228034416,24795,500,3.62639869999839
equal_iterations,F6,BFO,3,500.00338271369236,24496,500,3.9188819999981206
equal_iterations,F6,BFO,4,500.00001160567984,24878,500,3.7181176000012783
equal_iterations,F6,BFO,5,500.00009655756526,24990,500,3.980738799989922
equal_iterations,F6,BFO,6,500.004730773709,25180,500,4.007210499999928
equal_iterations,F6,BFO,7,500.00004432427113,25036,500,3.711072799997055
equal_iterations,F6,BFO,8,500.0009671994416,25004,500,3.5521233000035863
equal_iterations,F6,BFO,9,500.0002856706584,24834,500,3.506884100002935
equal_iterations,F6,TSA,0,500.0169782660709,44993,500,17.162739899998996
equal_iterations,F6,TSA,1,500.0149696915058,45173,500,17.372779700002866
equal_iterations,F6,TSA,2,500.0169031583841,44881,500,17.03703900000255
equal_iterations,F6,TSA,3,500.01841950551966,44978,500,16.90327769999567
equal_iterations,F6,TSA,4,500.0196570627671,44999,500,15.337354699993739
equal_iterations,F6,TSA,5,500.0159357913878,44986,500,16.458554700002423
equal_iterations,F6,TSA,6,500.01161201132516,45361,500,15.23546609999903
equal_iterations,F6,TSA,7,500.0278857411069,44754,500,15.165484099998139
equal_iterations,F6,TSA,8,500.0240172023837,45356,500,16.798150999995414
equal_iterations,F6,TSA,9,500.01801562111683,44976,500,16.493444300009287
equal_iterations,F6,SOS,0,500.00000351894306,60030,500,11.020425399998203
equal_iterations,F6,SOS,1,500.00012146097544,60030,500,11.267433900007745
equal_iterations,F6,SOS,2,500.0024084192346,60030,500,10.73220620000211
equal_iterations,F6,SOS,3,500.0000041262953,60030,500,11.210612299997592
equal_iterations,F6,SOS,4,500.00100810943513,60030,500,9.073134200007189
equal_iterations,F6,SOS,5,500.0001787996794,60030,500,8.98134869999194
equal_iterations,F6,SOS,6,500.0000231212443,60030,500,9.046013400002266
equal_iterations,F6,SOS,7,500.0000071542064,60030,500,9.176726400008192
equal_iterations,F6,SOS,8,500.0000131582683,60030,500,10.277151100002811
equal_iterations,F6,SOS,9,500.00029943997754,60030,500,9.03940860000148
equal_iterations,F6,ES,0,500.0008868726168,105030,500,15.517791899997974
equal_iterations,F6,ES,1,500.0000019848512,105030,500,16.854902799997944
equal_iterations,F6,ES,2,500.00010750762755,105030,500,16.47657430000254
equal_iterations,F6,ES,3,500.0000014690749,105030,500,16.809833699997398
equal_iterations,F6,ES,4,500.0001113003714,105030,500,16.740726299991366
equal_iterations,F6,ES,5,500.0027115933002,105030,500,16.51020950000384
equal_iterations,F6,ES,6,500.0003442536304,105030,500,15.371796699997503
equal_iterations,F6,ES,7,500.00042101082033,105030,500,15.3877926000132
equal_iterations,F6,ES,8,500.00000825344637,105030,500,16.405071799992584
equal_iterations,F6,ES,9,500.0002362353262,105030,500,16.663856600003783
equal_iterations,F6,FA,0,500.1194506897559,217548,500,27.055460299990955
equal_iterations,F6,FA,1,500.1573549936744,217563,500,26.876247899999726
equal_iterations,F6,FA,2,500.17622435160695,217533,500,23.079550000009476
equal_iterations,F6,FA,3,500.1073653803085,217564,500,22.987226299999747
equal_iterations,F6,FA,4,500.12054186196787,217513,500,22.372269699990284
equal_iterations,F6,FA,5,500.145513175654,217566,500,22.533861199990497
equal_iterations,F6,FA,6,500.1429656747341,217556,500,22.736230499998783
equal_iterations,F6,FA,7,500.12064772281497,217515,500,22.344782800006215
equal_iterations,F6,FA,8,500.1116954665617,217555,500,22.45789830001013
equal_iterations,F6,FA,9,500.0656522430761,217522,500,22.85969360001036
equal_iterations,F7,HS,0,863953.3598409045,530,500,0.13826549999066629
equal_iterations,F7,HS,1,1043108.8944665119,530,500,0.11410000000614673
equal_iterations,F7,HS,2,1070379.139802612,530,500,0.10507000000507105
equal_iterations,F7,HS,3,839412.7137960459,530,500,0.08502640000369865
equal_iterations,F7,HS,4,770211.1913913431,530,500,0.13983770000049844
equal_iterations,F7,HS,5,886977.8943697311,530,500,0.08287440000276547
equal_iterations,F7,HS,6,909858.783520189,530,500,0.13858299999265
equal_iterations,F7,HS,7,786836.8054799446,530,500,0.08658780000405386
equal_iterations,F7,HS,8,883176.6231977593,530,500,0.16049549999297597
equal_iterations,F7,HS,9,782971.2970860966,530,500,0.1128364999894984
equal_iterations,F7,LSHADE,0,892.6525324560645,8569,500,1.3417189000028884
equal_iterations,F7,LSHADE,1,839.8621417429329,8569,500,1.5933886999991955
equal_iterations,F7,LSHADE,2,993.0749225605659,8569,500,1.3716008999908809
equal_iterations,F7,LSHADE,3,911.8408090250649,8569,500,1.9843096999975387
equal_iterations,F7,LSHADE,4,885.9302883763855,8569,500,1.6631721000012476
equal_iterations,F7,LSHADE,5,934.9237046568331,8569,500,1.9421921000030125
equal_iterations,F7,LSHADE,6,1130.0888541903387,8569,500,1.921629499993287
equal_iterations,F7,LSHADE,7,836.958412828528,8569,500,1.9141762999934144
equal_iterations,F7,LSHADE,8,814.1242635508149,8569,500,1.8706089000042994
equal_iterations,F7,LSHADE,9,828.9408792417564,8569,500,1.7511601000005612
equal_iterations,F7,PSO,0,703064.278316082,15030,500,0.8624855999951251
equal_iterations,F7,PSO,1,1382543.4506640523,15030,500,0.9237554999999702
equal_iterations,F7,PSO,2,1011342.3787486175,15030,500,0.9008235999936005
equal_iterations,F7,PSO,3,691311.4791294636,15030,500,0.7282160000031581
equal_iterations,F7,PSO,4,1475903.2249896675,15030,500,0.614898700005142
equal_iterations,F7,PSO,5,762498.3057608418,15030,500,0.900748999993084
equal_iterations,F7,PSO,6,1671556.03310907,15030,500,0.8432256999949459
equal_iterations,F7,PSO,7,1145872.9201214577,15030,500,0.7009576999989804
equal_iterations,F7,PSO,8,559428.7232832778,15030,500,0.7301194000028772
equal_iterations,F7,PSO,9,732784.4779429461,15030,500,0.6056014999921899
equal_iterations,F7,GWO,0,95224.32825288859,15030,500,1.4730364000133704
equal_iterations,F7,GWO,1,170890.56522810966,15030,500,1.4737960999918869
equal_iterations,F7,GWO,2,197192.74683956377,15030,500,1.3145900999952573
equal_iterations,F7,GWO,3,117637.64220121808,15030,500,1.2950179999897955
equal_iterations,F7,GWO,4,24867.818968977783,15030,500,1.3108518000080949
equal_iterations,F7,GWO,5,93572.92673933931,15030,500,1.6293647999991663
equal_iterations,F7,GWO,6,64365.69147547682,15030,500,1.7795349999942118
equal_iterations,F7,GWO,7,280450.07819024054,15030,500,1.3112892000062857
equal_iterations,F7,GWO,8,178562.17006230186,15030,500,1.6256753000052413
equal_iterations,F7,GWO,9,27070.723473284663,15030,500,1.6298005999997258
equal_iterations,F7,HHO,0,6292.649923694782,27706,500,2.0191513000027044
equal_iterations,F7,HHO,1,5995.681234368869,27638,500,2.1308052999957
equal_iterations,F7,HHO,2,5152.714908071996,28258,500,1.5138185000105295
equal_iterations,F7,HHO,3,6663.916551348773,27950,500,1.4924842999898829
equal_iterations,F7,HHO,4,7081.275218282847,27756,500,1.6117463999980828
equal_iterations,F7,HHO,5,5953.273879898967,27728,500,1.5494128999998793
equal_iterations,F7,HHO,6,5826.526983637156,28588,500,1.5743650999938836
equal_iterations,F7,HHO,7,4914.233917913975,27482,500,1.9854073000024073
equal_iterations,F7,HHO,8,4475.96564120492,27344,500,1.9756546000135131
equal_iterations,F7,HHO,9,6029.855972139807,28012,500,2.148033799996483
equal_iterations,F7,BFO,0,1039.9326490171836,26554,500,2.195171899991692
equal_iterations,F7,BFO,1,1018.0355645594759,26539,500,2.2269625999906566
equal_iterations,F7,BFO,2,1215.0620650687379,26776,500,1.5395424000016646
equal_iterations,F7,BFO,3,1011.6213987025328,26905,500,1.5828072000003885
equal_iterations,F7,BFO,4,1021.580075429158,26360,500,1.5402237000089372
equal_iterations,F7,BFO,5,1083.206826934013,26593,500,1.516603900003247
equal_iterations,F7,BFO,6,1002.2265836613867,26781,500,1.5855510999972466
equal_iterations,F7,BFO,7,1062.8882655395066,26595,500,1.5455668000067817
equal_iterations,F7,BFO,8,1009.2800557164342,26583,500,1.597621099994285
equal_iterations,F7,BFO,9,995.4695760298556,26847,500,1.5532570000068517
equal_iterations,F7,TSA,0,911.8998334419248,44698,500,10.427049600009923
equal_iterations,F7,TSA,1,919.552517492897,44981,500,10.296545699995477
equal_iterations,F7,TSA,2,950.7821004386631,44968,500,11.353306100005284
equal_iterations,F7,TSA,3,902.4909185070135,44930,500,10.642442399999709
equal_iterations,F7,TSA,4,917.4617502685776,44906,500,11.26187590000336
equal_iterations,F7,TSA,5,935.6111160809747,44970,500,11.411342000006698
equal_iterations,F7,TSA,6,949.0066501830677,44662,500,11.255253400013316
equal_iterations,F7,TSA,7,908.7137856201259,45038,500,11.594953299994813
equal_iterations,F7,TSA,8,928.1199623752357,45129,500,11.633650399991893
equal_iterations,F7,TSA,9,910.3618004938678,45053,500,11.063506799997413
equal_iterations,F7,SOS,0,1197.8219268592993,60030,500,5.45057510001061
equal_iterations,F7,SOS,1,1113.0437948793603,60030,500,5.789323300006799
equal_iterations,F7,SOS,2,1305.9541197164197,60030,500,4.032944900012808
equal_iterations,F7,SOS,3,996.0925869683715,60030,500,4.018862700002501
equal_iterations,F7,SOS,4,996.6789918280308,60030,500,5.496942600002512
equal_iterations,F7,SOS,5,1032.318505137856,60030,500,4.844798099991749
equal_iterations,F7,SOS,6,1390.9598617037595,60030,500,4.345515400011209
equal_iterations,F7,SOS,7,1715.458837018221,60030,500,5.306932599996799
equal_iterations,F7,SOS,8,852.9421846643868,60030,500,5.495675900005153
equal_iterations,F7,SOS,9,988.7293729557704,60030,500,5.467506800006959
equal_iterations,F7,ES,0,5654.2617785632165,105030,500,8.454672300009406
equal_iterations,F7,ES,1,3343.9031736615993,105030,500,6.9513857000129065
equal_iterations,F7,ES,2,7275.598734332854,105030,500,7.027015899991966
equal_iterations,F7,ES,3,2088.6040625088553,105030,500,6.89544060001208
equal_iterations,F7,ES,4,1588.104914239797,105030,500,6.7522063000069465
equal_iterations,F7,ES,5,2609.5743535992797,105030,500,6.833339799995883
equal_iterations,F7,ES,6,3154.0052363582613,105030,500,7.2376694999984466
equal_iterations,F7,ES,7,3652.061504057974,105030,500,8.247012399995583
equal_iterations,F7,ES,8,4854.864949671623,105030,500,8.398977300006663
equal_iterations,F7,ES,9,4364.12258812523,105030,500,6.991586200005258
equal_iterations,F7,FA,0,5570698.027555358,217530,500,13.398147100000642
equal_iterations,F7,FA,1,5731582.393006989,217526,500,13.050809200009098
equal_iterations,F7,FA,2,4678898.301728266,217543,500,11.812630999993416
equal_iterations,F7,FA,3,4623430.240818965,217534,500,11.607387100011692
equal_iterations,F7,FA,4,4480447.699118527,217532,500,11.230595200002426
equal_iterations,F7,FA,5,6983157.829458022,217531,500,10.888920899989898
equal_iterations,F7,FA,6,4851160.231822728,217525,500,10.89128019999771
equal_iterations,F7,FA,7,5446441.595757676,217534,500,10.965442900007474
equal_iterations,F7,FA,8,5963999.2874154905,217534,500,10.662448099988978
equal_iterations,F7,FA,9,5600050.762115381,217524,500,10.761383000004571
equal_iterations,F8,HS,0,1403.4596961172226,530,500,0.11984279999160208
equal_iterations,F8,HS,1,1372.822839561091,530,500,0.1725573000003351
equal_iterations,F8,HS,2,1353.3100590341046,530,500,0.16815779999888036
equal_iterations,F8,HS,3,1332.764374126066,530,500,0.1286915999953635
equal_iterations,F8,HS,4,1381.5426300462746,530,500,0.12934430000314023
equal_iterations,F8,HS,5,1384.1912739099237,530,500,0.16138669999781996
equal_iterations,F8,HS,6,1342.8943793659482,530,500,0.13289360000635497
equal_iterations,F8,HS,7,1285.8349864377797,530,500,0.17553469999984372
equal_iterations,F8,HS,8,1354.283419774234,530,500,0.12622420000843704
equal_iterations,F8,HS,9,1360.655758883481,530,500,0.18213859999377746
equal_iterations,F8,LSHADE,0,813.0011749250924,8569,500,1.7999515999981668
equal_iterations,F8,LSHADE,1,873.3411838040697,8569,500,2.366352499986533
equal_iterations,F8,LSHADE,2,866.2984045912432,8569,500,2.374402600005851
equal_iterations,F8,LSHADE,3,831.700189020059,8569,500,2.2101064000016777
equal_iterations,F8,LSHADE,4,873.547040473022,8569,500,2.561347700000624
equal_iterations,F8,LSHADE,5,858.2331812155803,8569,500,1.8049563999957172
equal_iterations,F8,LSHADE,6,854.6206961230873,8569,500,2.159643300008611
equal_iterations,F8,LSHADE,7,924.3183535018718,8569,500,2.3351238000032026
equal_iterations,F8,LSHADE,8,863.9385240378284,8569,500,2.5652367000002414
equal_iterations,F8,LSHADE,9,940.9871448975546,8569,500,2.3824705999868456
equal_iterations,F8,PSO,0,1182.5,15030,500,1.6391778999968665
equal_iterations,F8,PSO,1,1253.5113716667677,15030,500,1.8134373000066262
equal_iterations,F8,PSO,2,1043.3259371189035,15030,500,1.7810765000031097
equal_iterations,F8,PSO,3,1224.0000000002342,15030,500,1.5347489999985555
equal_iterations,F8,PSO,4,1120.4531839475812,15030,500,1.830178899996099
equal_iterations,F8,PSO,5,1333.000002056362,15030,500,1.8259888000029605
equal_iterations,F8,PSO,6,1242.0000000001714,15030,500,1.8368088999995962
equal_iterations,F8,PSO,7,1217.2482890317715,15030,500,1.662747099995613
equal_iterations,F8,PSO,8,1120.0000000668906,15030,500,1.4892360999947414
equal_iterations,F8,PSO,9,1276.6843725483059,15030,500,1.3047013000032166
equal_iterations,F8,GWO,0,965.2245406122831,15030,500,1.9403831999952672
equal_iterations,F8,GWO,1,942.4393236030895,15030,500,2.3308580000011716
equal_iterations,F8,GWO,2,947.0241557852768,15030,500,1.9383923999994295
equal_iterations,F8,GWO,3,950.5106429144716,15030,500,1.9448800000100164
equal_iterations,F8,GWO,4,866.0369625906784,15030,500,2.2779770999914035
equal_iterations,F8,GWO,5,877.0746919790013,15030,500,1.9533731999981683
equal_iterations,F8,GWO,6,853.7519497417841,15030,500,1.9446442000044044
equal_iterations,F8,GWO,7,892.6745704527432,15030,500,2.4258588000084274
equal_iterations,F8,GWO,8,999.8536800339334,15030,500,2.422917099989718
equal_iterations,F8,GWO,9,856.654912975823,15030,500,2.4507382000010693
equal_iterations,F8,HHO,0,1060.238516027729,27916,500,3.2289521000056993
equal_iterations,F8,HHO,1,1169.8037006229683,27484,500,3.5382647999940673
equal_iterations,F8,HHO,2,1186.6025041746384,27278,500,2.6892431000014767
equal_iterations,F8,HHO,3,1092.2471436348212,28076,500,3.14156930000172
equal_iterations,F8,HHO,4,1004.1781192918795,27662,500,3.052001099989866
equal_iterations,F8,HHO,5,1319.9832082410626,27520,500,3.4907786999974633
equal_iterations,F8,HHO,6,1142.076857107259,27684,500,3.966991199995391
equal_iterations,F8,HHO,7,1314.019890917715,27786,500,3.882110199992894
equal_iterations,F8,HHO,8,1179.7641371570862,27606,500,2.7164204999862704
equal_iterations,F8,HHO,9,1114.2318973870222,27466,500,2.7205688999965787
equal_iterations,F8,BFO,0,1348.0000097125312,22444,500,3.254054700009874
equal_iterations,F8,BFO,1,1204.0001424722732,22552,500,2.801882600004319
equal_iterations,F8,BFO,2,1328.0000026998318,22061,500,2.7964685000042664
equal_iterations,F8,BFO,3,1320.0007426635257,22236,500,3.2485518000030424
equal_iterations,F8,BFO,4,1136.0029815776213,22282,500,2.373582100000931
equal_iterations,F8,BFO,5,1274.0001595710335,22377,500,2.3639956999977585
equal_iterations,F8,BFO,6,1298.0002363730882,22229,500,2.3241579000023194
equal_iterations,F8,BFO,7,1366.0000021702658,22251,500,2.3548888999939663
equal_iterations,F8,BFO,8,1380.0000554899368,22273,500,2.356936299998779
equal_iterations,F8,BFO,9,1439.0000020215489,22358,500,2.6896269999997457
equal_iterations,F8,TSA,0,1069.289508605318,44868,500,14.262011200000416
equal_iterations,F8,TSA,1,1135.3688219208252,45169,500,15.354240600005141
equal_iterations,F8,TSA,2,1131.1384955823842,45143,500,15.501573500005179
equal_iterations,F8,TSA,3,1112.6363962644205,44874,500,14.931735999998637
equal_iterations,F8,TSA,4,1149.332826172409,45036,500,13.401144699993893
equal_iterations,F8,TSA,5,1194.6487992500363,44954,500,14.357658699998865
equal_iterations,F8,TSA,6,1163.804589772321,44983,500,14.640357600001153
equal_iterations,F8,TSA,7,1131.9784408569487,45079,500,14.424652200003038
equal_iterations,F8,TSA,8,1186.663008485014,45198,500,15.320456199988257
equal_iterations,F8,TSA,9,1215.4494115139632,45154,500,15.086754100004327
equal_iterations,F8,SOS,0,935.557038062586,60030,500,8.792103200001293
equal_iterations,F8,SOS,1,1092.9783378895368,60030,500,8.90791189999436
equal_iterations,F8,SOS,2,961.9184886221452,60030,500,7.8966938000085065
equal_iterations,F8,SOS,3,872.0711687206281,60030,500,8.246647500011022
equal_iterations,F8,SOS,4,919.3809839472791,60030,500,8.035375899999053
equal_iterations,F8,SOS,5,871.1772575576273,60030,500,6.732790900001419
equal_iterations,F8,SOS,6,891.6125708513396,60030,500,6.800098400010029
equal_iterations,F8,SOS,7,945.2734682794237,60030,500,6.76544419999118
equal_iterations,F8,SOS,8,919.5844757691813,60030,500,6.791817799996352
equal_iterations,F8,SOS,9,1015.1480265408375,60030,500,6.79505749999953
equal_iterations,F8,ES,0,1054.0,105030,500,11.717864000005648
equal_iterations,F8,ES,1,1054.0,105030,500,12.366497700000764
equal_iterations,F8,ES,2,1152.0,105030,500,12.85504399999627
equal_iterations,F8,ES,3,1010.0,105030,500,12.920420100010233
equal_iterations,F8,ES,4,1040.5,105030,500,13.82200620000367
equal_iterations,F8,ES,5,1139.5,105030,500,13.744898999997531
equal_iterations,F8,ES,6,1070.5,105030,500,13.282702299999073
equal_iterations,F8,ES,7,1205.0,105030,500,13.606277099999716
equal_iterations,F8,ES,8,944.5,105030,500,13.041563200007658
equal_iterations,F8,ES,9,898.0,105030,500,13.622685099995579
equal_iterations,F8,FA,0,1923.103025183812,217562,500,22.170893900009105
equal_iterations,F8,FA,1,2110.5695836492114,217641,500,22.38017210000544
equal_iterations,F8,FA,2,1963.193115819652,217733,500,19.134743100003107
equal_iterations,F8,FA,3,2090.7956163954705,217624,500,18.724422200000845
equal_iterations,F8,FA,4,1932.4906155608073,217588,500,18.99302439999883
equal_iterations,F8,FA,5,1967.3931136017654,217591,500,18.870437399993534
equal_iterations,F8,FA,6,2018.281660592811,217557,500,18.69804469999508
equal_iterations,F8,FA,7,1881.270636644606,217567,500,19.009951400003047
equal_iterations,F8,FA,8,2164.424138115675,217704,500,18.623903999992763
equal_iterations,F8,FA,9,2032.033068640237,217578,500,18.726599299989175
equal_iterations,F9,HS,0,822.1616478556722,530,500,0.10566770000150427
equal_iterations,F9,HS,1,824.0915069865733,530,500,0.08645200000319164
equal_iterations,F9,HS,2,839.4392075865785,530,500,0.08525190000364091
equal_iterations,F9,HS,3,827.5761315439042,530,500,0.08545980000053532
equal_iterations,F9,HS,4,825.2949038706031,530,500,0.1074332999996841
equal_iterations,F9,HS,5,818.9162874754222,530,500,0.11565979999431875
equal_iterations,F9,HS,6,831.4799281875297,530,500,0.09693980000156444
equal_iterations,F9,HS,7,814.7995172550171,530,500,0.11080560000846162
equal_iterations,F9,HS,8,833.5446343945899,530,500,0.14555939999991097
equal_iterations,F9,HS,9,832.0745899441719,530,500,0.14497730000584852
equal_iterations,F9,LSHADE,0,800.7263039613545,8569,500,1.827066300000297
equal_iterations,F9,LSHADE,1,800.0897065274681,8569,500,1.3457932000019355
equal_iterations,F9,LSHADE,2,802.8232529203226,8569,500,1.9321555999922566
equal_iterations,F9,LSHADE,3,800.638930001419,8569,500,1.3467764999950305
equal_iterations,F9,LSHADE,4,800.9108321444768,8569,500,1.3700757000042358
equal_iterations,F9,LSHADE,5,800.635646868508,8569,500,1.8178340000013122
equal_iterations,F9,LSHADE,6,800.190430822565,8569,500,1.8848541000043042
equal_iterations,F9,LSHADE,7,801.6072160270786,8569,500,1.9279074999940349
equal_iterations,F9,LSHADE,8,800.7318514418686,8569,500,1.3277037999941967
equal_iterations,F9,LSHADE,9,800.8130803184496,8569,500,1.3488090999890119
equal_iterations,F9,PSO,0,823.639374548787,15030,500,0.7886096000001999
equal_iterations,F9,PSO,1,815.0170275764111,15030,500,0.6151405999989947
equal_iterations,F9,PSO,2,808.9035305259054,15030,500,0.6158838999981526
equal_iterations,F9,PSO,3,813.0587222563348,15030,500,0.6086314999993192
equal_iterations,F9,PSO,4,817.7578828192761,15030,500,0.7805769999977201
equal_iterations,F9,PSO,5,813.1739747673164,15030,500,0.7628531999944244
equal_iterations,F9,PSO,6,809.362815403532,15030,500,0.7348364000063157
equal_iterations,F9,PSO,7,817.359531095221,15030,500,0.7401342000084696
equal_iterations,F9,PSO,8,826.6836351258121,15030,500,0.6171382000029553
equal_iterations,F9,PSO,9,813.9573606136148,15030,500,0.610153799992986
equal_iterations,F9,GWO,0,803.9312947151228,15030,500,1.5963394999998854
equal_iterations,F9,GWO,1,804.2028139170216,15030,500,1.3598950000014156
equal_iterations,F9,GWO,2,804.3964601189853,15030,500,1.2499537999974564
equal_iterations,F9,GWO,3,804.593654140108,15030,500,1.393010999992839
equal_iterations,F9,GWO,4,804.5897737721896,15030,500,1.355316600005608
equal_iterations,F9,GWO,5,803.7394806173521,15030,500,1.2638195000035921
equal_iterations,F9,GWO,6,802.9627140349613,15030,500,1.5970939999970142
equal_iterations,F9,GWO,7,805.0707291520656,15030,500,1.527372299999115
equal_iterations,F9,GWO,8,806.4018775831661,15030,500,1.508900500004529
equal_iterations,F9,GWO,9,805.5065011359222,15030,500,1.5045776999904774
equal_iterations,F9,HHO,0,811.5100169878992,27880,500,1.8849557000066852
equal_iterations,F9,HHO,1,808.9897732354577,27776,500,1.5847249000071315
equal_iterations,F9,HHO,2,816.4899398071509,27938,500,1.4696306999976514
equal_iterations,F9,HHO,3,806.6130504603582,27866,500,1.5967413000034867
equal_iterations,F9,HHO,4,809.1861353401299,27598,500,1.6084541000018362
equal_iterations,F9,HHO,5,839.9490882855106,27926,500,1.6288526999996975
equal_iterations,F9,HHO,6,807.2834999982497,27660,500,1.6157291999988956
equal_iterations,F9,HHO,7,829.256850242282,27620,500,1.8382068000064464
equal_iterations,F9,HHO,8,817.7444236423232,28090,500,1.8464994999958435
equal_iterations,F9,HHO,9,815.824722476276,27696,500,1.9441735000000335
equal_iterations,F9,BFO,0,817.1308361032483,25243,500,1.929941599999438
equal_iterations,F9,BFO,1,827.3286831176883,25727,500,1.9587363000027835
equal_iterations,F9,BFO,2,818.731405593479,25768,500,1.4673290000064299
equal_iterations,F9,BFO,3,812.8944723440906,25800,500,1.4626448999915738
equal_iterations,F9,BFO,4,812.0147660226796,25865,500,1.4609800000034738
equal_iterations,F9,BFO,5,822.0367050434394,25541,500,1.4467048999940744
equal_iterations,F9,BFO,6,825.3485181351325,25818,500,1.460181200003717
equal_iterations,F9,BFO,7,815.8514466717318,25879,500,1.456406800003606
equal_iterations,F9,BFO,8,822.4864041995853,25546,500,1.4480522999947425
equal_iterations,F9,BFO,9,817.2416673086415,25534,500,1.6417452000023331
equal_iterations,F9,TSA,0,800.6568957423787,44974,500,11.425192199996673
equal_iterations,F9,TSA,1,800.840165850499,44723,500,10.420704700009082
equal_iterations,F9,TSA,2,801.513037955954,45127,500,11.342481200001203
equal_iterations,F9,TSA,3,800.9846363475976,44962,500,11.299282200008747
equal_iterations,F9,TSA,4,800.8987867293691,44963,500,10.354006900000968
equal_iterations,F9,TSA,5,801.059506137929,45081,500,10.917895599995973
equal_iterations,F9,TSA,6,801.2000826452105,45273,500,11.010394700002507
equal_iterations,F9,TSA,7,800.7675062735789,45000,500,10.620945700007724
equal_iterations,F9,TSA,8,801.5042233101881,44703,500,10.886379400006263
equal_iterations,F9,TSA,9,800.8991347405974,45020,500,11.040892400007579
equal_iterations,F9,SOS,0,805.0833086392335,60030,500,5.371545299989521
equal_iterations,F9,SOS,1,801.6242565796448,60030,500,5.080289799996535
equal_iterations,F9,SOS,2,807.8846293486206,60030,500,5.3350883000093745
equal_iterations,F9,SOS,3,803.8993685563311,60030,500,5.149973799998406
equal_iterations,F9,SOS,4,804.6354737638112,60030,500,3.9429170999937924
equal_iterations,F9,SOS,5,801.9931981986408,60030,500,4.5562527000001865
equal_iterations,F9,SOS,6,802.6443269078229,60030,500,4.500800999987405
equal_iterations,F9,SOS,7,801.6315938917986,60030,500,4.4993422999978065
equal_iterations,F9,SOS,8,803.5423841926493,60030,500,4.4813009000063175
equal_iterations,F9,SOS,9,810.8271355957578,60030,500,5.105922099988675
equal_iterations,F9,ES,0,805.2681897012673,105030,500,7.936561700000311
equal_iterations,F9,ES,1,810.4300196575023,105030,500,8.022807699991972
equal_iterations,F9,ES,2,811.2572630260369,105030,500,7.793997000000672
equal_iterations,F9,ES,3,815.3130671160313,105030,500,8.172354799986351
equal_iterations,F9,ES,4,805.7500884507373,105030,500,6.537112899997737
equal_iterations,F9,ES,5,815.8503034603732,105030,500,6.817787799998769
equal_iterations,F9,ES,6,811.4597230618424,105030,500,6.551226099996711
equal_iterations,F9,ES,7,810.332257142422,105030,500,6.488387000004877
equal_iterations,F9,ES,8,821.7480557745772,105030,500,6.870147699999507
equal_iterations,F9,ES,9,809.2903224435624,105030,500,6.6201987999957055
equal_iterations,F9,FA,0,925.3083893555638,217527,500,12.173080799999298
equal_iterations,F9,FA,1,900.1983410572001,217533,500,12.392286500005866
equal_iterations,F9,FA,2,920.1540604011188,217519,500,10.891537700008485
equal_iterations,F9,FA,3,872.9592170343443,217539,500,10.620960200001718
equal_iterations,F9,FA,4,905.1140051501033,217536,500,10.574340899998788
equal_iterations,F9,FA,5,913.2811042147765,217553,500,10.751157499995315
equal_iterations,F9,FA,6,900.0307455305142,217533,500,10.618049900003825
equal_iterations,F9,FA,7,928.1107951445148,217561,500,10.431935500004329
equal_iterations,F9,FA,8,935.1025432740151,217550,500,10.051349800007301
equal_iterations,F9,FA,9,929.4873171630177,217531,500,10.25372029999562
equal_iterations,F10,HS,0,6650.218662284393,530,500,0.09973809999064542
equal_iterations,F10,HS,1,6126.40495514616,530,500,0.09948109999822918
equal_iterations,F10,HS,2,5784.470292032167,530,500,0.096551399998134
equal_iterations,F10,HS,3,6247.114375984589,530,500,0.09865549999813084
equal_iterations,F10,HS,4,5989.49301139681,530,500,0.10178219999943394
equal_iterations,F10,HS,5,7456.023974296388,530,500,0.14735769999970216
equal_iterations,F10,HS,6,6005.32892011636,530,500,0.1565847999881953
equal_iterations,F10,HS,7,7108.635997834253,530,500,0.16176599999016616
equal_iterations,F10,HS,8,5930.383787571449,530,500,0.16388939999160357
equal_iterations,F10,HS,9,7053.458408931213,530,500,0.16174100000353064
equal_iterations,F10,LSHADE,0,-2399.6948820654507,8569,500,2.2596168000018224
equal_iterations,F10,LSHADE,1,-3820.703132558676,8569,500,1.8303633000032278
equal_iterations,F10,LSHADE,2,-2696.184682499812,8569,500,2.2810504000080982
equal_iterations,F10,LSHADE,3,-1562.9194504177776,8569,500,2.1263501000066753
equal_iterations,F10,LSHADE,4,-1370.309868952927,8569,500,1.644231199999922
equal_iterations,F10,LSHADE,5,-3530.9828517284222,8569,500,1.9090696000057505
equal_iterations,F10,LSHADE,6,-2287.7596194312773,8569,500,1.6391582999931416
equal_iterations,F10,LSHADE,7,-3222.116637013769,8569,500,2.2776907999941614
equal_iterations,F10,LSHADE,8,-2628.9021630596017,8569,500,1.6731246999988798
equal_iterations,F10,LSHADE,9,-3701.8983240726084,8569,500,2.248246699993615
equal_iterations,F10,PSO,0,-2456.483594797761,15030,500,1.3147807000059402
equal_iterations,F10,PSO,1,306.6481042251344,15030,500,1.3166897000046447
equal_iterations,F10,PSO,2,-2598.473875630145,15030,500,1.1712355999916326
equal_iterations,F10,PSO,3,1875.0565088659387,15030,500,1.3246925999992527
equal_iterations,F10,PSO,4,289.0168779666419,15030,500,1.4371765999967465
equal_iterations,F10,PSO,5,100.02038004143287,15030,500,1.162620400005835
equal_iterations,F10,PSO,6,2093.6176226394728,15030,500,1.3022295999980997
equal_iterations,F10,PSO,7,48.76885096788101,15030,500,1.3245871999970404
equal_iterations,F10,PSO,8,-790.4030072293226,15030,500,1.3176730999985011
equal_iterations,F10,PSO,9,609.5619902371309,15030,500,1.3949440000142204
equal_iterations,F10,GWO,0,-589.1923469900175,15030,500,2.004755900008604
equal_iterations,F10,GWO,1,701.7132914522062,15030,500,2.063036600011401
equal_iterations,F10,GWO,2,-1065.7495023684714,15030,500,1.8329311999987112
equal_iterations,F10,GWO,3,-1557.6284319959886,15030,500,1.8564451999991434
equal_iterations,F10,GWO,4,-220.2701726301293,15030,500,1.9960703999968246
equal_iterations,F10,GWO,5,-1064.9281530474782,15030,500,2.0266307999991113
equal_iterations,F10,GWO,6,-1235.2503861035984,15030,500,1.8379077999998117
equal_iterations,F10,GWO,7,944.3331206657313,15030,500,2.110705799990683
equal_iterations,F10,GWO,8,-1674.6869879628575,15030,500,2.0861486999929184
equal_iterations,F10,GWO,9,-499.93970916573744,15030,500,2.182064499997068
equal_iterations,F10,HHO,0,2250.979059353287,27776,500,2.9037712999997893
equal_iterations,F10,HHO,1,-1722.059332116025,27918,500,3.115318299998762
equal_iterations,F10,HHO,2,248.22928539968598,27978,500,2.533715099998517
equal_iterations,F10,HHO,3,84.51653391060063,27942,500,2.4687762999965344
equal_iterations,F10,HHO,4,2177.3968810724964,27268,500,2.861744499998167
equal_iterations,F10,HHO,5,-231.76727975750146,28008,500,2.981180200004019
equal_iterations,F10,HHO,6,5556.088649427733,27612,500,2.8081366999977035
equal_iterations,F10,HHO,7,1758.6133907308777,27982,500,3.044672799995169
equal_iterations,F10,HHO,8,4556.701688299656,28096,500,2.965899700007867
equal_iterations,F10,HHO,9,4801.716677404618,27518,500,2.898308800009545
equal_iterations,F10,BFO,0,-678.8993456367443,22979,500,2.603963199988357
equal_iterations,F10,BFO,1,-3053.290362708365,22819,500,2.761372199995094
equal_iterations,F10,BFO,2,110.50155929036555,22829,500,2.2351389000104973
equal_iterations,F10,BFO,3,-1585.560781813263,22742,500,2.208178400003817
equal_iterations,F10,BFO,4,-2502.887323579136,22823,500,2.210967700011679
equal_iterations,F10,BFO,5,-1165.150219672907,22698,500,2.487173500005156
equal_iterations,F10,BFO,6,-2758.997416005115,22772,500,2.683402099995874
equal_iterations,F10,BFO,7,-155.14382662748903,23059,500,2.249763100000564
equal_iterations,F10,BFO,8,-1365.7563556209843,22589,500,2.4045206000009784
equal_iterations,F10,BFO,9,-1228.441487240838,22816,500,2.2290957999939565
equal_iterations,F10,TSA,0,3687.8028107975933,45095,500,12.954119400004856
equal_iterations,F10,TSA,1,3521.241168891531,44879,500,13.255845699997735
equal_iterations,F10,TSA,2,2122.6631855028263,45171,500,13.332953599994653
equal_iterations,F10,TSA,3,4100.668110647668,45021,500,13.372472100003506
equal_iterations,F10,TSA,4,4090.3308096311102,44845,500,14.107375499996124
equal_iterations,F10,TSA,5,3630.9938514362984,44935,500,14.287818600001629
equal_iterations,F10,TSA,6,4594.077698146122,44755,500,14.160200199999963
equal_iterations,F10,TSA,7,4726.250264031029,44796,500,14.539384400006384
equal_iterations,F10,TSA,8,3234.1845599097924,45213,500,14.512630199998966
equal_iterations,F10,TSA,9,4072.007161229025,45059,500,14.537309899998945
equal_iterations,F10,SOS,0,-1463.8318056025491,60030,500,6.392068600005587
equal_iterations,F10,SOS,1,350.04087079267265,60030,500,8.021364200001699
equal_iterations,F10,SOS,2,-1827.5974148077858,60030,500,7.561364600012894
equal_iterations,F10,SOS,3,-1845.4900140821192,60030,500,8.062919800009695
equal_iterations,F10,SOS,4,8.984721493314282,60030,500,6.304026900004828
equal_iterations,F10,SOS,5,-1034.472747021795,60030,500,6.377056299999822
equal_iterations,F10,SOS,6,-1104.9596172590936,60030,500,6.349966900001164
equal_iterations,F10,SOS,7,-1172.0783881832394,60030,500,6.361071399995126
equal_iterations,F10,SOS,8,-1110.4197320576222,60030,500,6.330910699995002
equal_iterations,F10,SOS,9,-1116.4143814075687,60030,500,7.4083754000021145
equal_iterations,F10,ES,0,-3378.7484048119404,105030,500,12.22951400000602
equal_iterations,F10,ES,1,-2064.3868149018253,105030,500,10.90142979999655
equal_iterations,F10,ES,2,402.03165271461694,105030,500,10.886397399997804
equal_iterations,F10,ES,3,-3616.326611776829,105030,500,12.20699859999877
equal_iterations,F10,ES,4,-942.5519605940499,105030,500,12.961329500001739
equal_iterations,F10,ES,5,-1849.6216479569339,105030,500,12.216923200001474
equal_iterations,F10,ES,6,-2155.193070189238,105030,500,12.246520200002124
equal_iterations,F10,ES,7,-1541.7096860909805,105030,500,12.294223300006706
equal_iterations,F10,ES,8,-787.8663151368091,105030,500,12.231220500005293
equal_iterations,F10,ES,9,-2647.329204023654,105030,500,11.849045399998431
equal_iterations,F10,FA,0,7686.3339469920475,217604,500,20.23655129999679
equal_iterations,F10,FA,1,8282.128340604562,217670,500,19.725989099999424
equal_iterations,F10,FA,2,7643.465406109704,217690,500,18.201540300011402
equal_iterations,F10,FA,3,6794.850290756239,217779,500,17.07288000000699
equal_iterations,F10,FA,4,7418.761458094408,217669,500,17.13063489999331
equal_iterations,F10,FA,5,7147.516337293062,217595,500,16.803243899994413
equal_iterations,F10,FA,6,8474.709513647536,217620,500,17.046479899989208
equal_iterations,F10,FA,7,5734.126149765007,217591,500,16.662311200008844
equal_iterations,F10,FA,8,6892.658264492854,217700,500,17.014514900001814
equal_iterations,F10,FA,9,8170.519041258481,217666,500,16.888827800008585
equal_iterations,F11,HS,0,2174920.5452015596,530,500,0.12670090000028722
equal_iterations,F11,HS,1,1353839.5787534337,530,500,0.11367829999653623
equal_iterations,F11,HS,2,33707903.97084056,530,500,0.09550460000173189
equal_iterations,F11,HS,3,19058640.15061907,530,500,0.11821710001095198
equal_iterations,F11,HS,4,18681534.84881207,530,500,0.09154710000439081
equal_iterations,F11,HS,5,11754628.327026235,530,500,0.14988650000304915
equal_iterations,F11,HS,6,19255388.394191325,530,500,0.09074279999185819
equal_iterations,F11,HS,7,29224261.97494099,530,500,0.151791600001161
equal_iterations,F11,HS,8,14726646.27159814,530,500,0.15149699999892619
equal_iterations,F11,HS,9,9429148.031721435,530,500,0.15601999999489635
equal_iterations,F11,LSHADE,0,10664.361399122145,8569,500,2.183726500006742
equal_iterations,F11,LSHADE,1,2518.486084400294,8569,500,2.117798400009633
equal_iterations,F11,LSHADE,2,6118.90066180815,8569,500,1.903688800011878
equal_iterations,F11,LSHADE,3,8453.361677489467,8569,500,2.026259000005666
equal_iterations,F11,LSHADE,4,10149.137868466356,8569,500,1.4615499000065029
equal_iterations,F11,LSHADE,5,18267.646545142186,8569,500,2.06559619998734
equal_iterations,F11,LSHADE,6,24149.25443415001,8569,500,2.1487195000081556
equal_iterations,F11,LSHADE,7,4465.817916446066,8569,500,1.6126749999966705
equal_iterations,F11,LSHADE,8,15856.170715616554,8569,500,1.8662459999904968
equal_iterations,F11,LSHADE,9,11051.9712222918,8569,500,1.457466599997133
equal_iterations,F11,PSO,0,280640.6123648367,15030,500,1.1261407999991206
equal_iterations,F11,PSO,1,186165.8182724162,15030,500,1.0274826000095345
equal_iterations,F11,PSO,2,345494.6268579501,15030,500,0.790252299993881
equal_iterations,F11,PSO,3,364472.79045357136,15030,500,1.0439420999900904
equal_iterations,F11,PSO,4,415251.0610814511,15030,500,1.023265399999218
equal_iterations,F11,PSO,5,17106701.23038609,15030,500,1.0480700000043726
equal_iterations,F11,PSO,6,244194.70676522847,15030,500,1.0135722999984864
equal_iterations,F11,PSO,7,1849826.0855553043,15030,500,1.110970100009581
equal_iterations,F11,PSO,8,8556501.248786176,15030,500,0.9987355999910505
equal_iterations,F11,PSO,9,3806240.6249900474,15030,500,1.1017147999955341
equal_iterations,F11,GWO,0,108860.14647895025,15030,500,1.8740683000069112
equal_iterations,F11,GWO,1,98263.2493129157,15030,500,1.8303871000098297
equal_iterations,F11,GWO,2,100808.02390576516,15030,500,1.4686012000020128
equal_iterations,F11,GWO,3,119338.08192956382,15030,500,1.8541179000021657
equal_iterations,F11,GWO,4,103890.73231430652,15030,500,1.484102400005213
equal_iterations,F11,GWO,5,143946.25818359188,15030,500,1.9386536000092747
equal_iterations,F11,GWO,6,141132.5562164096,15030,500,1.4734499000041978
equal_iterations,F11,GWO,7,113222.51649367614,15030,500,1.4744140999973752
equal_iterations,F11,GWO,8,94891.34338063774,15030,500,1.824051600007806
equal_iterations,F11,GWO,9,104305.36812687315,15030,500,1.804707800009055
equal_iterations,F11,HHO,0,129948.20868627384,27700,500,2.2853022000053898
equal_iterations,F11,HHO,1,243611.3438623531,28062,500,2.5415609999909066
equal_iterations,F11,HHO,2,165227.41026018033,27808,500,1.7838467999972636
equal_iterations,F11,HHO,3,142799.25264374528,28046,500,2.2385757000010926
equal_iterations,F11,HHO,4,198483.91719577843,28054,500,2.2221003000013297
equal_iterations,F11,HHO,5,189524.65664521593,27438,500,2.299513999998453
equal_iterations,F11,HHO,6,113781.06360779838,27710,500,2.230248899999424
equal_iterations,F11,HHO,7,75183.6570267354,27650,500,2.3513853999902494
equal_iterations,F11,HHO,8,99339.44627561887,27848,500,2.3693491000012727
equal_iterations,F11,HHO,9,144802.7903014099,28188,500,2.513036499993177
equal_iterations,F11,BFO,0,169872.5972130791,26599,500,2.5495015000051353
equal_iterations,F11,BFO,1,134368.67031263062,26387,500,2.548215799994068
equal_iterations,F11,BFO,2,115328.59045339921,27753,500,1.934405500011053
equal_iterations,F11,BFO,3,54763.5964921999,27343,500,1.8818944999948144
equal_iterations,F11,BFO,4,209609.39586014813,26225,500,1.83107580000069
equal_iterations,F11,BFO,5,145336.7449517495,27958,500,1.915491000007023
equal_iterations,F11,BFO,6,85543.23226148909,27658,500,1.9068140000017593
equal_iterations,F11,BFO,7,72184.60625935943,27464,500,1.8979851999902166
equal_iterations,F11,BFO,8,143722.3584139338,26746,500,1.8546419000049355
equal_iterations,F11,BFO,9,97198.23567416621,27657,500,2.5147400999994716
equal_iterations,F11,TSA,0,186786.22227710768,45214,500,11.776126400000066
equal_iterations,F11,TSA,1,228255.8152268104,44822,500,12.523327099988819
equal_iterations,F11,TSA,2,144264.4683490972,45334,500,11.785551699998905
equal_iterations,F11,TSA,3,191705.20764342078,44941,500,11.426937300013378
equal_iterations,F11,TSA,4,209816.04903789042,45000,500,12.571893700005603
equal_iterations,F11,TSA,5,237028.67348537932,44919,500,12.032436900000903
equal_iterations,F11,TSA,6,257202.26583580833,45338,500,12.565580800001044
equal_iterations,F11,TSA,7,323646.8283545785,44964,500,12.089013499993598
equal_iterations,F11,TSA,8,199605.83912937477,44960,500,12.62007829999493
equal_iterations,F11,TSA,9,147031.6571227059,44813,500,12.257951800012961
equal_iterations,F11,SOS,0,11712.94910586799,60030,500,6.580393099997309
equal_iterations,F11,SOS,1,22448.048558323833,60030,500,6.5797721999988426
equal_iterations,F11,SOS,2,11667.240171142195,60030,500,5.8769328000053065
equal_iterations,F11,SOS,3,22136.51721298149,60030,500,4.69780590001028
equal_iterations,F11,SOS,4,4488.0687832414105,60030,500,4.928545899994788
equal_iterations,F11,SOS,5,5439.029588235106,60030,500,6.217328600003384
equal_iterations,F11,SOS,6,6725.438479473326,60030,500,5.78177620000497
equal_iterations,F11,SOS,7,31973.574979271412,60030,500,6.265927000000374
equal_iterations,F11,SOS,8,9253.985476310663,60030,500,6.4162106000003405
equal_iterations,F11,SOS,9,6392.861768253806,60030,500,4.691305799991824
equal_iterations,F11,ES,0,73458.07232567048,105030,500,7.797649800006184
equal_iterations,F11,ES,1,47491.60820434915,105030,500,7.770615999994334
equal_iterations,F11,ES,2,78966.98816230535,105030,500,9.115542699990328
equal_iterations,F11,ES,3,75756.66121614783,105030,500,9.857246700004907
equal_iterations,F11,ES,4,80509.21714152256,105030,500,8.120788100000937
equal_iterations,F11,ES,5,39750.61967582555,105030,500,7.7404872000042815
equal_iterations,F11,ES,6,33647.19192490432,105030,500,7.7636306999920635
equal_iterations,F11,ES,7,75836.45386767467,105030,500,9.702684399991995
equal_iterations,F11,ES,8,46232.26698255915,105030,500,9.634047999992617
equal_iterations,F11,ES,9,32735.123410113425,105030,500,9.882972199993674
equal_iterations,F11,FA,0,5178480283.358055,217535,500,15.695604299995466
equal_iterations,F11,FA,1,13619021562.364288,217544,500,15.326280699999188
equal_iterations,F11,FA,2,13677164141.99752,217527,500,12.503415800005314
equal_iterations,F11,FA,3,1776941345.8408182,217540,500,12.743835500004934
equal_iterations,F11,FA,4,9384582400.2068,217543,500,12.82368729999871
equal_iterations,F11,FA,5,1134370743.7390327,217538,500,12.470278199994937
equal_iterations,F11,FA,6,1831443713.9752128,217532,500,12.564563199994154
equal_iterations,F11,FA,7,3157958395.031512,217529,500,12.214865700007067
equal_iterations,F11,FA,8,6109295997.550667,217536,500,11.61926589999348
equal_iterations,F11,FA,9,6744421960.443048,217513,500,11.681548200009274
equal_iterations,F12,HS,0,2343638831.8522296,530,500,0.16253319999668747
equal_iterations,F12,HS,1,2041780854.0221684,530,500,0.15920709999045357
equal_iterations,F12,HS,2,3081072226.3550014,530,500,0.12808330000552814
equal_iterations,F12,HS,3,992471163.6673687,530,500,0.1569236999930581
equal_iterations,F12,HS,4,1824011414.4768527,530,500,0.1746757999935653
equal_iterations,F12,HS,5,3136747513.7411966,530,500,0.122698399994988
equal_iterations,F12,HS,6,2837259234.4789014,530,500,0.1762114000011934
equal_iterations,F12,HS,7,3626764462.298132,530,500,0.13099639999563806
equal_iterations,F12,HS,8,2438187125.479748,530,500,0.13384759999462403
equal_iterations,F12,HS,9,3060100158.4027324,530,500,0.18654770001012366
equal_iterations,F12,LSHADE,0,90737.5824545444,8569,500,2.668779799991171
equal_iterations,F12,LSHADE,1,507119.00763572054,8569,500,2.465865299993311
equal_iterations,F12,LSHADE,2,14889.251627085709,8569,500,2.4569581000105245
equal_iterations,F12,LSHADE,3,202788.15806863835,8569,500,2.381706899992423
equal_iterations,F12,LSHADE,4,6935.333310405865,8569,500,2.134374300003401
equal_iterations,F12,LSHADE,5,50930.518468695416,8569,500,2.4640798999898834
equal_iterations,F12,LSHADE,6,57880.91219299953,8569,500,2.1509820999926887
equal_iterations,F12,LSHADE,7,16545.900913732163,8569,500,2.0750522000016645
equal_iterations,F12,LSHADE,8,27989.994311324073,8569,500,2.5665071999974316
equal_iterations,F12,LSHADE,9,44716.67026621951,8569,500,2.2846341999975266
equal_iterations,F12,PSO,0,5316764995.655925,15030,500,1.6289168999937829
equal_iterations,F12,PSO,1,3155612466.0058556,15030,500,1.6316595999960555
equal_iterations,F12,PSO,2,2059631004.7171493,15030,500,1.7287594999943394
equal_iterations,F12,PSO,3,7143706371.780141,15030,500,1.6050351999874692
equal_iterations,F12,PSO,4,7755232003.091527,15030,500,1.6295215999998618
equal_iterations,F12,PSO,5,5185528401.884434,15030,500,1.626499399993918
equal_iterations,F12,PSO,6,6078129719.519467,15030,500,1.8219091999926604
equal_iterations,F12,PSO,7,3333291121.022213,15030,500,1.614283200004138
equal_iterations,F12,PSO,8,4782582617.524982,15030,500,1.60298789999797
equal_iterations,F12,PSO,9,242650997.27834457,15030,500,1.595060799998464
equal_iterations,F12,GWO,0,11460084.198730873,15030,500,2.6714174000080675
equal_iterations,F12,GWO,1,30347693.512282483,15030,500,2.3809478000039235
equal_iterations,F12,GWO,2,31457113.953286327,15030,500,2.341116299998248
equal_iterations,F12,GWO,3,466091999.05867434,15030,500,2.404609300006996
equal_iterations,F12,GWO,4,519872698.88153744,15030,500,2.292481600001338
equal_iterations,F12,GWO,5,18921919.21031505,15030,500,2.347415699987323
equal_iterations,F12,GWO,6,33980734.29517881,15030,500,2.4940274999971734
equal_iterations,F12,GWO,7,47845694.28655978,15030,500,2.485505999997258
equal_iterations,F12,GWO,8,51516010.16423098,15030,500,2.5429088000091724
equal_iterations,F12,GWO,9,63578007.30709594,15030,500,2.6029234000016004
equal_iterations,F12,HHO,0,6241265.045090222,27576,500,3.62369690000196
equal_iterations,F12,HHO,1,63393545.86095626,27374,500,3.6044816999929026
equal_iterations,F12,HHO,2,74744509.58043304,28040,500,3.328542600007495
equal_iterations,F12,HHO,3,60905605.21418209,27484,500,3.3142614999960642
equal_iterations,F12,HHO,4,24973672.816120178,27802,500,3.3371347000065725
equal_iterations,F12,HHO,5,92787413.73591594,27710,500,3.5778974999993807
equal_iterations,F12,HHO,6,17751632.55127464,27614,500,3.268735200006631
equal_iterations,F12,HHO,7,77576139.1599684,27630,500,3.356903699997929
equal_iterations,F12,HHO,8,20608501.120673288,27904,500,3.2343179999879794
equal_iterations,F12,HHO,9,29128921.290792383,27806,500,3.347841499999049
equal_iterations,F12,BFO,0,10233000.014625473,26276,500,3.8262668999959715
equal_iterations,F12,BFO,1,17118668.61647374,26867,500,3.72340560000157
equal_iterations,F12,BFO,2,21610997.739155397,26330,500,3.3028943999961484
equal_iterations,F12,BFO,3,9559924.48246217,26523,500,3.3471984999923734
equal_iterations,F12,BFO,4,8160933.622223081,26613,500,3.3994689999963157
equal_iterations,F12,BFO,5,6586440.009606859,26226,500,3.477851300005568
equal_iterations,F12,BFO,6,6806466.621757848,26617,500,3.5674251000018558
equal_iterations,F12,BFO,7,21913636.822517734,26481,500,3.5116803999990225
equal_iterations,F12,BFO,8,10377204.95069702,26366,500,3.2834645999973873
equal_iterations,F12,BFO,9,5706785.708615308,26190,500,3.7731669999920996
equal_iterations,F12,TSA,0,32988034.380873784,45314,500,13.305074099989724
equal_iterations,F12,TSA,1,31374670.291939653,45111,500,13.651956799993059
equal_iterations,F12,TSA,2,41717449.20452628,45134,500,14.349068499999703
equal_iterations,F12,TSA,3,31188347.91358392,44941,500,14.038942099999986
equal_iterations,F12,TSA,4,51251871.72873162,45168,500,14.361651900006109
equal_iterations,F12,TSA,5,44936789.836274385,44581,500,13.032732699997723
equal_iterations,F12,TSA,6,81191941.48056342,45154,500,15.408352200000081
equal_iterations,F12,TSA,7,61979769.20191142,44751,500,14.913445500002126
equal_iterations,F12,TSA,8,35482233.93433187,45162,500,15.376712700002827
equal_iterations,F12,TSA,9,23867922.080899745,45105,500,15.075451199998497
equal_iterations,F12,SOS,0,27774.072577793293,60030,500,9.040594499994768
equal_iterations,F12,SOS,1,66366.84325845362,60030,500,9.498826900002314
equal_iterations,F12,SOS,2,47536.78531863075,60030,500,8.411226399999578
equal_iterations,F12,SOS,3,105797.5017995195,60030,500,8.436912599994685
equal_iterations,F12,SOS,4,10614.588196762672,60030,500,8.103343900002073
equal_iterations,F12,SOS,5,32537.533681313434,60030,500,7.864243199990597
equal_iterations,F12,SOS,6,9303.10865717841,60030,500,7.895880900003249
equal_iterations,F12,SOS,7,19598.467753920886,60030,500,7.89811420001206
equal_iterations,F12,SOS,8,14302.836526867348,60030,500,7.850057999996352
equal_iterations,F12,SOS,9,12462.171144876454,60030,500,8.037956100000883
equal_iterations,F12,ES,0,38285.75099574846,105030,500,13.595956299992395
equal_iterations,F12,ES,1,4154385.032798206,105030,500,13.899392599996645
equal_iterations,F12,ES,2,315519.7860099649,105030,500,12.985831800004235
equal_iterations,F12,ES,3,34247.89749479559,105030,500,12.443852800002787
equal_iterations,F12,ES,4,32920.69639453046,105030,500,13.4123280000058
equal_iterations,F12,ES,5,909944.8594530048,105030,500,13.954810800001724
equal_iterations,F12,ES,6,72621.0761337714,105030,500,13.562063699995633
equal_iterations,F12,ES,7,75131.80985702274,105030,500,13.28514880000148
equal_iterations,F12,ES,8,237729.9273707282,105030,500,13.674791600002209
equal_iterations,F12,ES,9,152246.2608664691,105030,500,13.568311800001538
equal_iterations,F12,FA,0,27262838805.900917,217533,500,20.146718400006648
equal_iterations,F12,FA,1,27612845845.629787,217533,500,20.134588699991582
equal_iterations,F12,FA,2,38860163534.20749,217528,500,17.464958800002933
equal_iterations,F12,FA,3,26475190005.23033,217548,500,16.67852820000553
equal_iterations,F12,FA,4,19774342382.32173,217533,500,17.00291979999747
equal_iterations,F12,FA,5,31453821761.790276,217537,500,16.549283499989542
equal_iterations,F12,FA,6,33095635094.333855,217536,500,16.313027600001078
equal_iterations,F12,FA,7,25442864127.249695,217531,500,16.635149100009585
equal_iterations,F12,FA,8,32723923441.874153,217522,500,16.623721900003147
equal_iterations,F12,FA,9,34241456301.108795,217528,500,16.67191190000449
equal_iterations,F13,HS,0,610228856.9245847,530,500,0.12126339999667834
equal_iterations,F13,HS,1,1744865438.8873882,530,500,0.07427959999768063
equal_iterations,F13,HS,2,1433226769.7597225,530,500,0.09290340000006836
equal_iterations,F13,HS,3,2233348964.076555,530,500,0.12012619999586605
equal_iterations,F13,HS,4,2793465340.7448435,530,500,0.11891069999546744
equal_iterations,F13,HS,5,763309441.1562684,530,500,0.12374210001144093
equal_iterations,F13,HS,6,1244089919.995478,530,500,0.15799439999682363
equal_iterations,F13,HS,7,1219430103.4963152,530,500,0.11807050000061281
equal_iterations,F13,HS,8,1802060678.2990892,530,500,0.14822179998736829
equal_iterations,F13,HS,9,1703386900.7714067,530,500,0.11077279999153689
equal_iterations,F13,LSHADE,0,13578.990456056777,8569,500,2.1972620000015013
equal_iterations,F13,LSHADE,1,13497.278589086061,8569,500,1.8832884000003105
equal_iterations,F13,LSHADE,2,11392.589491870609,8569,500,1.582087999995565
equal_iterations,F13,LSHADE,3,158686.9588613121,8569,500,2.278133700005128
equal_iterations,F13,LSHADE,4,13340.761906074995,8569,500,2.1744598999939626
equal_iterations,F13,LSHADE,5,5106.164710064378,8569,500,2.275038099993253
equal_iterations,F13,LSHADE,6,6333.516612567424,8569,500,1.6050255000009201
equal_iterations,F13,LSHADE,7,20969.19072102942,8569,500,2.2689417999936268
equal_iterations,F13,LSHADE,8,11873.867281403518,8569,500,2.2013354000082472
equal_iterations,F13,LSHADE,9,10278.305236552327,8569,500,1.543509900002391
equal_iterations,F13,PSO,0,3129815435.2815013,15030,500,1.2861123000038788
equal_iterations,F13,PSO,1,2322273748.0569477,15030,500,0.9310547999921255
equal_iterations,F13,PSO,2,365135701.1363175,15030,500,1.0729607000102988
equal_iterations,F13,PSO,3,230415645.26342595,15030,500,0.9720919999963371
equal_iterations,F13,PSO,4,323913323.82138115,15030,500,1.350659399991855
equal_iterations,F13,PSO,5,3304036027.268722,15030,500,1.3562046000006376
equal_iterations,F13,PSO,6,67361396.85666136,15030,500,1.29386930000328
equal_iterations,F13,PSO,7,13626588.556400994,15030,500,1.3500745000055758
equal_iterations,F13,PSO,8,390313035.9515967,15030,500,1.3743993999960367
equal_iterations,F13,PSO,9,67411638.23635396,15030,500,1.258239599992521
equal_iterations,F13,GWO,0,3956174.309002072,15030,500,2.0668021000019507
equal_iterations,F13,GWO,1,16878341.460001312,15030,500,1.8934690000023693
equal_iterations,F13,GWO,2,9951395.30446491,15030,500,1.6393176000128733
equal_iterations,F13,GWO,3,1100370.7743587901,15030,500,1.610542299997178
equal_iterations,F13,GWO,4,69865664.51044627,15030,500,1.925171599999885
equal_iterations,F13,GWO,5,70132562.93104208,15030,500,1.9090828000043985
equal_iterations,F13,GWO,6,225315221.2256971,15030,500,1.9130793000076665
equal_iterations,F13,GWO,7,37000723.04514337,15030,500,1.9490186000039103
equal_iterations,F13,GWO,8,116574117.15120097,15030,500,1.6185304000100587
equal_iterations,F13,GWO,9,2035546.5491400925,15030,500,1.916898699986632
equal_iterations,F13,HHO,0,12864408.00372303,27884,500,2.83302299999923
equal_iterations,F13,HHO,1,12207304.037028918,27990,500,2.8759145999938482
equal_iterations,F13,HHO,2,14688702.987456912,27788,500,2.088767799999914
equal_iterations,F13,HHO,3,17184682.735818893,27632,500,2.0774986000033095
equal_iterations,F13,HHO,4,13146784.676950539,28078,500,2.8881531999941217
equal_iterations,F13,HHO,5,24569070.472437784,27844,500,2.8258851999999024
equal_iterations,F13,HHO,6,12336331.435172454,27636,500,2.936280399997486
equal_iterations,F13,HHO,7,18823407.486922,27600,500,2.8056985000002896
equal_iterations,F13,HHO,8,12271484.320507973,27762,500,2.3859980999986874
equal_iterations,F13,HHO,9,9417832.643467143,27656,500,2.9277702000108548
equal_iterations,F13,BFO,0,471584.20641247986,26512,500,2.963752600000589
equal_iterations,F13,BFO,1,420716.6049788245,26500,500,2.451228500009165
equal_iterations,F13,BFO,2,418645.34567185544,26454,500,2.1175643999886233
equal_iterations,F13,BFO,3,1113956.6523975108,26295,500,2.1364773999957833
equal_iterations,F13,BFO,4,218704.93006899883,26319,500,2.1124473999952897
equal_iterations,F13,BFO,5,554403.6199478508,26232,500,2.1153629000036744
equal_iterations,F13,BFO,6,231780.52506880535,26374,500,2.175566299993079
equal_iterations,F13,BFO,7,351177.8382797768,26225,500,2.099196299997857
equal_iterations,F13,BFO,8,445542.6134867178,26096,500,2.3435069999977713
equal_iterations,F13,BFO,9,342212.81532025576,26725,500,2.394115699993563
equal_iterations,F13,TSA,0,17114.929297190578,44965,500,12.915317899998627
equal_iterations,F13,TSA,1,4647.3528898168615,45295,500,11.833760800000164
equal_iterations,F13,TSA,2,19702.18703157042,45244,500,13.299852600001032
equal_iterations,F13,TSA,3,45433.807574481485,44733,500,12.5515247000003
equal_iterations,F13,TSA,4,11261.33022983927,44996,500,13.247886200013454
equal_iterations,F13,TSA,5,21790.421629747223,44731,500,13.375729100007447
equal_iterations,F13,TSA,6,31340.474566539422,45190,500,13.297449200006668
equal_iterations,F13,TSA,7,13599.890568506928,45295,500,12.533789699999033
equal_iterations,F13,TSA,8,46892.72645228177,44576,500,13.262743400002364
equal_iterations,F13,TSA,9,10271.881527312216,45116,500,13.676012700001593
equal_iterations,F13,SOS,0,9230.35073977571,60030,500,7.261626199993771
equal_iterations,F13,SOS,1,2528.3188100084753,60030,500,6.678832500008866
equal_iterations,F13,SOS,2,1611.5466073141008,60030,500,7.319360699999379
equal_iterations,F13,SOS,3,6680.549202263718,60030,500,7.3020830000023125
equal_iterations,F13,SOS,4,4002.567360129239,60030,500,5.345156499999575
equal_iterations,F13,SOS,5,16881.39968843354,60030,500,5.352628799999366
equal_iterations,F13,SOS,6,3140.515036766394,60030,500,5.374495299998671
equal_iterations,F13,SOS,7,3149.9742756242185,60030,500,5.391969100004644
equal_iterations,F13,SOS,8,5258.9054294516445,60030,500,5.373988599996665
equal_iterations,F13,SOS,9,7140.085635933765,60030,500,5.993849400008912
equal_iterations,F13,ES,0,114754.5083484378,105030,500,9.517793999999412
equal_iterations,F13,ES,1,60335.67358196824,105030,500,9.679773399999249
equal_iterations,F13,ES,2,31657.301826004637,105030,500,10.048016600005212
equal_iterations,F13,ES,3,46533.486806875524,105030,500,9.916774999990594
equal_iterations,F13,ES,4,36682.48675743627,105030,500,11.347124499996426
equal_iterations,F13,ES,5,44446.182845481584,105030,500,11.129722199999378
equal_iterations,F13,ES,6,106193.46171952736,105030,500,11.422518699997454
equal_iterations,F13,ES,7,62388.12399083382,105030,500,10.871399200012092
equal_iterations,F13,ES,8,47054.46529511003,105030,500,11.19891560000542
equal_iterations,F13,ES,9,30557.20164048786,105030,500,9.920828900008928
equal_iterations,F13,FA,0,53732847880.349236,217535,500,17.561276599997655
equal_iterations,F13,FA,1,29216511563.49292,217531,500,17.257435300009092
equal_iterations,F13,FA,2,39178817148.17054,217539,500,15.729536500002723
equal_iterations,F13,FA,3,37401657819.17075,217525,500,15.648802700001397
equal_iterations,F13,FA,4,34352179865.670776,217526,500,14.714530800003558
equal_iterations,F13,FA,5,25572102155.320312,217529,500,14.812342400007765
equal_iterations,F13,FA,6,29187050226.49467,217531,500,14.974735499999952
equal_iterations,F13,FA,7,18334856748.04068,217548,500,14.977824600005988
equal_iterations,F13,FA,8,34871976501.69628,217524,500,14.873193799998262
equal_iterations,F13,FA,9,39327823034.48802,217542,500,14.79550159999053
equal_iterations,F14,HS,0,9355339.077712711,530,500,0.10877489999984391
equal_iterations,F14,HS,1,24010022.28491647,530,500,0.16370530000131112
equal_iterations,F14,HS,2,33796276.52153487,530,500,0.10944109999400098
equal_iterations,F14,HS,3,28861184.16071,530,500,0.17722549999598414
equal_iterations,F14,HS,4,24073972.746799488,530,500,0.13964060001308098
equal_iterations,F14,HS,5,9927045.559868444,530,500,0.13360850000754
equal_iterations,F14,HS,6,12311369.232214645,530,500,0.11489650000294205
equal_iterations,F14,HS,7,13919465.422618803,530,500,0.1847557000000961
equal_iterations,F14,HS,8,37472949.359473504,530,500,0.11648359999526292
equal_iterations,F14,HS,9,43932736.131629676,530,500,0.17764990001160186
equal_iterations,F14,LSHADE,0,24287.109910096315,8569,500,1.799678600000334
equal_iterations,F14,LSHADE,1,60641.921560307936,8569,500,2.4151145000068936
equal_iterations,F14,LSHADE,2,54641.761375120404,8569,500,2.409956900010002
equal_iterations,F14,LSHADE,3,61720.88568234649,8569,500,2.326658599995426
equal_iterations,F14,LSHADE,4,25584.781309485228,8569,500,1.7912763000058476
equal_iterations,F14,LSHADE,5,78512.15283470681,8569,500,1.7512952999968547
equal_iterations,F14,LSHADE,6,58344.705991696945,8569,500,2.4227676000009524
equal_iterations,F14,LSHADE,7,89396.63806784013,8569,500,2.317536000002292
equal_iterations,F14,LSHADE,8,85093.91643663513,8569,500,2.23705229999905
equal_iterations,F14,LSHADE,9,27840.3652122528,8569,500,2.474139700003434
equal_iterations,F14,PSO,0,3877150.5459706727,15030,500,1.5721435000014026
equal_iterations,F14,PSO,1,568484.6796723097,15030,500,1.573403700007475
equal_iterations,F14,PSO,2,7120506.828940272,15030,500,1.5059600999957183
equal_iterations,F14,PSO,3,274303.63629250356,15030,500,1.5281761000078404
equal_iterations,F14,PSO,4,654536.3836573621,15030,500,1.5518860000011045
equal_iterations,F14,PSO,5,5921271.931239849,15030,500,1.5467975999927148
equal_iterations,F14,PSO,6,999259.7064529594,15030,500,1.5933105000003707
equal_iterations,F14,PSO,7,479691.76405425504,15030,500,1.6049031000002287
equal_iterations,F14,PSO,8,368832.05766764464,15030,500,1.616444200000842
equal_iterations,F14,PSO,9,459509.98743190407,15030,500,1.6114865999988979
equal_iterations,F14,GWO,0,1276271.9900836977,15030,500,2.3886891000001924
equal_iterations,F14,GWO,1,466257.4492509117,15030,500,2.3965979000058724
equal_iterations,F14,GWO,2,229912.60483789,15030,500,1.9141875000059372
equal_iterations,F14,GWO,3,546000.9240697179,15030,500,2.0181807999906596
equal_iterations,F14,GWO,4,993864.607743609,15030,500,1.9160066000040388
equal_iterations,F14,GWO,5,3525219.4548099386,15030,500,1.9447530999896117
equal_iterations,F14,GWO,6,4636290.014215108,15030,500,1.953664899992873
equal_iterations,F14,GWO,7,351353.1249825674,15030,500,2.540400800004136
equal_iterations,F14,GWO,8,5418635.393462068,15030,500,2.3709464999992633
equal_iterations,F14,GWO,9,1187883.412071419,15030,500,2.306832900008885
equal_iterations,F14,HHO,0,2340604.0059703523,27916,500,3.2738404999981867
equal_iterations,F14,HHO,1,2702801.375621111,27980,500,3.4704427999968175
equal_iterations,F14,HHO,2,265508.26776665234,27256,500,3.2480535000067903
equal_iterations,F14,HHO,3,643441.3586438742,27280,500,3.2125844999973197
equal_iterations,F14,HHO,4,911562.3311943505,27822,500,3.2720949000067776
equal_iterations,F14,HHO,5,421870.38636857737,28092,500,2.7803267999988748
equal_iterations,F14,HHO,6,1388253.258694712,27426,500,3.3589142999990145
equal_iterations,F14,HHO,7,1054085.9955785545,27312,500,3.046406900000875
equal_iterations,F14,HHO,8,401730.7613302595,27630,500,3.3490362000011373
equal_iterations,F14,HHO,9,4902255.314022729,27500,500,3.0421905999974115
equal_iterations,F14,BFO,0,317532.14516393427,26344,500,3.361690000005183
equal_iterations,F14,BFO,1,441480.1683292347,25978,500,3.176596300007077
equal_iterations,F14,BFO,2,502614.7782494109,26449,500,2.6129856999905314
equal_iterations,F14,BFO,3,449337.49849723675,25993,500,2.5669532000028994
equal_iterations,F14,BFO,4,440396.3852153211,26352,500,2.6014894999971148
equal_iterations,F14,BFO,5,310197.3276583622,26249,500,2.5634479000000283
equal_iterations,F14,BFO,6,244976.10623594275,26142,500,2.9096381999988807
equal_iterations,F14,BFO,7,296386.22528609855,26327,500,2.5987183999968693
equal_iterations,F14,BFO,8,190744.5793683094,26360,500,2.5984393000107957
equal_iterations,F14,BFO,9,281855.10347446555,26359,500,2.907838700004504
equal_iterations,F14,TSA,0,1062014.408223769,44845,500,13.183324199999333
equal_iterations,F14,TSA,1,721539.5005458834,45039,500,14.62801380000019
equal_iterations,F14,TSA,2,929617.319852087,45147,500,14.598219200008316
equal_iterations,F14,TSA,3,1168142.7082425877,45174,500,14.566619400007767
equal_iterations,F14,TSA,4,1191551.7237524558,45041,500,13.574059699996724
equal_iterations,F14,TSA,5,515873.84818010346,45011,500,11.757761000000755
equal_iterations,F14,TSA,6,790465.657051569,44785,500,14.401916100003291
equal_iterations,F14,TSA,7,640802.0563095529,44988,500,14.636064499994973
equal_iterations,F14,TSA,8,1491178.7600473163,44945,500,12.209045600000536
equal_iterations,F14,TSA,9,542391.5447916156,44937,500,14.382712799997535
equal_iterations,F14,SOS,0,16405.289063817865,60030,500,7.011112899999716
equal_iterations,F14,SOS,1,61174.360308257,60030,500,8.320703599994886
equal_iterations,F14,SOS,2,278673.59363719815,60030,500,8.272496499994304
equal_iterations,F14,SOS,3,34767.43713145996,60030,500,8.781598599991412
equal_iterations,F14,SOS,4,16360.659297105474,60030,500,6.22422910000023
equal_iterations,F14,SOS,5,56307.56777521656,60030,500,6.218627500013099
equal_iterations,F14,SOS,6,93043.15347184027,60030,500,6.218072000003303
equal_iterations,F14,SOS,7,41374.90099140603,60030,500,6.293666700003087
equal_iterations,F14,SOS,8,73698.27261493704,60030,500,6.262165399995865
equal_iterations,F14,SOS,9,25676.817203764764,60030,500,7.175495099989348
equal_iterations,F14,ES,0,730511.7447541109,105030,500,11.29346249999071
equal_iterations,F14,ES,1,239291.68188531065,105030,500,10.837924399995245
equal_iterations,F14,ES,2,81677.34065624229,105030,500,10.736324199999217
equal_iterations,F14,ES,3,320756.18517248915,105030,500,12.024927899998147
equal_iterations,F14,ES,4,368175.8319981942,105030,500,12.31952230000752
equal_iterations,F14,ES,5,141462.93595873355,105030,500,12.737532499988447
equal_iterations,F14,ES,6,94077.31154103643,105030,500,12.10081769998942
equal_iterations,F14,ES,7,151206.70914312836,105030,500,11.314755300001707
equal_iterations,F14,ES,8,328690.7354910962,105030,500,12.193333299990627
equal_iterations,F14,ES,9,223354.37323308838,105030,500,12.768166800000472
equal_iterations,F14,FA,0,67656533.74856086,217523,500,20.045648000013898
equal_iterations,F14,FA,1,969186465.4664634,217538,500,18.47155020000355
equal_iterations,F14,FA,2,203190769.97774288,217525,500,16.820622500003083
equal_iterations,F14,FA,3,350098758.6158238,217556,500,15.524767900002189
equal_iterations,F14,FA,4,496502157.6385078,217553,500,15.722725399988121
equal_iterations,F14,FA,5,58601027.58851862,217517,500,15.82173789999797
equal_iterations,F14,FA,6,166554361.71446902,217540,500,15.478770300003816
equal_iterations,F14,FA,7,47135080.540689714,217548,500,15.93334920000052
equal_iterations,F14,FA,8,150278202.56479728,217536,500,15.690906999996514
equal_iterations,F14,FA,9,290504374.27078336,217529,500,15.258564500007196
equal_iterations,F15,HS,0,381762803.9045826,530,500,0.16597729999921285
equal_iterations,F15,HS,1,715929844.8386347,530,500,0.09856630000285804
equal_iterations,F15,HS,2,897612589.4275904,530,500,0.10900700000638608
equal_iterations,F15,HS,3,662728986.5829152,530,500,0.16210250000585802
equal_iterations,F15,HS,4,651638325.0389655,530,500,0.10654670000076294
equal_iterations,F15,HS,5,816919307.8234072,530,500,0.10036419999960344
equal_iterations,F15,HS,6,739087610.6586459,530,500,0.15947649998997804
equal_iterations,F15,HS,7,817988343.5117387,530,500,0.16398949999711476
equal_iterations,F15,HS,8,846309756.761728,530,500,0.15172409999649972
equal_iterations,F15,HS,9,855088584.0703461,530,500,0.14094459998887032
equal_iterations,F15,LSHADE,0,21159.045734128926,8569,500,2.1366262000083225
equal_iterations,F15,LSHADE,1,27296.677854207257,8569,500,1.5810216999961995
equal_iterations,F15,LSHADE,2,49520.807633572156,8569,500,1.5662577000039164
equal_iterations,F15,LSHADE,3,11876.06309939032,8569,500,2.154918500003987
equal_iterations,F15,LSHADE,4,25484.09704439473,8569,500,2.1422414999979082
equal_iterations,F15,LSHADE,5,19079.752698209573,8569,500,1.7711945000046398
equal_iterations,F15,LSHADE,6,16378.125505917447,8569,500,2.1517692000052193
equal_iterations,F15,LSHADE,7,19910.463990010954,8569,500,1.521867099989322
equal_iterations,F15,LSHADE,8,55001.581810877506,8569,500,2.363527499997872
equal_iterations,F15,LSHADE,9,39415.15695279269,8569,500,2.362228900004993
equal_iterations,F15,PSO,0,11333280.10380725,15030,500,1.1302929999947082
equal_iterations,F15,PSO,1,59458575.219519064,15030,500,1.169292200007476
equal_iterations,F15,PSO,2,301084514.6746219,15030,500,0.9578995999909239
equal_iterations,F15,PSO,3,533870687.8100017,15030,500,1.1748870000010356
equal_iterations,F15,PSO,4,61776172.99399472,15030,500,1.0027674000011757
equal_iterations,F15,PSO,5,2835408520.302164,15030,500,1.1381932999938726
equal_iterations,F15,PSO,6,962639410.8490919,15030,500,0.9864760000054957
equal_iterations,F15,PSO,7,154692651.3433007,15030,500,1.22425210000074
equal_iterations,F15,PSO,8,95873278.16665515,15030,500,1.0011991000064882
equal_iterations,F15,PSO,9,165605495.38236088,15030,500,1.069178700010525
equal_iterations,F15,GWO,0,28608516.253398567,15030,500,1.7123031000082847
equal_iterations,F15,GWO,1,102025081.94894843,15030,500,2.184468699997524
equal_iterations,F15,GWO,2,2021863.1916683442,15030,500,1.6055702000012388
equal_iterations,F15,GWO,3,799461.1529431713,15030,500,1.6339586000103736
equal_iterations,F15,GWO,4,212469589.05246645,15030,500,1.6189161999936914
equal_iterations,F15,GWO,5,259632.5079391417,15030,500,1.6249017999944044
equal_iterations,F15,GWO,6,1126909.6326537272,15030,500,2.175925499992445
equal_iterations,F15,GWO,7,126454.7191526564,15030,500,2.165333800003282
equal_iterations,F15,GWO,8,16402982.276369728,15030,500,2.000925799991819
equal_iterations,F15,GWO,9,347501.9299932893,15030,500,1.8496412999957101
equal_iterations,F15,HHO,0,4944814.190410658,27770,500,2.9839219999994384
equal_iterations,F15,HHO,1,2511285.6167232776,27378,500,2.547594999996363
equal_iterations,F15,HHO,2,2718597.919081134,27756,500,2.0950299999967683
equal_iterations,F15,HHO,3,5507072.762563939,27842,500,2.486505799999577
equal_iterations,F15,HHO,4,3769170.9695448414,27560,500,2.3326079999969807
equal_iterations,F15,HHO,5,3921309.8061775733,27536,500,2.112876300001517
equal_iterations,F15,HHO,6,9362643.034163611,27290,500,2.413623700005701
equal_iterations,F15,HHO,7,3131570.349245161,27332,500,2.0859365000069374
equal_iterations,F15,HHO,8,1517024.5542625424,27082,500,2.8703382999956375
equal_iterations,F15,HHO,9,3848634.1279873243,28024,500,2.735504199998104
equal_iterations,F15,BFO,0,429294.8705087033,26559,500,2.7438496999966446
equal_iterations,F15,BFO,1,157933.55595253786,26351,500,2.5665555999876233
equal_iterations,F15,BFO,2,203729.49381139711,26201,500,2.0808677000022726
equal_iterations,F15,BFO,3,196068.7238361853,26408,500,2.0918977000110317
equal_iterations,F15,BFO,4,265464.8030655303,26368,500,2.14481589999923
equal_iterations,F15,BFO,5,293590.75998805487,26538,500,2.125078199998825
equal_iterations,F15,BFO,6,322214.1657966812,26630,500,2.119254399993224
equal_iterations,F15,BFO,7,209017.46573301975,26475,500,2.131661499995971
equal_iterations,F15,BFO,8,262097.4429163381,26603,500,2.104782000009436
equal_iterations,F15,BFO,9,269529.5379876785,26477,500,2.1251065999967977
equal_iterations,F15,TSA,0,55446.62138177632,44740,500,13.240787999995518
equal_iterations,F15,TSA,1,211888.36278330762,45006,500,11.289144299997133
equal_iterations,F15,TSA,2,122516.9724360066,45146,500,13.105051000005915
equal_iterations,F15,TSA,3,164331.08949083416,45234,500,13.219230099988636
equal_iterations,F15,TSA,4,352721.73229439964,44950,500,12.95054929998878
equal_iterations,F15,TSA,5,309826.9300316066,44915,500,11.640089500011527
equal_iterations,F15,TSA,6,280667.98268070497,44718,500,12.705208400002448
equal_iterations,F15,TSA,7,304033.2503580317,44968,500,13.219459200001438
equal_iterations,F15,TSA,8,1836079.1436912832,44715,500,13.318002999993041
equal_iterations,F15,TSA,9,981112.3128061227,44968,500,12.240499199993792
equal_iterations,F15,SOS,0,12724.757229943842,60030,500,7.321314300002996
equal_iterations,F15,SOS,1,14584.758426208195,60030,500,6.950932899999316
equal_iterations,F15,SOS,2,16755.066674392976,60030,500,7.107777299999725
equal_iterations,F15,SOS,3,20853.144129371787,60030,500,5.369975100009469
equal_iterations,F15,SOS,4,15666.65246642772,60030,500,5.439299500008929
equal_iterations,F15,SOS,5,13085.444306404768,60030,500,7.2432430000044405
equal_iterations,F15,SOS,6,18449.75704919199,60030,500,5.722943600005237
equal_iterations,F15,SOS,7,29054.89613452356,60030,500,7.253328599996166
equal_iterations,F15,SOS,8,31638.225878636185,60030,500,7.425789800006896
equal_iterations,F15,SOS,9,16402.200784305904,60030,500,6.713487699991674
equal_iterations,F15,ES,0,45118.63821747779,105030,500,9.16929259999597
equal_iterations,F15,ES,1,37827.74102880885,105030,500,9.264832899993053
equal_iterations,F15,ES,2,100436.13672131086,105030,500,9.402972500000033
equal_iterations,F15,ES,3,67891.07464884304,105030,500,9.214143799996236
equal_iterations,F15,ES,4,89204.8037633484,105030,500,9.164744599998812
equal_iterations,F15,ES,5,27888.439494305327,105030,500,9.278773099998944
equal_iterations,F15,ES,6,66475.52623259017,105030,500,9.443918399992981
equal_iterations,F15,ES,7,49131.53998747007,105030,500,9.773258400004124
equal_iterations,F15,ES,8,101779.30684097606,105030,500,9.109567300009076
equal_iterations,F15,ES,9,49613.403724629636,105030,500,10.94176719999814
equal_iterations,F15,FA,0,17725494545.180824,217510,500,16.021288300005835
equal_iterations,F15,FA,1,16657067740.059944,217536,500,16.668054399997345
equal_iterations,F15,FA,2,36895476872.75304,217534,500,13.855007599995588
equal_iterations,F15,FA,3,12291841362.053179,217536,500,13.75589499999478
equal_iterations,F15,FA,4,24117570148.07454,217533,500,14.032586600005743
equal_iterations,F15,FA,5,21459874932.472683,217524,500,13.527614300008281
equal_iterations,F15,FA,6,24014564360.93966,217541,500,13.093218699999852
equal_iterations,F15,FA,7,17937054592.32839,217547,500,13.333165400006692
equal_iterations,F15,FA,8,12888839443.187954,217583,500,13.146480199997313
equal_iterations,F15,FA,9,16690007004.78674,217530,500,12.879466099999263
equal_iterations,F16,HS,0,28062396.39370935,530,500,0.24169270000129472
equal_iterations,F16,HS,1,22828282.880133,530,500,0.2150623000052292
equal_iterations,F16,HS,2,120730485.07191122,530,500,0.23307469999417663
equal_iterations,F16,HS,3,12485824.957842857,530,500,0.22130669999751262
equal_iterations,F16,HS,4,87248353.11645775,530,500,0.2467116000043461
equal_iterations,F16,HS,5,67997375.57670598,530,500,0.23567100000218488
equal_iterations,F16,HS,6,10187378.555324567,530,500,0.22104279999621212
equal_iterations,F16,HS,7,9925506.997104617,530,500,0.18538660000194795
equal_iterations,F16,HS,8,31753005.00826138,530,500,0.21490089999861084
equal_iterations,F16,HS,9,41140416.6689664,530,500,0.2651504999957979
equal_iterations,F16,LSHADE,0,1013.975064762914,8569,500,3.03471740000532
equal_iterations,F16,LSHADE,1,2066.620075115553,8569,500,3.7308603999990737
equal_iterations,F16,LSHADE,2,1524.069875279456,8569,500,3.949657000004663
equal_iterations,F16,LSHADE,3,2719.369289284427,8569,500,3.9450677999993786
equal_iterations,F16,LSHADE,4,1015.6920451745782,8569,500,2.8910226999869337
equal_iterations,F16,LSHADE,5,1156.321877905183,8569,500,4.121636399999261
equal_iterations,F16,LSHADE,6,1739.1408454260716,8569,500,3.697977900010301
equal_iterations,F16,LSHADE,7,1034.185591834811,8569,500,2.867759999993723
equal_iterations,F16,LSHADE,8,696.5747061896583,8569,500,2.9450512000039453
equal_iterations,F16,LSHADE,9,1576.5227078600678,8569,500,2.8482532000052743
equal_iterations,F16,PSO,0,77846327.27845773,15030,500,3.411527499993099
equal_iterations,F16,PSO,1,21449070.594355114,15030,500,3.9820669000037014
equal_iterations,F16,PSO,2,540441396.3078303,15030,500,3.1752972999966005
equal_iterations,F16,PSO,3,174107.27860585414,15030,500,4.2146429999993416
equal_iterations,F16,PSO,4,1299443.1998821686,15030,500,3.21728609999991
equal_iterations,F16,PSO,5,209947.7426693795,15030,500,3.200398299988592
equal_iterations,F16,PSO,6,21481545.872430015,15030,500,3.9926247999974294
equal_iterations,F16,PSO,7,157174.20300408886,15030,500,3.299698899994837
equal_iterations,F16,PSO,8,6472926.950281674,15030,500,3.3095665000000736
equal_iterations,F16,PSO,9,541365601.4285295,15030,500,4.343076800010749
equal_iterations,F16,GWO,0,5003217.19593153,15030,500,4.144067000001087
equal_iterations,F16,GWO,1,26263.03310235437,15030,500,4.297065899998415
equal_iterations,F16,GWO,2,25345.84497181299,15030,500,3.8488922999968054
equal_iterations,F16,GWO,3,2121851.2346192542,15030,500,4.390926899999613
equal_iterations,F16,GWO,4,62664.21318836733,15030,500,3.8979057999968063
equal_iterations,F16,GWO,5,1458818.5538219514,15030,500,4.737879399996018
equal_iterations,F16,GWO,6,53287.72222544209,15030,500,4.8116962000058265
equal_iterations,F16,GWO,7,68531.5174775019,15030,500,5.192387999995844
equal_iterations,F16,GWO,8,89159.00082156574,15030,500,4.836178000012296
equal_iterations,F16,GWO,9,49877.94977598189,15030,500,5.025374000004376
equal_iterations,F16,HHO,0,155118.82641563652,27590,500,7.212139600000228
equal_iterations,F16,HHO,1,1348566.9137667443,27692,500,7.151081500007422
equal_iterations,F16,HHO,2,209021.11640452707,27718,500,6.186781500000507
equal_iterations,F16,HHO,3,412649.13867698883,27788,500,6.19847899999877
equal_iterations,F16,HHO,4,175134.46134757836,27588,500,6.1072918999998365
equal_iterations,F16,HHO,5,51596.52601235374,27740,500,8.290307399991434
equal_iterations,F16,HHO,6,539969.9708793411,27806,500,6.393944600000395
equal_iterations,F16,HHO,7,584606.2300652479,27448,500,7.788625899993349
equal_iterations,F16,HHO,8,540254.3717881127,27370,500,6.1340964999981225
equal_iterations,F16,HHO,9,123196.32284621969,27826,500,6.1909874999983
equal_iterations,F16,BFO,0,60328.9612762362,26550,500,6.133846999990055
equal_iterations,F16,BFO,1,27853.464101618014,26760,500,8.363827799999854
equal_iterations,F16,BFO,2,34801.54319102979,26262,500,6.295554600001196
equal_iterations,F16,BFO,3,63031.7538112878,27093,500,7.788522400005604
equal_iterations,F16,BFO,4,31720.608060085124,26729,500,7.721552899995004
equal_iterations,F16,BFO,5,21850.38634886369,26691,500,6.2427261999982875
equal_iterations,F16,BFO,6,81632.85556454498,27272,500,8.568605699998443
equal_iterations,F16,BFO,7,20582.068127791914,26767,500,7.722409499998321
equal_iterations,F16,BFO,8,30400.14049259777,26748,500,6.167754800000694
equal_iterations,F16,BFO,9,54574.90087997354,27223,500,6.186460500000976
equal_iterations,F16,TSA,0,3391.2065435535524,45223,500,17.628615300011006
equal_iterations,F16,TSA,1,1456.724150325441,45174,500,22.160992199991597
equal_iterations,F16,TSA,2,1466.687551090517,45115,500,17.798563600008492
equal_iterations,F16,TSA,3,1206.8188567766333,45011,500,20.418835599994054
equal_iterations,F16,TSA,4,834.7796537018105,44663,500,22.663839800006826
equal_iterations,F16,TSA,5,1766.680894915091,44886,500,23.258880199995474
equal_iterations,F16,TSA,6,923.0037098577521,44907,500,21.40579920000164
equal_iterations,F16,TSA,7,1143.775292069049,45043,500,22.284192999999505
equal_iterations,F16,TSA,8,1608.569736142608,45164,500,22.05327839999518
equal_iterations,F16,TSA,9,857.7970470923538,45107,500,22.348686199999065
equal_iterations,F16,SOS,0,1015.8686363759848,60030,500,16.805279200008954
equal_iterations,F16,SOS,1,1297.1902674438984,60030,500,19.49290280000423
equal_iterations,F16,SOS,2,1183.127806503303,60030,500,14.68985860000248
equal_iterations,F16,SOS,3,869.6707296022847,60030,500,14.750256700004684
equal_iterations,F16,SOS,4,2141.323842876086,60030,500,14.401196700011496
equal_iterations,F16,SOS,5,1408.5211827958765,60030,500,14.336651000005077
equal_iterations,F16,SOS,6,977.5499650430164,60030,500,14.347480100012035
equal_iterations,F16,SOS,7,1936.8997830231235,60030,500,16.324146400002064
equal_iterations,F16,SOS,8,1146.2896902932198,60030,500,14.417801599993254
equal_iterations,F16,SOS,9,1520.2487172602662,60030,500,14.729963000005228
equal_iterations,F16,ES,0,23474.52858253234,105030,500,24.229588599991985
equal_iterations,F16,ES,1,847.7663680179656,105030,500,26.448703399990336
equal_iterations,F16,ES,2,3566.3594608141875,105030,500,24.92382060000091
equal_iterations,F16,ES,3,1652.2448338063489,105030,500,25.619183900009375
equal_iterations,F16,ES,4,2519.862144451644,105030,500,24.17088840001088
equal_iterations,F16,ES,5,1482.329237516196,105030,500,25.264874500004225
equal_iterations,F16,ES,6,2761.3978547749743,105030,500,26.322089400011464
equal_iterations,F16,ES,7,1993.7921032915885,105030,500,26.22957349999342
equal_iterations,F16,ES,8,2371.9979186827677,105030,500,25.775046399998246
equal_iterations,F16,ES,9,10100.033217553619,105030,500,25.9366660000087
equal_iterations,F16,FA,0,21038039489.947407,217524,500,43.256311100005405
equal_iterations,F16,FA,1,29612684906.471207,217527,500,40.79465580001124
equal_iterations,F16,FA,2,25858834466.043137,217519,500,36.478214200004004
equal_iterations,F16,FA,3,9048994310.28357,217538,500,36.21381590000237
equal_iterations,F16,FA,4,32028020448.45597,217528,500,36.69883460001438
equal_iterations,F16,FA,5,27996828027.846546,217526,500,36.29829570000584
equal_iterations,F16,FA,6,11732765709.74257,217542,500,36.32943699999305
equal_iterations,F16,FA,7,13960893455.715076,217536,500,35.748781000002054
equal_iterations,F16,FA,8,12403500730.8825,217531,500,35.46346229998744
equal_iterations,F16,FA,9,11507788605.618088,217525,500,35.34609669999918
equal_iterations,F17,HS,0,5150071670.906208,530,500,0.44897889999265317
equal_iterations,F17,HS,1,1882129137.0681124,530,500,0.5594103000039468
equal_iterations,F17,HS,2,194478148563.19925,530,500,0.5679381999943871
equal_iterations,F17,HS,3,76365177809.71146,530,500,0.4586522000026889
equal_iterations,F17,HS,4,34760051325.19184,530,500,0.5900219000031939
equal_iterations,F17,HS,5,156139821553.3917,530,500,0.47511860000668094
equal_iterations,F17,HS,6,353455189438.47784,530,500,0.4640069999877596
equal_iterations,F17,HS,7,36880916234.97812,530,500,0.4579444999981206
equal_iterations,F17,HS,8,13315804657.592054,530,500,0.4841339999984484
equal_iterations,F17,HS,9,2102495545.4474595,530,500,0.4781065999995917
equal_iterations,F17,LSHADE,0,2725.17900668565,8569,500,9.512229100000695
equal_iterations,F17,LSHADE,1,4453.657594305396,8569,500,9.72195809999539
equal_iterations,F17,LSHADE,2,3337.422746803578,8569,500,7.338060099995346
equal_iterations,F17,LSHADE,3,2631.4837963060554,8569,500,9.395634799991967
equal_iterations,F17,LSHADE,4,3087.88783417616,8569,500,9.468335100013064
equal_iterations,F17,LSHADE,5,4946.814505950464,8569,500,9.589169400001992
equal_iterations,F17,LSHADE,6,2570.0826338512034,8569,500,9.662389099990833
equal_iterations,F17,LSHADE,7,2809.02975807218,8569,500,9.9547356999974
equal_iterations,F17,LSHADE,8,4232.911311231241,8569,500,8.738728299998911
equal_iterations,F17,LSHADE,9,2827.8802301430896,8569,500,10.03814710000006
equal_iterations,F17,PSO,0,377898.9871028707,15030,500,11.580594300001394
equal_iterations,F17,PSO,1,315609.6572323879,15030,500,11.067530800006352
equal_iterations,F17,PSO,2,3237059362.0772524,15030,500,12.059780999989016
equal_iterations,F17,PSO,3,94125.95986184066,15030,500,11.83379689999856
equal_iterations,F17,PSO,4,10107288.083990974,15030,500,14.034414900001138
equal_iterations,F17,PSO,5,225469.454789696,15030,500,13.751134300007834
equal_iterations,F17,PSO,6,86536.64577935537,15030,500,11.072369600005914
equal_iterations,F17,PSO,7,374264.83044367156,15030,500,13.778081199998269
equal_iterations,F17,PSO,8,3206321.3666245295,15030,500,14.507000199999311
equal_iterations,F17,PSO,9,410875.91462669667,15030,500,14.255865400002222
equal_iterations,F17,GWO,0,43519.33165791413,15030,500,12.255609100000584
equal_iterations,F17,GWO,1,74260.35820138892,15030,500,12.877077099998132
equal_iterations,F17,GWO,2,27799.92899051289,15030,500,11.73067330000049
equal_iterations,F17,GWO,3,68065.69082032448,15030,500,12.909064999999828
equal_iterations,F17,GWO,4,65561.89205988575,15030,500,11.643820999990567
equal_iterations,F17,GWO,5,52310.00328285943,15030,500,14.065778600008343
equal_iterations,F17,GWO,6,66673.1388367852,15030,500,11.687122599993018
equal_iterations,F17,GWO,7,82343.77708069874,15030,500,11.593792300001951
equal_iterations,F17,GWO,8,58104.538107600805,15030,500,11.673583800002234
equal_iterations,F17,GWO,9,39114.65287571515,15030,500,12.404660400003195
equal_iterations,F17,HHO,0,113964.7677483715,28022,500,25.40149969999038
equal_iterations,F17,HHO,1,31989.675190495498,27714,500,24.37470550001308
equal_iterations,F17,HHO,2,84305.19471314091,27646,500,20.686812400002964
equal_iterations,F17,HHO,3,93213.71760937484,27396,500,25.02163940000173
equal_iterations,F17,HHO,4,60157.21983902616,27766,500,25.656448900001124
equal_iterations,F17,HHO,5,37963.34360556955,27792,500,26.041828599991277
equal_iterations,F17,HHO,6,131088.46044010535,27618,500,25.538024300010875
equal_iterations,F17,HHO,7,49283.13773301795,27856,500,24.693199000001187
equal_iterations,F17,HHO,8,108560.47610675548,27286,500,26.247660199995153
equal_iterations,F17,HHO,9,57441.69257635236,27426,500,26.629861100009293
equal_iterations,F17,BFO,0,6028.695143462562,27303,500,22.89315259999421
equal_iterations,F17,BFO,1,6540.395130247058,27300,500,25.782859599989024
equal_iterations,F17,BFO,2,5229.7634513494295,26992,500,20.40789319999749
equal_iterations,F17,BFO,3,43812.16942027815,27711,500,21.097139299992705
equal_iterations,F17,BFO,4,12844.456832725271,27512,500,25.606962599995313
equal_iterations,F17,BFO,5,9814.54410796013,27208,500,24.53331350001099
equal_iterations,F17,BFO,6,45695.90496307342,27951,500,21.300285199991777
equal_iterations,F17,BFO,7,23106.034823277638,27869,500,26.435172400000738
equal_iterations,F17,BFO,8,15639.365394691795,27480,500,23.31448359999922
equal_iterations,F17,BFO,9,25617.365429516758,27667,500,20.99429170000076
equal_iterations,F17,TSA,0,2799129.3929574075,45103,500,49.926107000006596
equal_iterations,F17,TSA,1,364651.4753167191,45238,500,47.18878219999897
equal_iterations,F17,TSA,2,973065.7226730476,45135,500,48.00461559998803
equal_iterations,F17,TSA,3,455522.5963653513,44896,500,49.331222299995716
equal_iterations,F17,TSA,4,7753785.95661588,45089,500,42.7220418999932
equal_iterations,F17,TSA,5,1727708.140719193,45226,500,46.68068069999572
equal_iterations,F17,TSA,6,842592.3924878512,44920,500,51.539714400001685
equal_iterations,F17,TSA,7,157026.3700207202,44990,500,52.98016570000618
equal_iterations,F17,TSA,8,1324946.488402921,44624,500,49.76555029999872
equal_iterations,F17,TSA,9,2100153.913266407,45250,500,52.761463300004834
equal_iterations,F17,SOS,0,2000.4224713846188,60030,500,51.71621670000604
equal_iterations,F17,SOS,1,3058.0919979082173,60030,500,58.38866209999833
equal_iterations,F17,SOS,2,2624.457763537329,60030,500,47.7858322999964
equal_iterations,F17,SOS,3,2242.7796032651795,60030,500,53.14466560000437
equal_iterations,F17,SOS,4,3530.4116796151243,60030,500,48.665202000003774
equal_iterations,F17,SOS,5,2530.7388074971423,60030,500,51.17423430000781
equal_iterations,F17,SOS,6,2333.066656387172,60030,500,46.99435179999273
equal_iterations,F17,SOS,7,3139.002189417276,60030,500,54.01524750000681
equal_iterations,F17,SOS,8,2600.3842470268046,60030,500,47.72528070000408
equal_iterations,F17,SOS,9,2387.983436112128,60030,500,52.54676060000202
equal_iterations,F17,ES,0,4988.432284783388,105030,500,80.57482059999893
equal_iterations,F17,ES,1,3477.7802367872837,105030,500,80.19723240000894
equal_iterations,F17,ES,2,35285.35003603368,105030,500,80.04715089999081
equal_iterations,F17,ES,3,3716.248674598599,105030,500,79.03262490000634
equal_iterations,F17,ES,4,3505.7904222306133,105030,500,79.99389719999454
equal_iterations,F17,ES,5,4416.476093455262,105030,500,82.11896580000757
equal_iterations,F17,ES,6,2970.480926917244,105030,500,80.7198422000074
equal_iterations,F17,ES,7,3114.6108633053373,105030,500,82.1903134999884
equal_iterations,F17,ES,8,4923.112348911889,105030,500,76.92962500000431
equal_iterations,F17,ES,9,27446.262942955138,105030,500,79.45363469999575
equal_iterations,F17,FA,0,4.658677746334415e+16,217530,500,139.3124289999978
equal_iterations,F17,FA,1,1.4686490424753522e+16,217519,500,139.5163365000044
equal_iterations,F17,FA,2,1.1045827920737902e+16,217543,500,126.20100970000203
equal_iterations,F17,FA,3,5415382261448872.0,217529,500,125.2038232999912
equal_iterations,F17,FA,4,2.1277796488404275e+17,217533,500,124.79152330000943
equal_iterations,F17,FA,5,5.760378493834225e+16,217522,500,124.73759900000005
equal_iterations,F17,FA,6,8.303422408623326e+16,217538,500,124.07758379999723
equal_iterations,F17,FA,7,3602459399163237.5,217539,500,122.67010940000182
equal_iterations,F17,FA,8,3.665794602693555e+17,217529,500,122.92602150001039
equal_iterations,F17,FA,9,7430819423496129.0,217536,500,121.88079619999917
equal_iterations,F18,HS,0,7108171.612469365,530,500,0.11157649999950081
equal_iterations,F18,HS,1,15096083.667812165,530,500,0.10867889999644831
equal_iterations,F18,HS,2,16889316.67919,530,500,0.16598579999117646
equal_iterations,F18,HS,3,4686455.843036432,530,500,0.11484529999142978
equal_iterations,F18,HS,4,31077901.606504355,530,500,0.1576035000034608
equal_iterations,F18,HS,5,15442421.217325008,530,500,0.11244900000747293
equal_iterations,F18,HS,6,5836884.346561152,530,500,0.16268579999450594
equal_iterations,F18,HS,7,12726375.61254865,530,500,0.16712790000019595
equal_iterations,F18,HS,8,4858910.958946479,530,500,0.1412763999978779
equal_iterations,F18,HS,9,23929676.780292414,530,500,0.17663570000149775
equal_iterations,F18,LSHADE,0,15096.907154414183,8569,500,2.4325367999990704
equal_iterations,F18,LSHADE,1,30192.008375907582,8569,500,2.421136800010572
equal_iterations,F18,LSHADE,2,17736.866598897148,8569,500,1.6887570999970194
equal_iterations,F18,LSHADE,3,7621.064838105427,8569,500,2.504901299995254
equal_iterations,F18,LSHADE,4,26087.446725208953,8569,500,2.5164904999983264
equal_iterations,F18,LSHADE,5,19211.083783929374,8569,500,1.8311198000010336
equal_iterations,F18,LSHADE,6,15333.915943796072,8569,500,1.7234769000060624
equal_iterations,F18,LSHADE,7,16637.356070598107,8569,500,2.5921969000046374
equal_iterations,F18,LSHADE,8,54855.60462718387,8569,500,2.4652123999985633
equal_iterations,F18,LSHADE,9,38191.51062163819,8569,500,1.8886603999999352
equal_iterations,F18,PSO,0,233366.28325930593,15030,500,1.2147550000081537
equal_iterations,F18,PSO,1,287751.43177593534,15030,500,1.190741699989303
equal_iterations,F18,PSO,2,1625963.2261456468,15030,500,1.2519460000039544
equal_iterations,F18,PSO,3,4910093.045421927,15030,500,1.6942101000022376
equal_iterations,F18,PSO,4,2387683.9780552783,15030,500,1.1954627000086475
equal_iterations,F18,PSO,5,240233.89892404946,15030,500,1.6907246000046143
equal_iterations,F18,PSO,6,469814.10348968126,15030,500,1.204899900010787
equal_iterations,F18,PSO,7,11222579.950795833,15030,500,1.2360564999980852
equal_iterations,F18,PSO,8,192331.21017061936,15030,500,1.615198600004078
equal_iterations,F18,PSO,9,122666.76070392187,15030,500,1.6235427000065101
equal_iterations,F18,GWO,0,60232.24210154596,15030,500,2.4906374999991385
equal_iterations,F18,GWO,1,76714.41355974985,15030,500,2.35560290000285
equal_iterations,F18,GWO,2,144283.42396161106,15030,500,1.8522860999946715
equal_iterations,F18,GWO,3,146974.23091495622,15030,500,1.8724783000070602
equal_iterations,F18,GWO,4,6273526.095219165,15030,500,1.888809999989462
equal_iterations,F18,GWO,5,146265.10404652072,15030,500,1.8622912999999244
equal_iterations,F18,GWO,6,80965.32757319877,15030,500,1.8900063000037335
equal_iterations,F18,GWO,7,145297.27894569648,15030,500,2.408866300000227
equal_iterations,F18,GWO,8,1569996.2665773393,15030,500,2.423655600010534
equal_iterations,F18,GWO,9,1528155.3384650967,15030,500,2.040497200010577
equal_iterations,F18,HHO,0,121602.89347741207,28058,500,3.539492900003097
equal_iterations,F18,HHO,1,141779.71482112203,27984,500,3.2081060000055004
equal_iterations,F18,HHO,2,143920.92428183975,27496,500,3.4023313999932725
equal_iterations,F18,HHO,3,94722.18982228139,27816,500,2.813548100006301
equal_iterations,F18,HHO,4,151812.21735042625,27806,500,2.569326099997852
equal_iterations,F18,HHO,5,121536.66625996142,27892,500,2.8558970000012778
equal_iterations,F18,HHO,6,79710.84260236371,27726,500,3.3235352999909082
equal_iterations,F18,HHO,7,113191.7981819942,27858,500,2.8358767000027
equal_iterations,F18,HHO,8,184104.5792741623,27444,500,3.4330267000041204
equal_iterations,F18,HHO,9,202903.07718939785,28230,500,3.48559280000336
equal_iterations,F18,BFO,0,115992.1496957569,26313,500,2.5616322999994736
equal_iterations,F18,BFO,1,103189.8236302045,25673,500,3.4914816000091378
equal_iterations,F18,BFO,2,104599.26740622902,26033,500,3.4890359999990324
equal_iterations,F18,BFO,3,116063.07563743407,26227,500,2.6205094999895664
equal_iterations,F18,BFO,4,108128.48016055753,26335,500,2.8294712000060827
equal_iterations,F18,BFO,5,147500.89371530566,26272,500,3.6457205999904545
equal_iterations,F18,BFO,6,99709.94861021757,26009,500,2.5281520999997156
equal_iterations,F18,BFO,7,91890.29411717178,26149,500,2.5533705999987433
equal_iterations,F18,BFO,8,111566.7473576012,26249,500,2.5653034999995725
equal_iterations,F18,BFO,9,106468.40065240214,25990,500,2.5313916000013705
equal_iterations,F18,TSA,0,285085.9914913505,45063,500,11.754116300013266
equal_iterations,F18,TSA,1,312465.66230259265,45324,500,12.157771900005173
equal_iterations,F18,TSA,2,285894.1761184632,44971,500,12.103258599992841
equal_iterations,F18,TSA,3,432689.202963408,44907,500,14.364559599998756
equal_iterations,F18,TSA,4,392891.9431757611,45165,500,14.535582899989095
equal_iterations,F18,TSA,5,283499.2875434731,45063,500,12.686974399999599
equal_iterations,F18,TSA,6,382716.89449377236,44970,500,14.603363599992008
equal_iterations,F18,TSA,7,187871.31644237944,45301,500,13.059816699998919
equal_iterations,F18,TSA,8,402597.5937175919,44794,500,12.852892399998382
equal_iterations,F18,TSA,9,246456.40050369845,44907,500,14.24917359999381
equal_iterations,F18,SOS,0,31305.07973311579,60030,500,8.680613199991058
equal_iterations,F18,SOS,1,42226.4219851566,60030,500,8.896482299998752
equal_iterations,F18,SOS,2,517623.012722959,60030,500,6.5802189000096405
equal_iterations,F18,SOS,3,19910.547135184745,60030,500,8.645686400006525
equal_iterations,F18,SOS,4,30681.79824210292,60030,500,6.43352550000418
equal_iterations,F18,SOS,5,14177.64067071022,60030,500,8.399471600001561
equal_iterations,F18,SOS,6,48931.33513529353,60030,500,9.05558960000053
equal_iterations,F18,SOS,7,31160.502184568766,60030,500,6.631849900004454
equal_iterations,F18,SOS,8,18599.229036600547,60030,500,8.571558700001333
equal_iterations,F18,SOS,9,32801.66476491028,60030,500,6.467193700009375
equal_iterations,F18,ES,0,41677.61842852215,105030,500,10.990780299995095
equal_iterations,F18,ES,1,97549.13510114061,105030,500,11.291038099996513
equal_iterations,F18,ES,2,99844.56981625463,105030,500,11.14278719999129
equal_iterations,F18,ES,3,143350.45880844595,105030,500,10.999371999991126
equal_iterations,F18,ES,4,84348.05074570116,105030,500,12.621484999996028
equal_iterations,F18,ES,5,97240.24838804951,105030,500,11.528668200000538
equal_iterations,F18,ES,6,131386.43115841923,105030,500,13.065472999995109
equal_iterations,F18,ES,7,97935.91160563935,105030,500,12.400902399996994
equal_iterations,F18,ES,8,79408.74761256247,105030,500,12.915373499999987
equal_iterations,F18,ES,9,36305.566034390235,105030,500,10.873391000000993
equal_iterations,F18,FA,0,1153619377.4863615,217535,500,19.931178799990448
equal_iterations,F18,FA,1,744609579.1736534,217546,500,20.039128599994
equal_iterations,F18,FA,2,404635988.6747845,217538,500,17.056699599997955
equal_iterations,F18,FA,3,268709532.2431606,217516,500,16.92877290000615
equal_iterations,F18,FA,4,87803498.12676853,217514,500,16.72970969999733
equal_iterations,F18,FA,5,670262735.1342357,217518,500,16.947857999999542
equal_iterations,F18,FA,6,845212325.4543236,217546,500,17.10499810001056
equal_iterations,F18,FA,7,73166505.19527052,217534,500,16.32778769999277
equal_iterations,F18,FA,8,181988141.64659405,217539,500,15.302839299998595
equal_iterations,F18,FA,9,163125280.25101775,217540,500,15.477192899998045
equal_iterations,F19,HS,0,63612579946.23986,530,500,0.2715808999928413
equal_iterations,F19,HS,1,86779649679.91406,530,500,0.37031920001027174
equal_iterations,F19,HS,2,16461466535.70751,530,500,0.28768520000448916
equal_iterations,F19,HS,3,34502710211.26526,530,500,0.36975430000165943
equal_iterations,F19,HS,4,36458691253.465614,530,500,0.38607320000301115
equal_iterations,F19,HS,5,21966625508.384167,530,500,0.35224120000202674
equal_iterations,F19,HS,6,51503734701.092285,530,500,0.41839589999290183
equal_iterations,F19,HS,7,526695730952.1235,530,500,0.37835050000285264
equal_iterations,F19,HS,8,31534214491.756996,530,500,0.374038499998278
equal_iterations,F19,HS,9,22679739272.39014,530,500,0.37242859999241773
equal_iterations,F19,LSHADE,0,10158.222113653912,8569,500,4.335818099993048
equal_iterations,F19,LSHADE,1,11159.26260272465,8569,500,4.261971600004472
equal_iterations,F19,LSHADE,2,9466.100360593526,8569,500,5.985199899994768
equal_iterations,F19,LSHADE,3,3380.5270518705083,8569,500,4.333801500004483
equal_iterations,F19,LSHADE,4,26031.95214125814,8569,500,5.3636679999908665
equal_iterations,F19,LSHADE,5,13585.31006544256,8569,500,5.5874248999898555
equal_iterations,F19,LSHADE,6,58590.6417300256,8569,500,5.096440399996936
equal_iterations,F19,LSHADE,7,6238.270508623051,8569,500,4.30160189999151
equal_iterations,F19,LSHADE,8,20048.8237961606,8569,500,5.704787700000452
equal_iterations,F19,LSHADE,9,37491.63355935912,8569,500,4.303431799999089
equal_iterations,F19,PSO,0,7969365402.968682,15030,500,7.644676399999298
equal_iterations,F19,PSO,1,7969464945.380163,15030,500,6.0194149000017205
equal_iterations,F19,PSO,2,64688084925.4157,15030,500,7.022518700003275
equal_iterations,F19,PSO,3,1718450349715.5527,15030,500,6.300151000003098
equal_iterations,F19,PSO,4,151974171141.02493,15030,500,5.766695400001481
equal_iterations,F19,PSO,5,86826305100.01074,15030,500,7.584509099993738
equal_iterations,F19,PSO,6,11121288451.250244,15030,500,7.212000300001819
equal_iterations,F19,PSO,7,56432168738.89765,15030,500,6.329044699989026
equal_iterations,F19,PSO,8,24586370539.26161,15030,500,7.540154100002837
equal_iterations,F19,PSO,9,7969358039.655818,15030,500,6.808362099996884
equal_iterations,F19,GWO,0,8574525774.78994,15030,500,7.0515507999953115
equal_iterations,F19,GWO,1,75139.81120204396,15030,500,7.473469400007161
equal_iterations,F19,GWO,2,5419968602.806926,15030,500,6.84350689999701
equal_iterations,F19,GWO,3,9840675.496750891,15030,500,6.366348099996685
equal_iterations,F19,GWO,4,205819342.1509571,15030,500,8.085038599994732
equal_iterations,F19,GWO,5,1878152.6375011904,15030,500,8.113495600002352
equal_iterations,F19,GWO,6,829720408.0164477,15030,500,7.464870699986932
equal_iterations,F19,GWO,7,1883362183.72867,15030,500,8.101669399999082
equal_iterations,F19,GWO,8,189549864.6091176,15030,500,8.496223299996927
equal_iterations,F19,GWO,9,650907742.4805812,15030,500,8.142947799991816
equal_iterations,F19,HHO,0,899230.224089289,27678,500,14.453002800000831
equal_iterations,F19,HHO,1,1899916.3308587712,27956,500,14.740994300009334
equal_iterations,F19,HHO,2,596144.6243147803,27830,500,10.846962900002836
equal_iterations,F19,HHO,3,2689675.589384282,27544,500,11.003424399998039
equal_iterations,F19,HHO,4,709198.4692273465,27490,500,10.694986700007576
equal_iterations,F19,HHO,5,1635824.7890099178,27550,500,10.75595130000147
equal_iterations,F19,HHO,6,998462.5787636437,27560,500,13.48533260000113
equal_iterations,F19,HHO,7,336363.8649155666,27786,500,14.032803900001454
equal_iterations,F19,HHO,8,727466.1875963622,27746,500,10.860395099996822
equal_iterations,F19,HHO,9,361583.6971076268,27314,500,11.399784500012174
equal_iterations,F19,BFO,0,111226.98335406384,26309,500,13.41725349999615
equal_iterations,F19,BFO,1,97063.08276689968,26828,500,10.685862700003781
equal_iterations,F19,BFO,2,132913.28169595706,26576,500,12.95580150000751
equal_iterations,F19,BFO,3,53483.647360387426,26553,500,10.748232300000382
equal_iterations,F19,BFO,4,46590.995223461105,26165,500,10.716149300002144
equal_iterations,F19,BFO,5,78560.2362390178,26770,500,11.238474199999473
equal_iterations,F19,BFO,6,90610.03247541135,26291,500,10.428951999987476
equal_iterations,F19,BFO,7,43688.21157492268,26552,500,14.3175951000012
equal_iterations,F19,BFO,8,136973.89324581777,26456,500,13.177297900008853
equal_iterations,F19,BFO,9,154228.708552023,26720,500,11.145250899993698
equal_iterations,F19,TSA,0,7182.2988418315545,44765,500,27.444892400002573
equal_iterations,F19,TSA,1,13508.271779343166,45051,500,26.708263499996974
equal_iterations,F19,TSA,2,13924.461312804317,45284,500,34.04743749999034
equal_iterations,F19,TSA,3,4146.582572856927,44907,500,26.443198999986635
equal_iterations,F19,TSA,4,9898.059161365723,45265,500,34.115514999997686
equal_iterations,F19,TSA,5,17970.68573881923,44894,500,33.781846400001086
equal_iterations,F19,TSA,6,110143.35723824917,45184,500,33.19832609999867
equal_iterations,F19,TSA,7,51666.052109830816,45274,500,30.63538530000369
equal_iterations,F19,TSA,8,6760.477795132029,44945,500,31.972698800003855
equal_iterations,F19,TSA,9,40669.064854222495,45088,500,31.059199800001807
equal_iterations,F19,SOS,0,26818.406171596267,60030,500,31.725887600012356
equal_iterations,F19,SOS,1,59614.34314428576,60030,500,28.56465689999459
equal_iterations,F19,SOS,2,2774.3340699843034,60030,500,28.162153600002057
equal_iterations,F19,SOS,3,37541.27600483973,60030,500,24.44386030000169
equal_iterations,F19,SOS,4,2368.874738432489,60030,500,24.57091280000168
equal_iterations,F19,SOS,5,23071.685394792636,60030,500,25.52212240001245
equal_iterations,F19,SOS,6,3835.3337952025204,60030,500,30.95460909999383
equal_iterations,F19,SOS,7,63547.081178365275,60030,500,24.85429109999677
equal_iterations,F19,SOS,8,11962.543040333738,60030,500,24.781934300001012
equal_iterations,F19,SOS,9,2132.5928208391438,60030,500,24.585362600002554
equal_iterations,F19,ES,0,155485.0750237599,105030,500,45.946329999991576
equal_iterations,F19,ES,1,31371.91525121274,105030,500,45.06631799999741
equal_iterations,F19,ES,2,7889.370058894093,105030,500,41.49644889999763
equal_iterations,F19,ES,3,27856.324347635924,105030,500,42.311266200005775
equal_iterations,F19,ES,4,103400.73283573863,105030,500,44.897855200004415
equal_iterations,F19,ES,5,16779.897152375124,105030,500,45.30284850001044
equal_iterations,F19,ES,6,12000.26850111283,105030,500,43.61809869999706
equal_iterations,F19,ES,7,55134.76568810921,105030,500,40.847012599988375
equal_iterations,F19,ES,8,69576.8771956908,105030,500,44.91390820000379
equal_iterations,F19,ES,9,54265.8041912331,105030,500,41.726709700000356
equal_iterations,F19,FA,0,1800916331367908.0,217539,500,72.90022409999801
equal_iterations,F19,FA,1,9361486896848314.0,217560,500,74.2849722999963
equal_iterations,F19,FA,2,1.4499474565111542e+17,217537,500,65.52236119999725
equal_iterations,F19,FA,3,1.6764557514293118e+16,217536,500,66.68552970000019
equal_iterations,F19,FA,4,6603427527714969.0,217530,500,65.39992140000686
equal_iterations,F19,FA,5,194412058077166.84,217535,500,64.00068779999856
equal_iterations,F19,FA,6,7.334448234432957e+16,217527,500,63.00560430000769
equal_iterations,F19,FA,7,2089234058030658.5,217530,500,62.04815119999694
equal_iterations,F19,FA,8,4242941213346.3716,217533,500,62.909610900009284
equal_iterations,F19,FA,9,3.212744312792853e+16,217531,500,62.010793299996294
equal_iterations,F20,HS,0,7066.565603269775,530,500,0.46632920000411104
equal_iterations,F20,HS,1,8630.048309564965,530,500,0.545549000002211
equal_iterations,F20,HS,2,7542.53756526158,530,500,0.4852016999939224
equal_iterations,F20,HS,3,8942.592856151841,530,500,0.465964899995015
equal_iterations,F20,HS,4,7211.067304970283,530,500,0.6154619999870192
equal_iterations,F20,HS,5,7432.199796689808,530,500,0.6725505999929737
equal_iterations,F20,HS,6,6416.746279134375,530,500,0.594179499996244
equal_iterations,F20,HS,7,5968.181310760632,530,500,0.6082542000076501
equal_iterations,F20,HS,8,6941.784890749845,530,500,0.49864930000330787
equal_iterations,F20,HS,9,7663.64832701807,530,500,0.6968147000006866
equal_iterations,F20,LSHADE,0,1892.0203275069987,8569,500,9.276184900008957
equal_iterations,F20,LSHADE,1,1658.6203642440128,8569,500,9.975042199992458
equal_iterations,F20,LSHADE,2,1970.2706826270132,8569,500,9.986725999988266
equal_iterations,F20,LSHADE,3,1975.2136261758594,8569,500,7.851088600000367
equal_iterations,F20,LSHADE,4,1811.9029409112316,8569,500,8.918887499996345
equal_iterations,F20,LSHADE,5,1842.5177255686924,8569,500,7.875532400008524
equal_iterations,F20,LSHADE,6,1758.151356971363,8569,500,7.568985100006103
equal_iterations,F20,LSHADE,7,1865.7435057019775,8569,500,9.882122299997718
equal_iterations,F20,LSHADE,8,1797.4661121827764,8569,500,9.712598899990553
equal_iterations,F20,LSHADE,9,2054.3475568008544,8569,500,7.591789900005097
equal_iterations,F20,PSO,0,2283.4837977309926,15030,500,11.369521200002055
equal_iterations,F20,PSO,1,2467.833213055438,15030,500,14.017898000005516
equal_iterations,F20,PSO,2,3409.09980952053,15030,500,14.393137899998692
equal_iterations,F20,PSO,3,2894.9365475906616,15030,500,14.783709999988787
equal_iterations,F20,PSO,4,5030.488898970668,15030,500,14.43912779999664
equal_iterations,F20,PSO,5,3449.4288422738414,15030,500,14.022944399999687
equal_iterations,F20,PSO,6,4602.371912205228,15030,500,15.007879400000093
equal_iterations,F20,PSO,7,2529.4526381684595,15030,500,14.470005399998627
equal_iterations,F20,PSO,8,3586.834592215599,15030,500,12.829977400004282
equal_iterations,F20,PSO,9,3996.033849593045,15030,500,14.054166399990208
equal_iterations,F20,GWO,0,2258.760822106093,15030,500,15.545665800003917
equal_iterations,F20,GWO,1,3650.3462930904348,15030,500,15.051824099995429
equal_iterations,F20,GWO,2,2908.442160229864,15030,500,13.619105400008266
equal_iterations,F20,GWO,3,2985.227280562223,15030,500,15.243705800006865
equal_iterations,F20,GWO,4,2264.687216034524,15030,500,15.228726200002711
equal_iterations,F20,GWO,5,2915.4618981515773,15030,500,13.409880199993495
equal_iterations,F20,GWO,6,2609.167473945857,15030,500,13.968248099990888
equal_iterations,F20,GWO,7,2293.3978510435263,15030,500,15.434499800001504
equal_iterations,F20,GWO,8,2848.653133839316,15030,500,14.70501730000251
equal_iterations,F20,GWO,9,2438.2655403478575,15030,500,14.937824799999362
equal_iterations,F20,HHO,0,10013.815316935797,27832,500,26.87986999998975
equal_iterations,F20,HHO,1,3561.0852631102375,27642,500,26.616828400001395
equal_iterations,F20,HHO,2,5214.678752221691,27566,500,21.251003599987598
equal_iterations,F20,HHO,3,6151.035892497867,27774,500,22.04116609999619
equal_iterations,F20,HHO,4,6708.720966266876,27672,500,21.50168620000477
equal_iterations,F20,HHO,5,3492.427829255266,27570,500,24.332374699995853
equal_iterations,F20,HHO,6,6769.728274436651,27510,500,21.835378200004925
equal_iterations,F20,HHO,7,3559.60273673734,27258,500,21.718575499995495
equal_iterations,F20,HHO,8,3828.801080985393,28142,500,29.521592100005364
equal_iterations,F20,HHO,9,4425.644352100435,27748,500,28.73447650000162
equal_iterations,F20,BFO,0,6786.981500760187,22765,500,23.2051788999961
equal_iterations,F20,BFO,1,3603.640129517489,22218,500,24.9378141000052
equal_iterations,F20,BFO,2,4620.170964114426,22430,500,17.23521489999257
equal_iterations,F20,BFO,3,3124.418629179101,22322,500,18.003818400000455
equal_iterations,F20,BFO,4,3415.4020437213494,22333,500,25.80623139999807
equal_iterations,F20,BFO,5,4987.570333102894,22507,500,23.190218200004892
equal_iterations,F20,BFO,6,4325.147798028598,22556,500,26.425320700000157
equal_iterations,F20,BFO,7,4293.9963398511445,22126,500,25.15245189999405
equal_iterations,F20,BFO,8,5176.638773497059,22444,500,24.457082799999625
equal_iterations,F20,BFO,9,4213.001923403306,22255,500,23.99301849999756
equal_iterations,F20,TSA,0,2896.1718362805855,44972,500,73.92592140000488
equal_iterations,F20,TSA,1,1989.9520371611811,45346,500,71.56300420001207
equal_iterations,F20,TSA,2,2937.6047014873234,45132,500,73.02794079999148
equal_iterations,F20,TSA,3,2781.642230259199,44905,500,71.1844032999943
equal_iterations,F20,TSA,4,2710.565389219581,45033,500,66.67176610000024
equal_iterations,F20,TSA,5,2835.6892104185767,44969,500,71.50779299999704
equal_iterations,F20,TSA,6,2570.478963118687,44946,500,68.9211127999879
equal_iterations,F20,TSA,7,2400.6742963025426,45346,500,73.07325439999113
equal_iterations,F20,TSA,8,2541.3442132223977,45209,500,73.0356918000034
equal_iterations,F20,TSA,9,2495.7362724564055,45232,500,70.63121910000336
equal_iterations,F20,SOS,0,2115.5230562811116,60030,500,77.32930199999828
equal_iterations,F20,SOS,1,2407.2131863065674,60030,500,80.47501359999296
equal_iterations,F20,SOS,2,1905.4926896893762,60030,500,81.88120370000252
equal_iterations,F20,SOS,3,1714.1998067161767,60030,500,82.0006171999994
equal_iterations,F20,SOS,4,1850.3917930498096,60030,500,80.90932469999825
equal_iterations,F20,SOS,5,1966.109926995251,60030,500,80.28151640000578
equal_iterations,F20,SOS,6,1853.675760411944,60030,500,82.52097460000368
equal_iterations,F20,SOS,7,1578.7924458284003,60030,500,79.63493990000279
equal_iterations,F20,SOS,8,2068.3528321102017,60030,500,79.29666340000404
equal_iterations,F20,SOS,9,1824.8163056340686,60030,500,80.9444494000054
equal_iterations,F20,ES,0,2963.211325398374,105030,500,116.43448140000692
equal_iterations,F20,ES,1,1953.6296131999547,105030,500,113.33165979999467
equal_iterations,F20,ES,2,3865.7488400305097,105030,500,115.0746475999913
equal_iterations,F20,ES,3,2697.9902366590068,105030,500,112.62548589998914
equal_iterations,F20,ES,4,2707.7697552658315,105030,500,111.20587140000134
equal_iterations,F20,ES,5,2365.989970555347,105030,500,112.34121140000934
equal_iterations,F20,ES,6,2347.9960516606134,105030,500,111.8980656000058
equal_iterations,F20,ES,7,1877.0162010955114,105030,500,111.72024670000246
equal_iterations,F20,ES,8,3159.9390552404575,105030,500,112.67859759999556
equal_iterations,F20,ES,9,2773.0969814137466,105030,500,112.92831920000026
equal_iterations,F20,FA,0,28118.52320165344,217551,500,186.00563109999348
equal_iterations,F20,FA,1,19278.91721940411,217638,500,186.6574443999998
equal_iterations,F20,FA,2,31123.953975124205,217577,500,165.62907720000658
equal_iterations,F20,FA,3,35059.7654160305,217504,500,162.77663429999666
equal_iterations,F20,FA,4,38748.62244333292,217739,500,162.4492792999954
equal_iterations,F20,FA,5,27192.097937640065,217700,500,161.97541640000418
equal_iterations,F20,FA,6,34904.531953129976,217569,500,161.22439320001286
equal_iterations,F20,FA,7,26815.57892889286,217529,500,160.85586769999645
equal_iterations,F20,FA,8,28579.766099173514,217517,500,160.9453813
equal_iterations,F20,FA,9,19978.44029432666,217754,500,159.31220040000335
equal_iterations,F21,HS,0,23115.193427309336,530,500,0.13320449998718686
equal_iterations,F21,HS,1,28317.399152311154,530,500,0.19012459999066778
equal_iterations,F21,HS,2,13187.931096745626,530,500,0.11979409999912605
equal_iterations,F21,HS,3,25780.383723695188,530,500,0.13459220000368077
equal_iterations,F21,HS,4,23379.393294058653,530,500,0.1933903999888571
equal_iterations,F21,HS,5,26551.260589828962,530,500,0.1890616000018781
equal_iterations,F21,HS,6,19375.79526343932,530,500,0.19115650000458118
equal_iterations,F21,HS,7,21280.155688378985,530,500,0.20730560000811238
equal_iterations,F21,HS,8,19321.119428737533,530,500,0.15161030000308529
equal_iterations,F21,HS,9,17174.434833324325,530,500,0.20084610000776593
equal_iterations,F21,LSHADE,0,2327.9971384906107,8569,500,2.010830500003067
equal_iterations,F21,LSHADE,1,2383.118241923651,8569,500,2.8232701999950223
equal_iterations,F21,LSHADE,2,2322.7778026556434,8569,500,2.9053889000060735
equal_iterations,F21,LSHADE,3,2371.8085750945274,8569,500,2.8370433000090998
equal_iterations,F21,LSHADE,4,2103.108933847679,8569,500,1.9712203000090085
equal_iterations,F21,LSHADE,5,2103.3778340417507,8569,500,2.923507500003325
equal_iterations,F21,LSHADE,6,2104.930852460987,8569,500,2.359240099991439
equal_iterations,F21,LSHADE,7,2330.276535571959,8569,500,2.7904264999961015
equal_iterations,F21,LSHADE,8,2406.622804807566,8569,500,2.5170717000000877
equal_iterations,F21,LSHADE,9,2387.7011488116364,8569,500,2.7238049000006868
equal_iterations,F21,PSO,0,32783.894206612495,15030,500,1.9968298000021605
equal_iterations,F21,PSO,1,32816.93062869573,15030,500,1.6836101000080816
equal_iterations,F21,PSO,2,5200.022443361077,15030,500,2.0232398999942234
equal_iterations,F21,PSO,3,24040.875848048872,15030,500,2.515924899998936
equal_iterations,F21,PSO,4,10435.058441293078,15030,500,1.6549914999923203
equal_iterations,F21,PSO,5,13938.187493281199,15030,500,2.393455699988408
equal_iterations,F21,PSO,6,8809.517076453865,15030,500,2.364410800000769
equal_iterations,F21,PSO,7,58765.0876759465,15030,500,2.0509586999978637
equal_iterations,F21,PSO,8,22890.93372720764,15030,500,2.0084815000009257
equal_iterations,F21,PSO,9,17519.81550991632,15030,500,2.1547792999917874
equal_iterations,F21,GWO,0,4990.370101014425,15030,500,3.2916528999921866
equal_iterations,F21,GWO,1,7169.332482481512,15030,500,2.92758619999222
equal_iterations,F21,GWO,2,4968.50100740555,15030,500,2.3602766999974847
equal_iterations,F21,GWO,3,7057.857834255295,15030,500,2.341857599996729
equal_iterations,F21,GWO,4,2878.4286737607595,15030,500,2.3539318999974057
equal_iterations,F21,GWO,5,4216.26118723352,15030,500,2.333960999996634
equal_iterations,F21,GWO,6,3728.28823206737,15030,500,3.11770630000683
equal_iterations,F21,GWO,7,4672.31189313051,15030,500,2.6934328000061214
equal_iterations,F21,GWO,8,7982.524483341078,15030,500,3.1494019999954617
equal_iterations,F21,GWO,9,4340.994924295901,15030,500,2.882533700001659
equal_iterations,F21,HHO,0,2431.3435998449713,27842,500,5.0237036000035005
equal_iterations,F21,HHO,1,2945.0539592149375,27846,500,5.078966700006276
equal_iterations,F21,HHO,2,2735.0270360224627,27940,500,3.4467339999973774
equal_iterations,F21,HHO,3,2753.006674279758,27626,500,3.440844799988554
equal_iterations,F21,HHO,4,2734.611782215499,27804,500,3.4530974000081187
equal_iterations,F21,HHO,5,2807.341986142005,27336,500,3.7388970000029076
equal_iterations,F21,HHO,6,2822.9812998214024,28012,500,3.4454245999950217
equal_iterations,F21,HHO,7,2766.7941423296506,27836,500,3.5140510000055656
equal_iterations,F21,HHO,8,2677.2981376586085,28018,500,3.6803526999865426
equal_iterations,F21,HHO,9,2687.005690059403,27776,500,3.59930919999897
equal_iterations,F21,BFO,0,2373.278636888876,26194,500,4.5736665000003995
equal_iterations,F21,BFO,1,2137.0694128095906,26733,500,3.694329199992353
equal_iterations,F21,BFO,2,2134.0589368180886,26998,500,4.71881890000077
equal_iterations,F21,BFO,3,2417.3421701483103,26367,500,4.687887199994293
equal_iterations,F21,BFO,4,2130.4206133354546,26881,500,3.4509153999970295
equal_iterations,F21,BFO,5,2140.3066014825163,26851,500,3.447464199998649
equal_iterations,F21,BFO,6,2736.7155873130914,26693,500,3.413758200011216
equal_iterations,F21,BFO,7,2129.059871463886,26805,500,3.646322600005078
equal_iterations,F21,BFO,8,2139.4716260038367,26621,500,4.6488635999994585
equal_iterations,F21,BFO,9,2432.57640266366,26306,500,4.887773000009474
equal_iterations,F21,TSA,0,2480.1006982412537,44887,500,15.706349800006137
equal_iterations,F21,TSA,1,2489.1645212935623,45308,500,17.096673699998064
equal_iterations,F21,TSA,2,2471.562180079291,44741,500,16.928180899994913
equal_iterations,F21,TSA,3,2494.722231179447,44963,500,16.991190000000643
equal_iterations,F21,TSA,4,3248.6995902193667,44870,500,15.46056619999581
equal_iterations,F21,TSA,5,2453.9272434736113,45692,500,16.226376799997524
equal_iterations,F21,TSA,6,2463.758174686809,45070,500,15.115626900005736
equal_iterations,F21,TSA,7,3463.154016871849,44762,500,16.820615199991153
equal_iterations,F21,TSA,8,3451.3912242168285,44738,500,13.754918500009808
equal_iterations,F21,TSA,9,2794.6038725845056,44925,500,16.992671100000734
equal_iterations,F21,SOS,0,2100.0390824829187,60030,500,11.131380799997714
equal_iterations,F21,SOS,1,2100.0809295231275,60030,500,9.185892400011653
equal_iterations,F21,SOS,2,2402.3729567463843,60030,500,8.289669400008279
equal_iterations,F21,SOS,3,2100.5269275838655,60030,500,8.314907599997241
equal_iterations,F21,SOS,4,2465.170681454777,60030,500,11.980019800001173
equal_iterations,F21,SOS,5,2102.502022461361,60030,500,12.054393300000811
equal_iterations,F21,SOS,6,2322.3695037347825,60030,500,8.334115000005113
equal_iterations,F21,SOS,7,2100.1645347706203,60030,500,8.390225700000883
equal_iterations,F21,SOS,8,2367.7329859282695,60030,500,8.338411299992003
equal_iterations,F21,SOS,9,2100.672168701643,60030,500,10.053511799997068
equal_iterations,F21,ES,0,2364.3922401144255,105030,500,16.069148599999608
equal_iterations,F21,ES,1,2437.893777825065,105030,500,16.49946700000146
equal_iterations,F21,ES,2,3049.231433325726,105030,500,14.211747499997728
equal_iterations,F21,ES,3,2127.570455802451,105030,500,14.171324099996127
equal_iterations,F21,ES,4,2456.249567307127,105030,500,14.103748099994846
equal_iterations,F21,ES,5,2314.762871431465,105030,500,16.027717400007532
equal_iterations,F21,ES,6,2643.951868609452,105030,500,14.618802700002561
equal_iterations,F21,ES,7,2114.5303686204115,105030,500,16.021018500003265
equal_iterations,F21,ES,8,2112.618155864437,105030,500,15.833585800006404
equal_iterations,F21,ES,9,3806.7062777430647,105030,500,14.891772500006482
equal_iterations,F21,FA,0,129219.0164887734,217553,500,22.88603399999556
equal_iterations,F21,FA,1,104903.24422657145,217539,500,23.365307200001553
equal_iterations,F21,FA,2,99325.13994205794,217516,500,19.825416399995447
equal_iterations,F21,FA,3,132482.0971693708,217527,500,19.754463400007808
equal_iterations,F21,FA,4,120862.54571705614,217540,500,19.607926199998474
equal_iterations,F21,FA,5,157722.96168669694,217552,500,19.865696599998046
equal_iterations,F21,FA,6,146689.33910228667,217533,500,20.53919450000103
equal_iterations,F21,FA,7,90281.53792075731,217540,500,20.46565389999887
equal_iterations,F21,FA,8,105665.20570176696,217517,500,20.898070099996403
equal_iterations,F21,FA,9,74115.75196270624,217518,500,20.898347599999397
equal_iterations,F22,HS,0,2422.8943999244993,530,500,0.30884969999897294
equal_iterations,F22,HS,1,2405.2742847180216,530,500,0.326620499996352
equal_iterations,F22,HS,2,2466.285851835976,530,500,0.41239430000132415
equal_iterations,F22,HS,3,2466.22441528328,530,500,0.45003609999548644
equal_iterations,F22,HS,4,2375.49654085997,530,500,0.4237578000029316
equal_iterations,F22,HS,5,2520.0465224775844,530,500,0.35217939999711234
equal_iterations,F22,HS,6,2438.4710612272606,530,500,0.3742578999954276
equal_iterations,F22,HS,7,2482.661279959613,530,500,0.484279800002696
equal_iterations,F22,HS,8,2427.9506093496802,530,500,0.3457108000002336
equal_iterations,F22,HS,9,2494.089068009792,530,500,0.495083000001614
equal_iterations,F22,LSHADE,0,-7533.4399732325,8569,500,5.533899400004884
equal_iterations,F22,LSHADE,1,-3685.489035721137,8569,500,5.475611000001663
equal_iterations,F22,LSHADE,2,-3081.1082930214206,8569,500,4.572023899992928
equal_iterations,F22,LSHADE,3,-1963.3927725198855,8569,500,5.048398500002804
equal_iterations,F22,LSHADE,4,-3882.410130317083,8569,500,5.329477299994323
equal_iterations,F22,LSHADE,5,-4064.172887778027,8569,500,5.022841799989692
equal_iterations,F22,LSHADE,6,-4232.028121887849,8569,500,5.757902099998319
equal_iterations,F22,LSHADE,7,42.43111501634394,8569,500,5.6382995000021765
equal_iterations,F22,LSHADE,8,-7568.65395899189,8569,500,4.691541600011988
equal_iterations,F22,LSHADE,9,1474.947607680843,8569,500,4.752429200001643
equal_iterations,F22,PSO,0,2498.558374781329,15030,500,5.189030199995614
equal_iterations,F22,PSO,1,2520.1697309549772,15030,500,4.472694500000216
equal_iterations,F22,PSO,2,2511.3767453567966,15030,500,4.440142599996761
equal_iterations,F22,PSO,3,2502.64547066976,15030,500,4.513290300004883
equal_iterations,F22,PSO,4,-1878.724147112442,15030,500,4.53847109999333
equal_iterations,F22,PSO,5,2581.3049255084106,15030,500,4.740315099988948
equal_iterations,F22,PSO,6,-2302.4021115919304,15030,500,4.828073500000755
equal_iterations,F22,PSO,7,2563.705264149823,15030,500,4.3294369999930495
equal_iterations,F22,PSO,8,2561.87231349877,15030,500,4.50537680000707
equal_iterations,F22,PSO,9,2229.8327494257856,15030,500,4.978992000003927
equal_iterations,F22,GWO,0,2234.1900328926736,15030,500,6.100882600003388
equal_iterations,F22,GWO,1,2205.136788836499,15030,500,6.048799500000314
equal_iterations,F22,GWO,2,2239.9321813755887,15030,500,6.466184900011285
equal_iterations,F22,GWO,3,2228.7812016440375,15030,500,6.483482099996763
equal_iterations,F22,GWO,4,2231.090793652285,15030,500,5.689933599991491
equal_iterations,F22,GWO,5,2231.918462202468,15030,500,6.1337902000086615
equal_iterations,F22,GWO,6,2206.071808216903,15030,500,6.099962399996002
equal_iterations,F22,GWO,7,2297.2093255271643,15030,500,5.79161159999785
equal_iterations,F22,GWO,8,2290.4502623068165,15030,500,5.685310999993817
equal_iterations,F22,GWO,9,2241.2639620196414,15030,500,6.000676399999065
equal_iterations,F22,HHO,0,962.6754004751097,27446,500,8.708285100001376
equal_iterations,F22,HHO,1,1895.5998959019291,27906,500,8.591060999999172
equal_iterations,F22,HHO,2,744.2164861240319,28028,500,7.902176300005522
equal_iterations,F22,HHO,3,2251.878297114228,28054,500,6.50129939999897
equal_iterations,F22,HHO,4,2664.142900227832,27492,500,8.114591899997322
equal_iterations,F22,HHO,5,1944.0081475531317,27726,500,7.984469200004241
equal_iterations,F22,HHO,6,2227.3490012898965,27708,500,7.837633700008155
equal_iterations,F22,HHO,7,2833.289807257502,27456,500,6.800648100004764
equal_iterations,F22,HHO,8,1183.7231535274636,27800,500,6.848519599996507
equal_iterations,F22,HHO,9,3020.20347359513,27676,500,7.676848800008884
equal_iterations,F22,BFO,0,2040.8544548510945,23160,500,6.48762089999218
equal_iterations,F22,BFO,1,2401.8597576307825,22922,500,6.489731900001061
equal_iterations,F22,BFO,2,2221.9540475079652,22965,500,5.800027699995553
equal_iterations,F22,BFO,3,1471.6452842544322,23314,500,5.962906900007511
equal_iterations,F22,BFO,4,2109.2126920016735,23376,500,6.728944899994531
equal_iterations,F22,BFO,5,1556.746900489849,22894,500,6.363930199993774
equal_iterations,F22,BFO,6,1862.4699971306784,23246,500,6.902987800000119
equal_iterations,F22,BFO,7,1975.8939266679067,23069,500,6.699473200002103
equal_iterations,F22,BFO,8,1368.2036503062457,23164,500,6.989876999999979
equal_iterations,F22,BFO,9,2089.960911122267,23004,500,6.671056599996518
equal_iterations,F22,TSA,0,2282.8180364400177,45137,500,20.336244199992507
equal_iterations,F22,TSA,1,2279.8758742525533,45012,500,20.323261600002297
equal_iterations,F22,TSA,2,2288.537073445286,45086,500,17.6284050999966
equal_iterations,F22,TSA,3,2285.864382469758,45052,500,19.666708899996593
equal_iterations,F22,TSA,4,2289.641174195028,45074,500,20.21124289999716
equal_iterations,F22,TSA,5,2278.067728690408,44939,500,20.68657419999363
equal_iterations,F22,TSA,6,2273.87804005326,45223,500,17.63847320000059
equal_iterations,F22,TSA,7,2281.828744676074,44973,500,15.909313800002565
equal_iterations,F22,TSA,8,2279.298439310085,45052,500,16.580590799989295
equal_iterations,F22,TSA,9,2279.2483842088263,45050,500,16.17369250000047
equal_iterations,F22,SOS,0,-3681.5682514372875,60030,500,12.52913009999611
equal_iterations,F22,SOS,1,-4515.316523443804,60030,500,12.416588799998863
equal_iterations,F22,SOS,2,-3396.113556210783,60030,500,15.20707869999751
equal_iterations,F22,SOS,3,-4542.42247700113,60030,500,11.800947100011399
equal_iterations,F22,SOS,4,-5089.483185235659,60030,500,11.29733970000234
equal_iterations,F22,SOS,5,-4173.761421800232,60030,500,11.34913649999362
equal_iterations,F22,SOS,6,-3126.672670628647,60030,500,11.450268100001267
equal_iterations,F22,SOS,7,-2941.9361700946965,60030,500,11.776943500008201
equal_iterations,F22,SOS,8,-443.9862664906368,60030,500,11.781673699995736
equal_iterations,F22,SOS,9,-4321.738922627475,60030,500,11.90411309999763
equal_iterations,F22,ES,0,2257.90802039466,105030,500,18.959169200010365
equal_iterations,F22,ES,1,2241.34462106498,105030,500,18.657103099991218
equal_iterations,F22,ES,2,2141.018344549121,105030,500,20.605644700000994
equal_iterations,F22,ES,3,2218.8917824190394,105030,500,20.142315499993856
equal_iterations,F22,ES,4,2127.7289670484156,105030,500,20.635712599992985
equal_iterations,F22,ES,5,2260.708074862011,105030,500,20.315462800004752
equal_iterations,F22,ES,6,2230.099663990402,105030,500,19.57583699999668
equal_iterations,F22,ES,7,2233.2858387601023,105030,500,20.35130759999447
equal_iterations,F22,ES,8,2256.579016382057,105030,500,20.102450899998075
equal_iterations,F22,ES,9,2227.106793319304,105030,500,20.38601010000275
equal_iterations,F22,FA,0,6369.847770506254,217622,500,31.252169300001697
equal_iterations,F22,FA,1,8969.531487970391,217538,500,30.987275999999838
equal_iterations,F22,FA,2,7573.5057344499955,217655,500,26.24501969999983
equal_iterations,F22,FA,3,8180.387550529449,217557,500,25.966754399996717
equal_iterations,F22,FA,4,7530.401677807167,217438,500,24.988011299996288
equal_iterations,F22,FA,5,8681.369361556171,217799,500,24.594691799997236
equal_iterations,F22,FA,6,8591.70865360949,217648,500,23.86685620000935
equal_iterations,F22,FA,7,5551.600609616577,217584,500,24.34184510000341
equal_iterations,F22,FA,8,7045.693173736193,217623,500,24.137970099996892
equal_iterations,F22,FA,9,7029.42391970409,217665,500,23.781402300010086
equal_iterations,F23,HS,0,21794.587301559965,530,500,0.15740700000606012
equal_iterations,F23,HS,1,32548.37139140373,530,500,0.15948449999268632
equal_iterations,F23,HS,2,38026.076185997255,530,500,0.21848040001350455
equal_iterations,F23,HS,3,29231.91085738613,530,500,0.22114710000460036
equal_iterations,F23,HS,4,23061.597429227604,530,500,0.18094920000294223
equal_iterations,F23,HS,5,25409.599751100795,530,500,0.22317050000128802
equal_iterations,F23,HS,6,22688.765605817192,530,500,0.2322746999998344
equal_iterations,F23,HS,7,25638.456073659752,530,500,0.2479823000030592
equal_iterations,F23,HS,8,19735.093284137685,530,500,0.24896219999936875
equal_iterations,F23,HS,9,20343.5663192145,530,500,0.2516008999955375
equal_iterations,F23,LSHADE,0,2407.2991020059135,8569,500,2.7036782000068342
equal_iterations,F23,LSHADE,1,2416.66575662239,8569,500,2.7926914999989094
equal_iterations,F23,LSHADE,2,2404.1608719123496,8569,500,2.754931299990858
equal_iterations,F23,LSHADE,3,2404.722322298803,8569,500,3.51484440000786
equal_iterations,F23,LSHADE,4,2417.651540442488,8569,500,3.762190300010843
equal_iterations,F23,LSHADE,5,2833.963581997379,8569,500,3.5908801999903517
equal_iterations,F23,LSHADE,6,2471.6988175022184,8569,500,2.70452880000812
equal_iterations,F23,LSHADE,7,2923.442975869514,8569,500,2.9837313999887556
equal_iterations,F23,LSHADE,8,2405.443838711971,8569,500,2.7536571999953594
equal_iterations,F23,LSHADE,9,2401.6022052736075,8569,500,3.8048307999997633
equal_iterations,F23,PSO,0,30666.145402600112,15030,500,4.0031572000007145
equal_iterations,F23,PSO,1,27207.173123587556,15030,500,3.9212528000061866
equal_iterations,F23,PSO,2,27588.114210509157,15030,500,3.996027699991828
equal_iterations,F23,PSO,3,18976.182539183967,15030,500,3.73194379999768
equal_iterations,F23,PSO,4,21869.71583123147,15030,500,2.9236313000001246
equal_iterations,F23,PSO,5,21144.075468198487,15030,500,2.930414299989934
equal_iterations,F23,PSO,6,59687.762663579844,15030,500,2.9162465000117663
equal_iterations,F23,PSO,7,25848.516723690893,15030,500,2.927224799990654
equal_iterations,F23,PSO,8,30169.668976401084,15030,500,3.014564800003427
equal_iterations,F23,PSO,9,25180.673208567634,15030,500,2.9850087000086205
equal_iterations,F23,GWO,0,33182.83767596667,15030,500,3.6799062000063714
equal_iterations,F23,GWO,1,7670.481176866083,15030,500,4.5825162999972235
equal_iterations,F23,GWO,2,13969.83091702198,15030,500,3.5316626999992877
equal_iterations,F23,GWO,3,9816.120556110362,15030,500,3.5070898000121815
equal_iterations,F23,GWO,4,10175.818233526988,15030,500,3.6635133999952814
equal_iterations,F23,GWO,5,7062.925772131797,15030,500,4.345731500012334
equal_iterations,F23,GWO,6,7505.083720605015,15030,500,4.37967129999015
equal_iterations,F23,GWO,7,11531.662373736683,15030,500,4.540097599994624
equal_iterations,F23,GWO,8,11080.365114654905,15030,500,3.9968191999942064
equal_iterations,F23,GWO,9,7867.894073144409,15030,500,4.358118199990713
equal_iterations,F23,HHO,0,3054.9458140762567,27592,500,7.39079240000865
equal_iterations,F23,HHO,1,2999.4185646698415,27706,500,7.663116300012916
equal_iterations,F23,HHO,2,3623.704556813478,27552,500,5.540606199996546
equal_iterations,F23,HHO,3,3829.478604151836,27786,500,5.624861400006921
equal_iterations,F23,HHO,4,3497.6409650779115,27708,500,6.822667600004934
equal_iterations,F23,HHO,5,3801.594326201288,27304,500,5.498290600007749
equal_iterations,F23,HHO,6,3826.5349629674965,27642,500,5.759763000009116
equal_iterations,F23,HHO,7,3948.3272346396484,28068,500,5.648436600007699
equal_iterations,F23,HHO,8,3739.8705089716327,27518,500,5.5779952999873785
equal_iterations,F23,HHO,9,3773.197451333117,27864,500,5.689944700003252
equal_iterations,F23,BFO,0,2504.048664757943,26915,500,5.608824599999934
equal_iterations,F23,BFO,1,2546.593256414418,26769,500,5.796277999994345
equal_iterations,F23,BFO,2,2550.6725851798997,26975,500,5.6465404000045964
equal_iterations,F23,BFO,3,2559.9845041656044,26568,500,5.5819559000083245
equal_iterations,F23,BFO,4,2517.1568676102893,26606,500,7.114370199997211
equal_iterations,F23,BFO,5,2412.714289249229,26357,500,7.178720099997008
equal_iterations,F23,BFO,6,2533.8566044969143,26878,500,5.643232500005979
equal_iterations,F23,BFO,7,2830.941148533652,26587,500,5.626118399988627
equal_iterations,F23,BFO,8,2410.4064086382223,26442,500,5.610048399990774
equal_iterations,F23,BFO,9,2562.586414589776,26635,500,7.169289400000707
equal_iterations,F23,TSA,0,2719.5991197100443,45069,500,22.3052011999971
equal_iterations,F23,TSA,1,2427.5045925795894,45402,500,22.186128900008043
equal_iterations,F23,TSA,2,2994.4905760127012,44777,500,21.845723400008865
equal_iterations,F23,TSA,3,2416.715038772098,45211,500,22.219506499997806
equal_iterations,F23,TSA,4,2922.3225788971595,44989,500,22.100599800003693
equal_iterations,F23,TSA,5,2582.6680716313303,45090,500,22.203160000004573
equal_iterations,F23,TSA,6,2606.6634726505245,44744,500,16.562123600000632
equal_iterations,F23,TSA,7,2534.2910062275764,45299,500,21.59145000000717
equal_iterations,F23,TSA,8,2427.8097688354187,45047,500,21.496731499995803
equal_iterations,F23,TSA,9,2641.078945345667,45018,500,22.009068500003195
equal_iterations,F23,SOS,0,2402.525321533653,60030,500,16.748561799991876
equal_iterations,F23,SOS,1,2400.1304717142393,60030,500,13.097837699999218
equal_iterations,F23,SOS,2,2404.100405246423,60030,500,16.7465288000094
equal_iterations,F23,SOS,3,2400.2440023070144,60030,500,16.830537299989373
equal_iterations,F23,SOS,4,2400.2430446141157,60030,500,13.079575199997635
equal_iterations,F23,SOS,5,2400.0668604566213,60030,500,13.0841986000014
equal_iterations,F23,SOS,6,2400.0139917961883,60030,500,13.068492400008836
equal_iterations,F23,SOS,7,2404.943542061421,60030,500,13.058435399987502
equal_iterations,F23,SOS,8,2901.667434910467,60030,500,13.382705199997872
equal_iterations,F23,SOS,9,2718.184286728436,60030,500,13.608585399997537
equal_iterations,F23,ES,0,4048.2023335720505,105030,500,21.911123799989582
equal_iterations,F23,ES,1,2461.202952796296,105030,500,21.428564300003927
equal_iterations,F23,ES,2,2455.6295927242677,105030,500,21.665601600005175
equal_iterations,F23,ES,3,4589.6829691956755,105030,500,21.42965429999458
equal_iterations,F23,ES,4,2519.3217843604166,105030,500,21.38441860000603
equal_iterations,F23,ES,5,3889.978908836797,105030,500,21.07008499999938
equal_iterations,F23,ES,6,2464.2361688393694,105030,500,20.89877099999285
equal_iterations,F23,ES,7,2552.638002945974,105030,500,21.20519009999407
equal_iterations,F23,ES,8,2765.1912840500363,105030,500,22.891067200005637
equal_iterations,F23,ES,9,3038.5130646226116,105030,500,22.55654730000242
equal_iterations,F23,FA,0,116042.52322411413,217529,500,34.83476090000477
equal_iterations,F23,FA,1,138278.99422849852,217534,500,35.82097319999593
equal_iterations,F23,FA,2,112209.01401300957,217538,500,30.20917780000309
equal_iterations,F23,FA,3,111860.71557758152,217543,500,28.51614829999744
equal_iterations,F23,FA,4,116682.68989823405,217550,500,28.349579300003825
equal_iterations,F23,FA,5,135534.9755590044,217532,500,28.435986199998297
equal_iterations,F23,FA,6,139224.9531530611,217543,500,27.95744420000119
equal_iterations,F23,FA,7,103532.84873815117,217534,500,27.945525500006624
equal_iterations,F23,FA,8,148984.18894955848,217549,500,27.87814420000359
equal_iterations,F23,FA,9,128598.323334112,217530,500,27.92620239999087
equal_iterations,F24,HS,0,14427.555651587132,530,500,0.14181250000547152
equal_iterations,F24,HS,1,15543.740878711329,530,500,0.20696680000401102
equal_iterations,F24,HS,2,13712.688286645624,530,500,0.1557572000019718
equal_iterations,F24,HS,3,16733.230198155346,530,500,0.2113586000050418
equal_iterations,F24,HS,4,13852.116583741812,530,500,0.22229809999407735
equal_iterations,F24,HS,5,13445.668066818007,530,500,0.1469509000016842
equal_iterations,F24,HS,6,13561.320159740724,530,500,0.18953620000684168
equal_iterations,F24,HS,7,10792.708513523572,530,500,0.23718930000904948
equal_iterations,F24,HS,8,12783.207012399482,530,500,0.2250064999971073
equal_iterations,F24,HS,9,14621.281026997756,530,500,0.13906770000176039
equal_iterations,F24,LSHADE,0,2512.352297298298,8569,500,2.276889200002188
equal_iterations,F24,LSHADE,1,2501.1551123559725,8569,500,3.2606197999994038
equal_iterations,F24,LSHADE,2,2500.922725793426,8569,500,2.986568399996031
equal_iterations,F24,LSHADE,3,2503.437747870032,8569,500,2.4181248000095366
equal_iterations,F24,LSHADE,4,2506.4294559926325,8569,500,2.4294403999956558
equal_iterations,F24,LSHADE,5,2534.2340795601613,8569,500,3.245845299999928
equal_iterations,F24,LSHADE,6,2500.5693867056398,8569,500,3.3296813999913866
equal_iterations,F24,LSHADE,7,2502.906664557471,8569,500,3.334366399998544
equal_iterations,F24,LSHADE,8,2511.610682172443,8569,500,3.3140370000037365
equal_iterations,F24,LSHADE,9,2513.6660869262255,8569,500,3.205721899998025
equal_iterations,F24,PSO,0,15578.848852247484,15030,500,3.104584900007467
equal_iterations,F24,PSO,1,15006.919518556626,15030,500,2.1555514999927254
equal_iterations,F24,PSO,2,16505.305596841812,15030,500,2.1231136999995215
equal_iterations,F24,PSO,3,17174.977671031796,15030,500,2.856562100001611
equal_iterations,F24,PSO,4,23678.31941052968,15030,500,3.1750296000100207
equal_iterations,F24,PSO,5,6619.212429829486,15030,500,3.014889600002789
equal_iterations,F24,PSO,6,19171.51188317918,15030,500,2.3049757000117097
equal_iterations,F24,PSO,7,17842.7308248818,15030,500,2.2922795999911614
equal_iterations,F24,PSO,8,15020.760433424224,15030,500,2.2889942999900086
equal_iterations,F24,PSO,9,13651.61418101591,15030,500,2.1363910999934888
equal_iterations,F24,GWO,0,8187.082425063772,15030,500,2.971044999998412
equal_iterations,F24,GWO,1,3393.012434829682,15030,500,2.970518700007233
equal_iterations,F24,GWO,2,7088.878002823035,15030,500,2.867198499996448
equal_iterations,F24,GWO,3,7313.27693671839,15030,500,2.799911499998416
equal_iterations,F24,GWO,4,5011.481791738045,15030,500,2.793333400011761
equal_iterations,F24,GWO,5,4042.8296554760554,15030,500,2.8147878000017954
equal_iterations,F24,GWO,6,6226.930165278884,15030,500,3.1086041999951703
equal_iterations,F24,GWO,7,6780.858165551622,15030,500,3.7960852999967756
equal_iterations,F24,GWO,8,4847.733928054234,15030,500,3.834289499995066
equal_iterations,F24,GWO,9,8426.8420830623,15030,500,3.8199585000111256
equal_iterations,F24,HHO,0,3347.795686159632,27834,500,6.043083200012916
equal_iterations,F24,HHO,1,3403.3780282788225,27778,500,6.302631200000178
equal_iterations,F24,HHO,2,3462.574920386287,28050,500,4.304436699996586
equal_iterations,F24,HHO,3,3352.41853108989,27790,500,4.262841399991885
equal_iterations,F24,HHO,4,3420.600035101085,27732,500,4.276449600001797
equal_iterations,F24,HHO,5,3543.521464625748,27758,500,4.28991419999511
equal_iterations,F24,HHO,6,3240.5394720531403,27474,500,4.231307299996843
equal_iterations,F24,HHO,7,3407.1372661251507,27584,500,4.248116399990977
equal_iterations,F24,HHO,8,3433.360888839006,27678,500,4.2636856000026455
equal_iterations,F24,HHO,9,3289.8435245437126,27484,500,4.21363410000049
equal_iterations,F24,BFO,0,2773.804006470329,25970,500,5.341665300002205
equal_iterations,F24,BFO,1,2576.737646286326,26348,500,5.802515699993819
equal_iterations,F24,BFO,2,2591.060761865934,26744,500,4.2229552999924636
equal_iterations,F24,BFO,3,2600.3904592735325,26795,500,4.2414099000015995
equal_iterations,F24,BFO,4,2585.217449203024,26706,500,4.248030700007803
equal_iterations,F24,BFO,5,2612.972793279074,26660,500,6.036429899992072
equal_iterations,F24,BFO,6,2579.55480329612,26474,500,4.253895300003933
equal_iterations,F24,BFO,7,2597.420038042722,26161,500,4.385942200009595
equal_iterations,F24,BFO,8,2609.9774336089426,26462,500,4.2971282999933464
equal_iterations,F24,BFO,9,2593.959566315926,26353,500,5.81061500000942
equal_iterations,F24,TSA,0,2628.447235568361,45155,500,19.46947710000677
equal_iterations,F24,TSA,1,2518.8243282375265,44652,500,19.496688400002313
equal_iterations,F24,TSA,2,2518.85432006989,44593,500,19.164543100006995
equal_iterations,F24,TSA,3,2514.312832374202,44916,500,19.214377800002694
equal_iterations,F24,TSA,4,2563.699310942553,45142,500,14.461485199994058
equal_iterations,F24,TSA,5,2577.437736570046,45031,500,18.81858839999768
equal_iterations,F24,TSA,6,2629.8045164729638,44834,500,19.58874829999695
equal_iterations,F24,TSA,7,2611.167763179658,44843,500,19.49068579998857
equal_iterations,F24,TSA,8,2515.499918015664,45380,500,16.374373300001025
equal_iterations,F24,TSA,9,2520.146272287387,44853,500,19.11465939998743
equal_iterations,F24,SOS,0,2500.4927238212563,60030,500,14.243586299999151
equal_iterations,F24,SOS,1,2500.417995597258,60030,500,10.305256599996937
equal_iterations,F24,SOS,2,2500.446793946732,60030,500,14.418134299994563
equal_iterations,F24,SOS,3,2500.02817950315,60030,500,10.165528099998483
equal_iterations,F24,SOS,4,2500.519103555346,60030,500,10.108027100010077
equal_iterations,F24,SOS,5,2500.017830552217,60030,500,10.169255000000703
equal_iterations,F24,SOS,6,2508.2361986043666,60030,500,14.523370199996862
equal_iterations,F24,SOS,7,2500.6768067809685,60030,500,10.167301600013161
equal_iterations,F24,SOS,8,2500.2266822168813,60030,500,10.250639799996861
equal_iterations,F24,SOS,9,2502.0790273238663,60030,500,10.173334899998736
equal_iterations,F24,ES,0,2564.8742173227783,105030,500,19.86755510000512
equal_iterations,F24,ES,1,2632.665632480767,105030,500,17.48512809998647
equal_iterations,F24,ES,2,2775.856456109661,105030,500,17.36922140000388
equal_iterations,F24,ES,3,2672.493825252807,105030,500,17.043606499995803
equal_iterations,F24,ES,4,2631.413746172125,105030,500,17.216074600000866
equal_iterations,F24,ES,5,2581.3921318528724,105030,500,18.819275800007745
equal_iterations,F24,ES,6,2835.6035141272996,105030,500,17.12808130000485
equal_iterations,F24,ES,7,2523.509895281756,105030,500,17.422997400004533
equal_iterations,F24,ES,8,2527.5586723390493,105030,500,17.2600739000045
equal_iterations,F24,ES,9,2881.252081155281,105030,500,18.672146099997917
equal_iterations,F24,FA,0,69613.91783843045,217537,500,28.510256000008667
equal_iterations,F24,FA,1,65736.44367739372,217537,500,29.12053700000979
equal_iterations,F24,FA,2,92072.78641057285,217545,500,24.262975300007383
equal_iterations,F24,FA,3,81795.33325342367,217524,500,23.002143300007447
equal_iterations,F24,FA,4,72576.47418594714,217537,500,22.65232580000884
equal_iterations,F24,FA,5,68052.80260518841,217533,500,22.80845959999715
equal_iterations,F24,FA,6,53193.41938200892,217534,500,22.521030400006566
equal_iterations,F24,FA,7,65025.2544867759,217512,500,23.039131800003815
equal_iterations,F24,FA,8,71268.52976605375,217553,500,22.45147799998813
equal_iterations,F24,FA,9,73270.00788820726,217553,500,21.811100999999326
equal_iterations,F25,HS,0,3905.090431019634,530,500,0.12588039999536704
equal_iterations,F25,HS,1,4140.2544027423755,530,500,0.1239962999970885
equal_iterations,F25,HS,2,5125.905145846252,530,500,0.16750340000726283
equal_iterations,F25,HS,3,4732.623779891273,530,500,0.2189218000130495
equal_iterations,F25,HS,4,4501.900569041241,530,500,0.23213119999854825
equal_iterations,F25,HS,5,5780.680062778891,530,500,0.22607129999960307
equal_iterations,F25,HS,6,5125.240040012652,530,500,0.15187519999744836
equal_iterations,F25,HS,7,4286.398057570059,530,500,0.16454279999015853
equal_iterations,F25,HS,8,4750.367616719625,530,500,0.18256230000406504
equal_iterations,F25,HS,9,4443.8736282816935,530,500,0.21041820000391454
equal_iterations,F25,LSHADE,0,2822.925156394531,8569,500,3.4124417999992147
equal_iterations,F25,LSHADE,1,2826.034351310852,8569,500,2.7020836000010604
equal_iterations,F25,LSHADE,2,2823.344814342883,8569,500,2.969675100001041
equal_iterations,F25,LSHADE,3,2831.8153476398256,8569,500,3.521037600003183
equal_iterations,F25,LSHADE,4,2823.324210410824,8569,500,3.482215299998643
equal_iterations,F25,LSHADE,5,2826.378422683693,8569,500,3.6125394999980927
equal_iterations,F25,LSHADE,6,2825.613077601325,8569,500,3.009141600006842
equal_iterations,F25,LSHADE,7,2852.8882785269243,8569,500,3.676030600006925
equal_iterations,F25,LSHADE,8,2821.365747749147,8569,500,3.6500993999943603
equal_iterations,F25,LSHADE,9,2828.947776931441,8569,500,2.9824431000015466
equal_iterations,F25,PSO,0,3594.607585166419,15030,500,3.5451533000014024
equal_iterations,F25,PSO,1,7021.894407665163,15030,500,3.5553949999884935
equal_iterations,F25,PSO,2,5015.080043546909,15030,500,2.5550827999977628
equal_iterations,F25,PSO,3,3368.189377625175,15030,500,2.5722420000092825
equal_iterations,F25,PSO,4,4421.720320423101,15030,500,2.717205599998124
equal_iterations,F25,PSO,5,3284.3486837560154,15030,500,2.7028157000022475
equal_iterations,F25,PSO,6,4534.617077076034,15030,500,2.7078684000007343
equal_iterations,F25,PSO,7,3251.0789112404877,15030,500,3.701473499997519
equal_iterations,F25,PSO,8,4332.966305493517,15030,500,2.579567299995688
equal_iterations,F25,PSO,9,4454.568488300158,15030,500,3.158938799999305
equal_iterations,F25,GWO,0,3142.4754552019813,15030,500,4.574552699996275
equal_iterations,F25,GWO,1,2893.551305851626,15030,500,3.359837600000901
equal_iterations,F25,GWO,2,3298.359709084001,15030,500,3.2204409999976633
equal_iterations,F25,GWO,3,3064.9454250492145,15030,500,3.2271301000000676
equal_iterations,F25,GWO,4,2922.3351540173912,15030,500,3.2210744000039995
equal_iterations,F25,GWO,5,2964.760872344227,15030,500,3.201844600000186
equal_iterations,F25,GWO,6,3081.7995326837936,15030,500,4.261796899998444
equal_iterations,F25,GWO,7,3106.3964910364275,15030,500,3.2447142000019085
equal_iterations,F25,GWO,8,2957.705989584351,15030,500,4.616306399999303
equal_iterations,F25,GWO,9,3035.922432200847,15030,500,3.3377756999980193
equal_iterations,F25,HHO,0,2879.1175570239106,27986,500,7.417660600011004
equal_iterations,F25,HHO,1,2874.9976453019613,27962,500,7.051821100001689
equal_iterations,F25,HHO,2,2927.863334152866,28120,500,5.129563800001051
equal_iterations,F25,HHO,3,2953.6431902238382,28022,500,5.099668399998336
equal_iterations,F25,HHO,4,2843.3605381875464,28088,500,5.107020799987367
equal_iterations,F25,HHO,5,2897.193995077856,27964,500,5.062924199999543
equal_iterations,F25,HHO,6,2913.8795331971796,27934,500,5.042098899997654
equal_iterations,F25,HHO,7,2931.0686906989945,27846,500,5.063796900009038
equal_iterations,F25,HHO,8,2873.0359677728975,27902,500,5.058840199999395
equal_iterations,F25,HHO,9,2864.694823282339,27778,500,7.278211500000907
equal_iterations,F25,BFO,0,2904.8220691409037,26548,500,4.978389700001571
equal_iterations,F25,BFO,1,2824.0076018538984,26890,500,4.978884500000277
equal_iterations,F25,BFO,2,2825.159582728134,26891,500,6.9472116000106325
equal_iterations,F25,BFO,3,2822.586682516676,26562,500,4.994150200000149
equal_iterations,F25,BFO,4,2898.506417173566,27091,500,5.068539200001396
equal_iterations,F25,BFO,5,2822.1732676679267,26831,500,4.995154399992316
equal_iterations,F25,BFO,6,2822.4633648964746,26654,500,4.96278179998626
equal_iterations,F25,BFO,7,2830.2981736003285,27387,500,5.124600600000122
equal_iterations,F25,BFO,8,2822.2315149117926,26969,500,6.97555379998812
equal_iterations,F25,BFO,9,2908.7711080997074,26454,500,4.9358804999938
equal_iterations,F25,TSA,0,2823.897190947232,44729,500,20.814454299994395
equal_iterations,F25,TSA,1,2824.427230306673,45102,500,21.087228899996262
equal_iterations,F25,TSA,2,2825.2312807299545,45119,500,18.66445890000614
equal_iterations,F25,TSA,3,2823.5494986892127,45252,500,21.05555099999765
equal_iterations,F25,TSA,4,2823.8250006053295,44998,500,21.28087119999691
equal_iterations,F25,TSA,5,2824.4223067924822,44861,500,20.757348299986916
equal_iterations,F25,TSA,6,2823.3273324576803,45079,500,21.37158289999934
equal_iterations,F25,TSA,7,2823.8446019177195,45065,500,18.725511199998436
equal_iterations,F25,TSA,8,2823.834016856871,45014,500,21.472052500001155
equal_iterations,F25,TSA,9,2824.684859377805,44926,500,20.794685999993817
equal_iterations,F25,SOS,0,2854.8643581229762,60030,500,16.62990020000143
equal_iterations,F25,SOS,1,2858.686737524004,60030,500,14.409034500000416
equal_iterations,F25,SOS,2,2845.51057711739,60030,500,15.983239799999865
equal_iterations,F25,SOS,3,2849.1261981500065,60030,500,16.48511100000178
equal_iterations,F25,SOS,4,2862.5073045231716,60030,500,11.784152199994423
equal_iterations,F25,SOS,5,2870.653171205641,60030,500,11.913078400000813
equal_iterations,F25,SOS,6,2852.4100368622844,60030,500,11.763555699988501
equal_iterations,F25,SOS,7,2832.953594952522,60030,500,12.230316600005608
equal_iterations,F25,SOS,8,2851.5396134465886,60030,500,12.296879800007446
equal_iterations,F25,SOS,9,2874.6064715952166,60030,500,15.121183800001745
equal_iterations,F25,ES,0,2828.502556175617,105030,500,20.52512890000071
equal_iterations,F25,ES,1,2836.6089114765327,105030,500,20.33036799999536
equal_iterations,F25,ES,2,2871.826476185737,105030,500,20.313605300005293
equal_iterations,F25,ES,3,2836.3626337772316,105030,500,19.290748500003247
equal_iterations,F25,ES,4,2844.9009705771964,105030,500,19.92841540000518
equal_iterations,F25,ES,5,2881.342705911055,105030,500,19.987315999998827
equal_iterations,F25,ES,6,2860.2806099673403,105030,500,19.620058799991966
equal_iterations,F25,ES,7,2832.31995602137,105030,500,20.166594900001655
equal_iterations,F25,ES,8,2849.2160657049694,105030,500,20.388689999992494
equal_iterations,F25,ES,9,2908.727421498941,105030,500,20.855982199995196
equal_iterations,F25,FA,0,24281.8859463346,217524,500,32.7250398999895
equal_iterations,F25,FA,1,22195.956858715508,217534,500,32.15425140000298
equal_iterations,F25,FA,2,18811.029842289936,217545,500,25.655022699997062
equal_iterations,F25,FA,3,19295.522608835912,217532,500,24.77106700000877
equal_iterations,F25,FA,4,13558.04542769632,217521,500,25.59821509999165
equal_iterations,F25,FA,5,29381.70223053568,217529,500,25.0567563999939
equal_iterations,F25,FA,6,19033.70713774219,217525,500,25.65887329999532
equal_iterations,F25,FA,7,36072.4231212711,217524,500,25.608083400002215
equal_iterations,F25,FA,8,21735.487429658682,217522,500,24.636954000001424
equal_iterations,F25,FA,9,21471.044672289074,217531,500,23.96786640000937
equal_iterations,F26,HS,0,4676.892576198362,530,500,0.46429979999084026
equal_iterations,F26,HS,1,4271.805254703959,530,500,0.6165725999890128
equal_iterations,F26,HS,2,3863.6914931643005,530,500,0.43618720000085887
equal_iterations,F26,HS,3,4488.005247826726,530,500,0.6350289000110934
equal_iterations,F26,HS,4,3928.2487766986474,530,500,0.4726907000003848
equal_iterations,F26,HS,5,4487.088732264798,530,500,0.5484395000094082
equal_iterations,F26,HS,6,4021.7994664870052,530,500,0.6090246999956435
equal_iterations,F26,HS,7,4490.794401783535,530,500,0.635142300001462
equal_iterations,F26,HS,8,4364.3099988610265,530,500,0.6440405999892391
equal_iterations,F26,HS,9,4164.861682885661,530,500,0.5171219000039855
equal_iterations,F26,LSHADE,0,3329.145373427049,8569,500,9.99750729999505
equal_iterations,F26,LSHADE,1,3341.3987214226822,8569,500,10.01728460000595
equal_iterations,F26,LSHADE,2,3328.5831598573695,8569,500,10.078299099986907
equal_iterations,F26,LSHADE,3,3326.8939510717873,8569,500,7.219073399988702
equal_iterations,F26,LSHADE,4,3360.736810806555,8569,500,7.246476500004064
equal_iterations,F26,LSHADE,5,3331.4897807017096,8569,500,9.430115000010119
equal_iterations,F26,LSHADE,6,3373.0477067621105,8569,500,7.943395399997826
equal_iterations,F26,LSHADE,7,3341.9779676324956,8569,500,7.436671999996179
equal_iterations,F26,LSHADE,8,3329.4741765140257,8569,500,7.918275000003632
equal_iterations,F26,LSHADE,9,3326.4369522521383,8569,500,7.248820100008743
equal_iterations,F26,PSO,0,3741.8133926323653,15030,500,15.374600900002406
equal_iterations,F26,PSO,1,4355.622433271426,15030,500,15.014232899993658
equal_iterations,F26,PSO,2,4772.023488261233,15030,500,14.215981600005762
equal_iterations,F26,PSO,3,4147.718792238997,15030,500,13.716953399998602
equal_iterations,F26,PSO,4,3604.793350591271,15030,500,10.739603800000623
equal_iterations,F26,PSO,5,4083.5463359644837,15030,500,15.149572800000897
equal_iterations,F26,PSO,6,3909.4840685823456,15030,500,11.03421569999773
equal_iterations,F26,PSO,7,3985.4899236110705,15030,500,15.308181700005662
equal_iterations,F26,PSO,8,5259.742680682171,15030,500,10.754886299997452
equal_iterations,F26,PSO,9,3798.5330761801874,15030,500,10.759431600003154
equal_iterations,F26,GWO,0,3524.8832418890443,15030,500,12.261360400007106
equal_iterations,F26,GWO,1,3382.561022240431,15030,500,11.802692199999
equal_iterations,F26,GWO,2,3547.8688968159818,15030,500,11.494008000008762
equal_iterations,F26,GWO,3,3507.8768308498634,15030,500,11.939869599998929
equal_iterations,F26,GWO,4,3381.4663568705964,15030,500,11.707694500000798
equal_iterations,F26,GWO,5,3387.7786035555127,15030,500,11.676930000001448
equal_iterations,F26,GWO,6,3450.004538105244,15030,500,13.982963900009054
equal_iterations,F26,GWO,7,3449.3490100148906,15030,500,15.611088299992844
equal_iterations,F26,GWO,8,3436.647137079037,15030,500,15.771115800002008
equal_iterations,F26,GWO,9,3464.4796612860696,15030,500,16.260735699994257
equal_iterations,F26,HHO,0,3531.944330045951,27640,500,24.407131600004504
equal_iterations,F26,HHO,1,4031.857127660847,27986,500,26.285619999995106
equal_iterations,F26,HHO,2,3418.0044131971094,27624,500,20.225021600010223
equal_iterations,F26,HHO,3,5974.460065015589,27628,500,20.217521400001715
equal_iterations,F26,HHO,4,3578.2473522796604,27746,500,20.31854259999818
equal_iterations,F26,HHO,5,3425.876076642481,28044,500,25.325403700000606
equal_iterations,F26,HHO,6,3576.592165950749,28128,500,23.71248009998817
equal_iterations,F26,HHO,7,3400.8602896920656,27610,500,27.980910900005256
equal_iterations,F26,HHO,8,3553.02412860251,27494,500,25.630056900001364
equal_iterations,F26,HHO,9,3427.751753385208,27698,500,23.78557140000339
equal_iterations,F26,BFO,0,3327.166280134781,27680,500,23.16559679999773
equal_iterations,F26,BFO,1,3327.7106435734595,27342,500,24.43001379999623
equal_iterations,F26,BFO,2,3350.015058144595,26914,500,25.38186829999904
equal_iterations,F26,BFO,3,3342.284656881594,27338,500,20.159736200002953
equal_iterations,F26,BFO,4,3381.9054967323264,27349,500,20.09121870000672
equal_iterations,F26,BFO,5,3376.0041628585727,26971,500,26.422127599988016
equal_iterations,F26,BFO,6,3447.994791328726,26947,500,27.280617399999755
equal_iterations,F26,BFO,7,3374.4570266113988,27399,500,20.175173299998278
equal_iterations,F26,BFO,8,3377.642577260839,27044,500,26.943378199997824
equal_iterations,F26,BFO,9,3293.863851099787,27350,500,21.547122299991315
equal_iterations,F26,TSA,0,3328.0915816451015,44949,500,55.527447100001154
equal_iterations,F26,TSA,1,3327.490204971859,45157,500,41.79367590000038
equal_iterations,F26,TSA,2,3328.0400116419783,45154,500,54.73198650000268
equal_iterations,F26,TSA,3,3327.49818149093,45032,500,46.50749510001333
equal_iterations,F26,TSA,4,3334.5468534651845,44972,500,48.26596790000622
equal_iterations,F26,TSA,5,3327.544580342179,45230,500,55.868012099992484
equal_iterations,F26,TSA,6,3326.7588399545766,45062,500,40.200790599992615
equal_iterations,F26,TSA,7,3328.532148761089,45477,500,55.532824800000526
equal_iterations,F26,TSA,8,3326.580844661261,45137,500,50.03725520000444
equal_iterations,F26,TSA,9,3326.4625665175035,45207,500,44.86602169999969
equal_iterations,F26,SOS,0,3351.2363496561666,60030,500,51.86477780000132
equal_iterations,F26,SOS,1,3364.5862923380737,60030,500,52.74001540000609
equal_iterations,F26,SOS,2,3339.7264750091726,60030,500,51.0724377999868
equal_iterations,F26,SOS,3,3329.6784951727327,60030,500,52.30717729999742
equal_iterations,F26,SOS,4,3350.684010806478,60030,500,44.402600699992036
equal_iterations,F26,SOS,5,3366.351879992187,60030,500,44.55580750000081
equal_iterations,F26,SOS,6,3330.1750366728156,60030,500,44.538005199996405
equal_iterations,F26,SOS,7,3336.868271901023,60030,500,50.85477279999759
equal_iterations,F26,SOS,8,3353.5102860151674,60030,500,51.17503650000435
equal_iterations,F26,SOS,9,3339.3615380738506,60030,500,45.354039300000295
equal_iterations,F26,ES,0,3367.2730999008804,105030,500,71.52749510000285
equal_iterations,F26,ES,1,3388.7718277914223,105030,500,81.12876320000214
equal_iterations,F26,ES,2,3354.3945280865833,105030,500,73.92654420000326
equal_iterations,F26,ES,3,3368.87904934151,105030,500,73.85173399999621
equal_iterations,F26,ES,4,3357.3421303505884,105030,500,80.9415311000048
equal_iterations,F26,ES,5,3348.6146525946606,105030,500,73.06220539999777
equal_iterations,F26,ES,6,3329.873885757759,105030,500,75.7887122999964
equal_iterations,F26,ES,7,3357.003988548886,105030,500,74.08921639999608
equal_iterations,F26,ES,8,3417.6878307529555,105030,500,78.74506339999789
equal_iterations,F26,ES,9,3339.103758124297,105030,500,79.70814479999535
equal_iterations,F26,FA,0,21705.83135646416,217517,500,127.0781355999934
equal_iterations,F26,FA,1,40888.70650126396,217534,500,125.55157350000809
equal_iterations,F26,FA,2,36522.80790314922,217530,500,117.42481939999561
equal_iterations,F26,FA,3,70346.55212273731,217552,500,113.48206100000243
equal_iterations,F26,FA,4,32678.125182021933,217538,500,110.15505329999723
equal_iterations,F26,FA,5,38521.92068470128,217542,500,110.35140289999254
equal_iterations,F26,FA,6,23587.68674772857,217536,500,109.18779640000139
equal_iterations,F26,FA,7,39429.03829266603,217536,500,106.66235689999303
equal_iterations,F26,FA,8,29172.78096362428,217536,500,106.52945170000021
equal_iterations,F26,FA,9,53333.51412550588,217528,500,105.25021040000138
equal_iterations,F27,HS,0,3405.7472610427903,530,500,0.6359913000051165
equal_iterations,F27,HS,1,3552.4679394677314,530,500,0.6244493999984115
equal_iterations,F27,HS,2,3442.6890829893982,530,500,0.48868289998790715
equal_iterations,F27,HS,3,3405.138073548393,530,500,0.6446027000056347
equal_iterations,F27,HS,4,3334.403645821709,530,500,0.6254956000047969
equal_iterations,F27,HS,5,3321.313415867923,530,500,0.6458796000079019
equal_iterations,F27,HS,6,3383.2985791175247,530,500,0.49625229999946896
equal_iterations,F27,HS,7,3383.614999406587,530,500,0.4695142999989912
equal_iterations,F27,HS,8,3480.8398749630314,530,500,0.4575636000081431
equal_iterations,F27,HS,9,3616.6594396881965,530,500,0.6644836000050418
equal_iterations,F27,LSHADE,0,3102.5197986440626,8569,500,10.071594399996684
equal_iterations,F27,LSHADE,1,3075.360587274463,8569,500,10.02574420000019
equal_iterations,F27,LSHADE,2,3123.7805083931753,8569,500,7.3753876999981
equal_iterations,F27,LSHADE,3,3135.7713301486183,8569,500,7.383585399991716
equal_iterations,F27,LSHADE,4,3117.181464501926,8569,500,7.350510899996152
equal_iterations,F27,LSHADE,5,3098.947218030528,8569,500,9.994006199995056
equal_iterations,F27,LSHADE,6,3127.7795162272087,8569,500,7.351369500000146
equal_iterations,F27,LSHADE,7,3138.0613603771444,8569,500,10.476757099997485
equal_iterations,F27,LSHADE,8,3114.825584345055,8569,500,10.484377100001439
equal_iterations,F27,LSHADE,9,3098.7107960516196,8569,500,10.07862759999989
equal_iterations,F27,PSO,0,3161.2051264631136,15030,500,10.997071599995252
equal_iterations,F27,PSO,1,3315.108360852758,15030,500,10.9815901999973
equal_iterations,F27,PSO,2,3219.099032672337,15030,500,10.911003000001074
equal_iterations,F27,PSO,3,3357.727088250878,15030,500,10.957893799990416
equal_iterations,F27,PSO,4,3477.973574551992,15030,500,10.94818029999442
equal_iterations,F27,PSO,5,3241.616580235197,15030,500,10.978542199998628
equal_iterations,F27,PSO,6,3400.278521202006,15030,500,15.532913999995799
equal_iterations,F27,PSO,7,3213.89581778907,15030,500,11.466035200006445
equal_iterations,F27,PSO,8,3198.8688389618683,15030,500,15.45846480000182
equal_iterations,F27,PSO,9,3304.0396191460604,15030,500,15.619086700011394
equal_iterations,F27,GWO,0,3172.4139881333276,15030,500,11.588364800001727
equal_iterations,F27,GWO,1,3155.5086180960134,15030,500,16.273400200007018
equal_iterations,F27,GWO,2,3105.5864651411966,15030,500,11.713910699996632
equal_iterations,F27,GWO,3,3155.873056534145,15030,500,11.658474900003057
equal_iterations,F27,GWO,4,3141.4384858629737,15030,500,11.589353200004552
equal_iterations,F27,GWO,5,3115.2875716898466,15030,500,11.691569500006153
equal_iterations,F27,GWO,6,3158.930995211788,15030,500,15.744024799991166
equal_iterations,F27,GWO,7,3161.4892883944,15030,500,15.711424000008265
equal_iterations,F27,GWO,8,3169.76822855009,15030,500,16.217884800003958
equal_iterations,F27,GWO,9,3251.8829757748,15030,500,15.038588499999605
equal_iterations,F27,HHO,0,3440.273796680091,27434,500,27.944218000004184
equal_iterations,F27,HHO,1,3268.382809441459,28148,500,29.191465099997004
equal_iterations,F27,HHO,2,3733.125138047622,27850,500,20.85588239999197
equal_iterations,F27,HHO,3,3784.6929837212474,27864,500,20.77645340000163
equal_iterations,F27,HHO,4,3581.0470839312984,27514,500,20.61460509999597
equal_iterations,F27,HHO,5,3939.2859903469953,28006,500,20.86669670000265
equal_iterations,F27,HHO,6,3469.225952258783,27394,500,26.135651299991878
equal_iterations,F27,HHO,7,4169.320426493964,27852,500,28.352935899994918
equal_iterations,F27,HHO,8,3359.1117903648205,27418,500,25.439208200012217
equal_iterations,F27,HHO,9,3346.194221049693,28076,500,28.715900299997884
equal_iterations,F27,BFO,0,3200.1190382877176,23497,500,24.71007390000159
equal_iterations,F27,BFO,1,3689.668479659485,23644,500,25.434768000006443
equal_iterations,F27,BFO,2,3363.741826595092,23431,500,20.66156150000461
equal_iterations,F27,BFO,3,3409.035837929038,23541,500,20.670651699998416
equal_iterations,F27,BFO,4,3282.9365471176075,23792,500,20.387915300001623
equal_iterations,F27,BFO,5,3241.698376272192,23140,500,17.54311100000632
equal_iterations,F27,BFO,6,3253.0117751370826,23458,500,17.728519900003448
equal_iterations,F27,BFO,7,3492.8269215587034,23484,500,17.75636790000135
equal_iterations,F27,BFO,8,3190.697845072421,23757,500,18.91081389998726
equal_iterations,F27,BFO,9,3983.115680742106,23518,500,17.93424660000892
equal_iterations,F27,TSA,0,3126.3215338610407,45079,500,44.97607940000307
equal_iterations,F27,TSA,1,3123.765639040519,45123,500,41.15050839999458
equal_iterations,F27,TSA,2,3123.9893045520685,45041,500,41.15783129999181
equal_iterations,F27,TSA,3,3133.8063790281144,44866,500,40.89700710000761
equal_iterations,F27,TSA,4,3137.5261174615516,45088,500,54.02738959999988
equal_iterations,F27,TSA,5,3126.156752536191,45255,500,52.98871930000314
equal_iterations,F27,TSA,6,3120.705962073645,45059,500,52.52799580000283
equal_iterations,F27,TSA,7,3125.8570691035748,45072,500,47.90440869999293
equal_iterations,F27,TSA,8,3113.997335010138,44931,500,44.98264810000546
equal_iterations,F27,TSA,9,3129.1991334135414,44926,500,52.45380010000372
equal_iterations,F27,SOS,0,3054.079468799658,60030,500,61.1929317000031
equal_iterations,F27,SOS,1,3127.136760239231,60030,500,56.7400639999978
equal_iterations,F27,SOS,2,3113.445125184916,60030,500,46.075219799997285
equal_iterations,F27,SOS,3,3150.8210984068805,60030,500,45.977300400001695
equal_iterations,F27,SOS,4,3148.3183870899447,60030,500,57.36623450000479
equal_iterations,F27,SOS,5,3107.8929328664876,60030,500,46.33188890000747
equal_iterations,F27,SOS,6,3081.1457575320615,60030,500,49.76905540000007
equal_iterations,F27,SOS,7,3130.9885322559558,60030,500,57.26876400000765
equal_iterations,F27,SOS,8,3118.8841008305744,60030,500,46.59389000000374
equal_iterations,F27,SOS,9,3078.425903878026,60030,500,50.95466589998978
equal_iterations,F27,ES,0,3185.3543459457187,105030,500,87.95137229999818
equal_iterations,F27,ES,1,3115.0119825009315,105030,500,77.6738941000076
equal_iterations,F27,ES,2,3100.2899842242236,105030,500,87.80731290001131
equal_iterations,F27,ES,3,3140.261283017081,105030,500,87.71839309998904
equal_iterations,F27,ES,4,3143.47755303087,105030,500,85.26841829999466
equal_iterations,F27,ES,5,3109.861121325347,105030,500,85.80047719999857
equal_iterations,F27,ES,6,3183.2172358812495,105030,500,79.4378929999948
equal_iterations,F27,ES,7,3167.7614320804378,105030,500,76.95288110000547
equal_iterations,F27,ES,8,3116.241846140075,105030,500,82.5022420000023
equal_iterations,F27,ES,9,3146.327202925731,105030,500,75.90282630000729
equal_iterations,F27,FA,0,5690.389478739897,217553,500,130.32247109999298
equal_iterations,F27,FA,1,6793.161415991973,217524,500,125.95585929999652
equal_iterations,F27,FA,2,6815.4932270507325,217520,500,118.68005999999878
equal_iterations,F27,FA,3,5571.325092014382,217535,500,118.58332189999055
equal_iterations,F27,FA,4,6521.423529502632,217593,500,117.9373440999916
equal_iterations,F27,FA,5,4739.09151548892,217540,500,116.12477769999532
equal_iterations,F27,FA,6,5452.288563101979,217541,500,114.78587389999302
equal_iterations,F27,FA,7,5001.8548271921845,217514,500,112.26249809999717
equal_iterations,F27,FA,8,6140.303163706356,217547,500,109.29557839999325
equal_iterations,F27,FA,9,8180.898154423395,217581,500,108.4860888000112
equal_iterations,F28,HS,0,3604.46348933853,530,500,0.4291449000011198
equal_iterations,F28,HS,1,3902.018214652516,530,500,0.6419764000020223
equal_iterations,F28,HS,2,4036.9722256845207,530,500,0.6013687999948161
equal_iterations,F28,HS,3,3782.396683056628,530,500,0.6470547999924747
equal_iterations,F28,HS,4,3888.875021958477,530,500,0.6070675000082701
equal_iterations,F28,HS,5,3916.4036853772486,530,500,0.6034387999970932
equal_iterations,F28,HS,6,3959.0129659730246,530,500,0.6195999000046868
equal_iterations,F28,HS,7,4001.674820952069,530,500,0.44558210000104737
equal_iterations,F28,HS,8,3855.3543178327664,530,500,0.4571074999985285
equal_iterations,F28,HS,9,3914.1350460018803,530,500,0.6651837999961572
equal_iterations,F28,LSHADE,0,2743.672911955876,8569,500,6.8675855999899795
equal_iterations,F28,LSHADE,1,2914.2225910763523,8569,500,9.898060099993018
equal_iterations,F28,LSHADE,2,2797.317261416825,8569,500,6.90272990000085
equal_iterations,F28,LSHADE,3,2922.451034934261,8569,500,9.625325000000885
equal_iterations,F28,LSHADE,4,3033.121808537187,8569,500,6.978058399996371
equal_iterations,F28,LSHADE,5,3194.9702667146366,8569,500,6.870917300009751
equal_iterations,F28,LSHADE,6,2890.6237013082764,8569,500,6.8857392000063555
equal_iterations,F28,LSHADE,7,3051.1523210001023,8569,500,6.981540799999493
equal_iterations,F28,LSHADE,8,3158.847018038946,8569,500,9.94502420000208
equal_iterations,F28,LSHADE,9,2937.814635203397,8569,500,10.347462200006703
equal_iterations,F28,PSO,0,4052.2181092262117,15030,500,14.320839899999555
equal_iterations,F28,PSO,1,4504.4767959530745,15030,500,15.021989300003042
equal_iterations,F28,PSO,2,3932.03811672443,15030,500,14.224306099989917
equal_iterations,F28,PSO,3,3936.145561211133,15030,500,14.245247800005018
equal_iterations,F28,PSO,4,4299.646390391144,15030,500,10.238685199990869
equal_iterations,F28,PSO,5,4364.878674719854,15030,500,10.257414599996991
equal_iterations,F28,PSO,6,4884.347507654469,15030,500,10.167452399997273
equal_iterations,F28,PSO,7,5055.71067984315,15030,500,10.267971900000703
equal_iterations,F28,PSO,8,4219.516201796955,15030,500,14.657509500000742
equal_iterations,F28,PSO,9,4762.317642985801,15030,500,10.253636199995526
equal_iterations,F28,GWO,0,3244.958730569314,15030,500,10.927945599993109
equal_iterations,F28,GWO,1,3266.568863972803,15030,500,10.945282399989082
equal_iterations,F28,GWO,2,3242.7758420831824,15030,500,10.843605200003367
equal_iterations,F28,GWO,3,3257.439895700869,15030,500,10.858696900002542
equal_iterations,F28,GWO,4,3156.8461997114323,15030,500,10.832569499994861
equal_iterations,F28,GWO,5,3184.1409154248818,15030,500,14.971246599990991
equal_iterations,F28,GWO,6,3251.6869607571757,15030,500,14.997446299996227
equal_iterations,F28,GWO,7,3179.435763377428,15030,500,15.019057299999986
equal_iterations,F28,GWO,8,3230.7863626843664,15030,500,15.09008840000024
equal_iterations,F28,GWO,9,3182.6803855623352,15030,500,15.429487799992785
equal_iterations,F28,HHO,0,3185.25273356395,28090,500,27.87597329998971
equal_iterations,F28,HHO,1,3109.159623314272,27878,500,27.554041700001108
equal_iterations,F28,HHO,2,3190.2637003278205,27906,500,19.274027999999817
equal_iterations,F28,HHO,3,3178.9733031521464,27474,500,18.99385730001086
equal_iterations,F28,HHO,4,2857.313896238581,27982,500,19.367946300000767
equal_iterations,F28,HHO,5,3086.6917026213023,27058,500,18.819842199998675
equal_iterations,F28,HHO,6,2871.6065995089675,27940,500,19.480095400009304
equal_iterations,F28,HHO,7,3188.6689793375,27434,500,20.793314599999576
equal_iterations,F28,HHO,8,3150.500145285344,27424,500,26.688578699991922
equal_iterations,F28,HHO,9,3149.0675679974875,27726,500,27.070189199992456
equal_iterations,F28,BFO,0,2730.171469323243,27432,500,27.162618400005158
equal_iterations,F28,BFO,1,3146.607011575848,28283,500,19.71721709999838
equal_iterations,F28,BFO,2,2729.4092926178228,27889,500,23.9755307000014
equal_iterations,F28,BFO,3,3169.108192337136,28506,500,20.055546000003233
equal_iterations,F28,BFO,4,3160.7015131520548,27924,500,19.668064199999208
equal_iterations,F28,BFO,5,3162.484128378209,27688,500,19.58247979999578
equal_iterations,F28,BFO,6,3129.665583748924,27905,500,28.80458219999855
equal_iterations,F28,BFO,7,3170.8966865362686,28016,500,21.413256600004388
equal_iterations,F28,BFO,8,3153.3292309026815,26768,500,18.858777100002044
equal_iterations,F28,BFO,9,3150.631005421324,27521,500,19.15771890000906
equal_iterations,F28,TSA,0,3151.499714975531,45206,500,38.66594589999295
equal_iterations,F28,TSA,1,3104.3663676979204,45222,500,38.75081150000915
equal_iterations,F28,TSA,2,3134.8012152047236,45001,500,41.53825840000354
equal_iterations,F28,TSA,3,2969.261954634811,44620,500,53.23583029999281
equal_iterations,F28,TSA,4,3044.31303604289,45229,500,42.755487500005984
equal_iterations,F28,TSA,5,3007.004597446153,44663,500,48.69147219999286
equal_iterations,F28,TSA,6,3147.2399001090575,44972,500,53.82927109999582
equal_iterations,F28,TSA,7,3151.5372306946692,44899,500,53.19251609999628
equal_iterations,F28,TSA,8,3132.555077106983,45272,500,54.274837299992214
equal_iterations,F28,TSA,9,2791.711915812796,45098,500,53.70610419999866
equal_iterations,F28,SOS,0,2964.411692980033,60030,500,50.46575190000294
equal_iterations,F28,SOS,1,2800.179769033678,60030,500,58.821171299990965
equal_iterations,F28,SOS,2,2806.141717472806,60030,500,42.699665200008894
equal_iterations,F28,SOS,3,2863.0875400997184,60030,500,42.46346559999802
equal_iterations,F28,SOS,4,3153.2547459268003,60030,500,44.57690030000231
equal_iterations,F28,SOS,5,3144.633263555762,60030,500,42.547114100001636
equal_iterations,F28,SOS,6,3156.35023040319,60030,500,43.87412629999744
equal_iterations,F28,SOS,7,2840.6389085482992,60030,500,52.88643999998749
equal_iterations,F28,SOS,8,2860.028353175117,60030,500,53.547260099992855
equal_iterations,F28,SOS,9,2818.1621442148935,60030,500,55.05549780000001
equal_iterations,F28,ES,0,2864.2887663852207,105030,500,72.65220290000434
equal_iterations,F28,ES,1,2919.92356177068,105030,500,78.13169280000147
equal_iterations,F28,ES,2,3101.091504589993,105030,500,71.38852990001033
equal_iterations,F28,ES,3,3191.1857945302595,105030,500,72.32846440000867
equal_iterations,F28,ES,4,2956.7355356066587,105030,500,74.34170210000593
equal_iterations,F28,ES,5,3170.9320579636,105030,500,72.36246879999817
equal_iterations,F28,ES,6,3124.645331505661,105030,500,79.10231560000102
equal_iterations,F28,ES,7,3147.794901597306,105030,500,74.44696480000857
equal_iterations,F28,ES,8,3134.668396136907,105030,500,73.40119119999872
equal_iterations,F28,ES,9,3151.84382833287,105030,500,76.00617920000514
equal_iterations,F28,FA,0,11588.72939104935,217532,500,116.5915740999917
equal_iterations,F28,FA,1,10561.608796775388,217516,500,122.44580829999177
equal_iterations,F28,FA,2,13636.088747809867,217530,500,108.27151360000425
equal_iterations,F28,FA,3,19491.74719365832,217538,500,108.99684579999303
equal_iterations,F28,FA,4,14508.73446812281,217539,500,104.41392130000168
equal_iterations,F28,FA,5,17546.797534475598,217539,500,105.21482250001281
equal_iterations,F28,FA,6,21782.032098966407,217540,500,101.942441399995
equal_iterations,F28,FA,7,10883.269966644124,217535,500,98.36687689999235
equal_iterations,F28,FA,8,13578.873956164629,217516,500,99.08113479999884
equal_iterations,F28,FA,9,15040.541993493402,217531,500,96.62807659999817
equal_iterations,F29,HS,0,193677357239.37277,530,500,0.8040099000063492
equal_iterations,F29,HS,1,6418528689.603888,530,500,0.6351731000031577
equal_iterations,F29,HS,2,67820551294.57033,530,500,0.8334149000002071
equal_iterations,F29,HS,3,14018951702.47935,530,500,0.636352600005921
equal_iterations,F29,HS,4,44561754113.8085,530,500,0.789275599992834
equal_iterations,F29,HS,5,14144998407.056082,530,500,0.828934199991636
equal_iterations,F29,HS,6,46773702684.22812,530,500,0.8683608999999706
equal_iterations,F29,HS,7,9378049722.480932,530,500,0.8008264999953099
equal_iterations,F29,HS,8,92086952853.75491,530,500,0.6415093999967212
equal_iterations,F29,HS,9,79658081341.29886,530,500,0.8274613999965368
equal_iterations,F29,LSHADE,0,11383.421723202931,8569,500,12.964087999993353
equal_iterations,F29,LSHADE,1,8527.952293018434,8569,500,13.018059099995298
equal_iterations,F29,LSHADE,2,12072.973285777844,8569,500,9.945370299989008
equal_iterations,F29,LSHADE,3,13698.521584007802,8569,500,13.113635999994585
equal_iterations,F29,LSHADE,4,10056.589558553158,8569,500,13.44863990000158
equal_iterations,F29,LSHADE,5,8910.50045473623,8569,500,9.984855899994727
equal_iterations,F29,LSHADE,6,23328.560945797166,8569,500,10.010985599990818
equal_iterations,F29,LSHADE,7,12620.437906426456,8569,500,12.73154579999391
equal_iterations,F29,LSHADE,8,7744.661297201979,8569,500,13.027822200005176
equal_iterations,F29,LSHADE,9,51555.43132663815,8569,500,10.036948000008124
equal_iterations,F29,PSO,0,260620550.1862973,15030,500,15.596831100003328
equal_iterations,F29,PSO,1,2239032554.3658295,15030,500,15.510926100003417
equal_iterations,F29,PSO,2,808752970.5856208,15030,500,15.551238899992313
equal_iterations,F29,PSO,3,1772180078.1123295,15030,500,15.559935500001302
equal_iterations,F29,PSO,4,375614393.74245226,15030,500,20.163148399995407
equal_iterations,F29,PSO,5,3416855523.2324758,15030,500,15.580679099992267
equal_iterations,F29,PSO,6,12802852554.698614,15030,500,15.844851699992432
equal_iterations,F29,PSO,7,2238109899.8599772,15030,500,15.620343100003083
equal_iterations,F29,PSO,8,115132776.62397107,15030,500,16.87840879999567
equal_iterations,F29,PSO,9,4454743275.593517,15030,500,20.655824299989035
equal_iterations,F29,GWO,0,295835174.1051298,15030,500,21.33923369999684
equal_iterations,F29,GWO,1,366900171.2251437,15030,500,17.96108120000281
equal_iterations,F29,GWO,2,54929280.65904896,15030,500,16.309101299993927
equal_iterations,F29,GWO,3,74828477.22010672,15030,500,16.27850909999688
equal_iterations,F29,GWO,4,115973202.16630854,15030,500,16.138234700003522
equal_iterations,F29,GWO,5,526485727.58279324,15030,500,21.030400100004044
equal_iterations,F29,GWO,6,54758326.53745045,15030,500,20.785982399989734
equal_iterations,F29,GWO,7,111776564.63094103,15030,500,21.29206300000078
equal_iterations,F29,GWO,8,249027068.3660756,15030,500,18.652484199992614
equal_iterations,F29,GWO,9,106868795.01047343,15030,500,20.99671419999504
equal_iterations,F29,HHO,0,391814.6124267492,28230,500,39.5438509999949
equal_iterations,F29,HHO,1,404613.4351744765,27904,500,38.031005099997856
equal_iterations,F29,HHO,2,97075.33586753593,27922,500,29.125633400006336
equal_iterations,F29,HHO,3,415914.17655413423,27894,500,29.12632750000921
equal_iterations,F29,HHO,4,174882.77510753757,27346,500,28.54752870000084
equal_iterations,F29,HHO,5,565453.6428200696,27844,500,28.89203260000795
equal_iterations,F29,HHO,6,156279.65120845454,27536,500,34.4186672999931
equal_iterations,F29,HHO,7,573990092.7124794,27660,500,37.745857000001706
equal_iterations,F29,HHO,8,98785.87091095408,27940,500,38.772429799995734
equal_iterations,F29,HHO,9,453722.6948219725,28140,500,38.430467600002885
equal_iterations,F29,BFO,0,76843.15771968135,27324,500,38.50820039999962
equal_iterations,F29,BFO,1,82431.85495110715,27150,500,38.46181890000298
equal_iterations,F29,BFO,2,63618.717331791355,26632,500,27.99108160000469
equal_iterations,F29,BFO,3,33427.860900712236,27040,500,35.49130340000556
equal_iterations,F29,BFO,4,142852.40550847555,27301,500,28.725162699993234
equal_iterations,F29,BFO,5,43312.45019800546,26801,500,28.221908899999107
equal_iterations,F29,BFO,6,76284.04554827709,27283,500,28.70317980000982
equal_iterations,F29,BFO,7,42794.047854013676,26737,500,28.06003320000309
equal_iterations,F29,BFO,8,138955.56467953126,27439,500,29.313987499990617
equal_iterations,F29,BFO,9,45013.742773429214,27578,500,28.998712700005854
equal_iterations,F29,TSA,0,659989227.1846862,45128,500,72.31199099999503
equal_iterations,F29,TSA,1,515320657.61667407,45008,500,54.50473329999659
equal_iterations,F29,TSA,2,243986314.67012295,44964,500,55.2183512999909
equal_iterations,F29,TSA,3,482797547.2435391,45047,500,62.76454579998972
equal_iterations,F29,TSA,4,719645336.106962,45178,500,54.928948999993736
equal_iterations,F29,TSA,5,50519329.96833444,44662,500,70.58058270000038
equal_iterations,F29,TSA,6,47796049.50648923,44853,500,72.34997320000548
equal_iterations,F29,TSA,7,109250635.14139307,45146,500,64.09251220000442
equal_iterations,F29,TSA,8,586540167.769229,44910,500,71.06485589999647
equal_iterations,F29,TSA,9,654869037.7884923,45189,500,71.4834467000037
equal_iterations,F29,SOS,0,12634.3857737998,60030,500,64.51227680000011
equal_iterations,F29,SOS,1,11607.21819211662,60030,500,72.29027240000141
equal_iterations,F29,SOS,2,9699.707361237932,60030,500,64.84375870000804
equal_iterations,F29,SOS,3,36397.28307645144,60030,500,75.94717400000081
equal_iterations,F29,SOS,4,7655.988811774676,60030,500,64.74772310000844
equal_iterations,F29,SOS,5,14721.217927750597,60030,500,64.41041520000726
equal_iterations,F29,SOS,6,8802.776867114128,60030,500,64.65946090000216
equal_iterations,F29,SOS,7,18939.737356705184,60030,500,75.80066259999876
equal_iterations,F29,SOS,8,11436.863098339883,60030,500,64.72077050000371
equal_iterations,F29,SOS,9,9899.284327570393,60030,500,73.44745659999899
equal_iterations,F29,ES,0,16959.11502048276,105030,500,113.74547699998948
equal_iterations,F29,ES,1,49902.62041638438,105030,500,109.29068189999089
equal_iterations,F29,ES,2,22378.889554622423,105030,500,105.41858520000824
equal_iterations,F29,ES,3,240577.80338128732,105030,500,112.20768849999877
equal_iterations,F29,ES,4,47794.35372674171,105030,500,107.03283789999841
equal_iterations,F29,ES,5,24807.24245177211,105030,500,111.78513279999606
equal_iterations,F29,ES,6,36053.74299447608,105030,500,107.0453925000038
equal_iterations,F29,ES,7,25466.805029048635,105030,500,111.00140530000499
equal_iterations,F29,ES,8,34941.410740168176,105030,500,110.51728669999284
equal_iterations,F29,ES,9,47660.63305844017,105030,500,112.29300240000885
equal_iterations,F29,FA,0,1745602848820055.5,217546,500,171.79552690000855
equal_iterations,F29,FA,1,1017584834966259.8,217544,500,176.48535060000722
equal_iterations,F29,FA,2,6408955804378750.0,217526,500,158.94326689999434
equal_iterations,F29,FA,3,156414713968454.72,217526,500,159.77804989999277
equal_iterations,F29,FA,4,1116431796046112.1,217551,500,159.12836349999998
equal_iterations,F29,FA,5,3762863613264543.0,217555,500,154.19495459999598
equal_iterations,F29,FA,6,290756127539313.2,217551,500,152.6386504999973
equal_iterations,F29,FA,7,8877484359862.633,217529,500,150.9513830999931
equal_iterations,F29,FA,8,406805058591228.6,217529,500,150.13771549999365
equal_iterations,F29,FA,9,2067985074579745.8,217533,500,147.6025726999942
equal_iterations,F30,HS,0,7233347907.816384,530,500,0.4489515000022948
equal_iterations,F30,HS,1,38721487735.17258,530,500,0.42220989998895675
equal_iterations,F30,HS,2,6970486012.161902,530,500,0.33773959999962244
equal_iterations,F30,HS,3,14166729787.852598,530,500,0.3560732000041753
equal_iterations,F30,HS,4,4380177283.004448,530,500,0.36002999999618623
equal_iterations,F30,HS,5,37068048959.01207,530,500,0.4565842000010889
equal_iterations,F30,HS,6,6366278391.381814,530,500,0.35295400000177324
equal_iterations,F30,HS,7,11163510520.079891,530,500,0.4963064000039594
equal_iterations,F30,HS,8,11536761548.814856,530,500,0.4964218999957666
equal_iterations,F30,HS,9,28898734279.008884,530,500,0.385677600002964
equal_iterations,F30,LSHADE,0,17320.986752216355,8569,500,7.821268199986662
equal_iterations,F30,LSHADE,1,27538.02539153448,8569,500,8.106640599988168
equal_iterations,F30,LSHADE,2,17238.404136906167,8569,500,8.09547410000232
equal_iterations,F30,LSHADE,3,26366.823678972032,8569,500,5.879896099999314
equal_iterations,F30,LSHADE,4,53488.55717430116,8569,500,5.829965600001742
equal_iterations,F30,LSHADE,5,18942.582627484673,8569,500,6.0434387999994215
equal_iterations,F30,LSHADE,6,26162.108351720035,8569,500,8.132026199993561
equal_iterations,F30,LSHADE,7,79782.29439511821,8569,500,8.077694099993096
equal_iterations,F30,LSHADE,8,17326.21234221568,8569,500,8.090186400004313
equal_iterations,F30,LSHADE,9,36553.37104751308,8569,500,8.090245999992476
equal_iterations,F30,PSO,0,924052844.7517625,15030,500,8.27634240000043
equal_iterations,F30,PSO,1,958657087176.38,15030,500,8.22540989999834
equal_iterations,F30,PSO,2,17513049506.639294,15030,500,8.283343899995089
equal_iterations,F30,PSO,3,15585978623.536184,15030,500,8.266290499988827
equal_iterations,F30,PSO,4,13028215260.263842,15030,500,11.533084900001995
equal_iterations,F30,PSO,5,1157680677.4094615,15030,500,10.869783000001917
equal_iterations,F30,PSO,6,41705222.241570316,15030,500,10.891146900001331
equal_iterations,F30,PSO,7,34798180581.7714,15030,500,8.231478999994579
equal_iterations,F30,PSO,8,6560293257.131974,15030,500,10.818460299997241
equal_iterations,F30,PSO,9,5624981887.968894,15030,500,8.305412200003047
equal_iterations,F30,GWO,0,436476371.4159682,15030,500,11.282833100005519
equal_iterations,F30,GWO,1,1682398285.89188,15030,500,9.04449190000014
equal_iterations,F30,GWO,2,891306625.3470446,15030,500,8.995115900004748
equal_iterations,F30,GWO,3,587122964.9195975,15030,500,9.013925599996583
equal_iterations,F30,GWO,4,638818865.904525,15030,500,9.011452800012194
equal_iterations,F30,GWO,5,822924372.2825592,15030,500,8.962086899991846
equal_iterations,F30,GWO,6,364171130.0749042,15030,500,9.054510799993295
equal_iterations,F30,GWO,7,158499832.52309027,15030,500,11.697229400000651
equal_iterations,F30,GWO,8,707272152.1910554,15030,500,11.695966899991618
equal_iterations,F30,GWO,9,322520885.85281813,15030,500,11.632025500002783
equal_iterations,F30,HHO,0,95739599.4370366,28242,500,21.051988499995787
equal_iterations,F30,HHO,1,13264786.593534764,27468,500,15.493053500002134
equal_iterations,F30,HHO,2,653604.8936375433,28120,500,15.769888999988325
equal_iterations,F30,HHO,3,74606559.9025004,27690,500,15.584106499998597
equal_iterations,F30,HHO,4,16077098.15628176,27834,500,16.219399900001008
equal_iterations,F30,HHO,5,21673425.160533722,27580,500,20.474423799998476
equal_iterations,F30,HHO,6,6370949.771636158,28144,500,21.577691000013147
equal_iterations,F30,HHO,7,34920798.72689725,27878,500,19.60168250001152
equal_iterations,F30,HHO,8,64630417.34303759,27404,500,21.139752100003534
equal_iterations,F30,HHO,9,8329830.670773281,27388,500,20.78874820000783
equal_iterations,F30,BFO,0,437409.03181933693,26429,500,20.63553499999398
equal_iterations,F30,BFO,1,576622.3230688828,26373,500,20.578570199999376
equal_iterations,F30,BFO,2,688657.3045341484,26485,500,15.072601599997142
equal_iterations,F30,BFO,3,2734729.098100913,26740,500,15.153697899993858
equal_iterations,F30,BFO,4,3607261.5170654138,27009,500,21.015811400007806
equal_iterations,F30,BFO,5,255426.30383585015,27139,500,15.728236499999184
equal_iterations,F30,BFO,6,151621.488322461,26623,500,15.393932600010885
equal_iterations,F30,BFO,7,105992.32591287071,26252,500,17.882419199988362
equal_iterations,F30,BFO,8,223144.1107825998,26826,500,15.655582799998228
equal_iterations,F30,BFO,9,276509.6146580932,26281,500,14.974178300006315
equal_iterations,F30,TSA,0,450916.53173170076,44901,500,32.57001599999785
equal_iterations,F30,TSA,1,1308764.8637593347,44929,500,39.56810619999305
equal_iterations,F30,TSA,2,6450313.31031395,44946,500,38.83029769999848
equal_iterations,F30,TSA,3,4501840.080752875,45099,500,33.267969000007724
equal_iterations,F30,TSA,4,2143316.9750829083,44858,500,32.509960299998056
equal_iterations,F30,TSA,5,8260026.089066112,45153,500,44.11731809999037
equal_iterations,F30,TSA,6,1286986.637183911,44633,500,40.61426360000041
equal_iterations,F30,TSA,7,14173901.658382984,44827,500,37.793588899992756
equal_iterations,F30,TSA,8,10404214.39579518,45025,500,45.583814199999324
equal_iterations,F30,TSA,9,10851193.115571106,44909,500,43.165251800004626
equal_iterations,F30,SOS,0,7815.787572053821,60030,500,43.498988699997426
equal_iterations,F30,SOS,1,29722.038509284044,60030,500,45.258765300008235
equal_iterations,F30,SOS,2,36928.34932107103,60030,500,35.46954250000999
equal_iterations,F30,SOS,3,27192.108841434907,60030,500,34.96681890000764
equal_iterations,F30,SOS,4,29399.244853900404,60030,500,44.00602099999378
equal_iterations,F30,SOS,5,10111.405998973645,60030,500,34.89262329999474
equal_iterations,F30,SOS,6,9381.754810230186,60030,500,36.21574260000489
equal_iterations,F30,SOS,7,17858.849587162833,60030,500,34.951866899995366
equal_iterations,F30,SOS,8,18696.084256949307,60030,500,34.95544400000654
equal_iterations,F30,SOS,9,23465.300949308315,60030,500,38.46682639999199
equal_iterations,F30,ES,0,97923.94462813347,105030,500,57.36203370000294
equal_iterations,F30,ES,1,99625.56211981594,105030,500,57.82688119998784
equal_iterations,F30,ES,2,96896.6681699979,105030,500,62.590409600001294
equal_iterations,F30,ES,3,86571.96939122432,105030,500,58.4505780999898
equal_iterations,F30,ES,4,119160.12725903947,105030,500,57.69428930000868
equal_iterations,F30,ES,5,261015.6273083954,105030,500,63.9497687999974
equal_iterations,F30,ES,6,102605.00711134585,105030,500,63.21871279999323
equal_iterations,F30,ES,7,90540.71699353734,105030,500,63.07703899999615
equal_iterations,F30,ES,8,179026.83810547594,105030,500,63.09942470000533
equal_iterations,F30,ES,9,109699.7227430812,105030,500,62.86606840000604
equal_iterations,F30,FA,0,101585174673920.47,217533,500,93.64394300000276
equal_iterations,F30,FA,1,52514033587688.68,217539,500,93.87556689999474
equal_iterations,F30,FA,2,313114218965689.06,217528,500,87.32665790000465
equal_iterations,F30,FA,3,83686476561735.95,217535,500,87.21624369999336
equal_iterations,F30,FA,4,110575174740564.39,217544,500,85.84048929999699
equal_iterations,F30,FA,5,97506028222964.34,217540,500,84.54402359999949
equal_iterations,F30,FA,6,39201358712373.16,217538,500,84.07467220000399
equal_iterations,F30,FA,7,708037090428386.0,217533,500,81.98011989999213
equal_iterations,F30,FA,8,877018563019553.4,217534,500,80.48269710000022
equal_iterations,F30,FA,9,199135251704089.34,217544,500,80.80771409999579
equal_evaluations,F1,HS,0,3364517.049949452,60000,59970,11.629277400003048
equal_evaluations,F1,HS,1,13888820.735318217,60000,59970,15.353454900003271
equal_evaluations,F1,HS,2,2058458.4775833471,60000,59970,15.272215100005269
equal_evaluations,F1,HS,3,5701307.4668828575,60000,59970,11.675679099993431
equal_evaluations,F1,HS,4,2761447.6679302105,60000,59970,11.756396500000847
equal_evaluations,F1,HS,5,6931780.990008739,60000,59970,11.736197599995648
equal_evaluations,F1,HS,6,1526691.1319637029,60000,59970,15.548703200009186
equal_evaluations,F1,HS,7,12709024.319620648,60000,59970,15.38692259999516
equal_evaluations,F1,HS,8,2662241.3930952973,60000,59970,11.842881100004888
equal_evaluations,F1,HS,9,5749771.620241252,60000,59970,15.450222200001008
equal_evaluations,F1,LSHADE,0,103.79689634398,59552,3499,7.496743499999866
equal_evaluations,F1,LSHADE,1,1960.785089677048,59552,3499,11.183929699996952
equal_evaluations,F1,LSHADE,2,853.9811797492416,59552,3499,7.393492300005164
equal_evaluations,F1,LSHADE,3,2567.427279003686,59552,3499,11.143241199999466
equal_evaluations,F1,LSHADE,4,499.91861211480773,59552,3499,11.182721100005438
equal_evaluations,F1,LSHADE,5,208.68899969974822,59552,3499,11.54282420000527
equal_evaluations,F1,LSHADE,6,302.3494358975296,59552,3499,7.476156300006551
equal_evaluations,F1,LSHADE,7,473.4680965939935,59552,3499,11.237013100006152
equal_evaluations,F1,LSHADE,8,124.75550483063573,59552,3499,11.63868889999867
equal_evaluations,F1,LSHADE,9,698.1988414156513,59552,3499,9.460345700004837
equal_evaluations,F1,PSO,0,17153712178.973536,60000,1999,0.8585870000097202
equal_evaluations,F1,PSO,1,16496030775.955233,60000,1999,1.3673242999939248
equal_evaluations,F1,PSO,2,13945745173.311962,60000,1999,1.357068099998287
equal_evaluations,F1,PSO,3,28687853094.82958,60000,1999,1.3663301999913529
equal_evaluations,F1,PSO,4,14877042346.569407,60000,1999,1.2980283999931999
equal_evaluations,F1,PSO,5,35557156496.544044,60000,1999,0.8544335999904433
equal_evaluations,F1,PSO,6,17873691318.24774,60000,1999,0.8484224999992875
equal_evaluations,F1,PSO,7,29292830294.96103,60000,1999,0.8493204999977024
equal_evaluations,F1,PSO,8,43548926958.618126,60000,1999,0.8401925999933155
equal_evaluations,F1,PSO,9,20447475882.060158,60000,1999,0.8585252000048058
equal_evaluations,F1,GWO,0,2435397179.8654366,60000,1999,3.4807480000017677
equal_evaluations,F1,GWO,1,1082635142.8184721,60000,1999,3.474662599997828
equal_evaluations,F1,GWO,2,1214970055.368736,60000,1999,3.479268100010813
equal_evaluations,F1,GWO,3,4395131966.313602,60000,1999,3.475401599993347
equal_evaluations,F1,GWO,4,1785123550.8133929,60000,1999,3.481688200001372
equal_evaluations,F1,GWO,5,2266331145.541467,60000,1999,3.466156200011028
equal_evaluations,F1,GWO,6,3074703080.5777416,60000,1999,3.4764894999971148
equal_evaluations,F1,GWO,7,2645787917.242112,60000,1999,3.4803411000029882
equal_evaluations,F1,GWO,8,6043167458.064215,60000,1999,4.380077299996628
equal_evaluations,F1,GWO,9,2630890084.387075,60000,1999,4.562711500009755
equal_evaluations,F1,HHO,0,75482946.07746878,57998,1040,2.3140218000044115
equal_evaluations,F1,HHO,1,58574788.96162258,57276,1040,2.2741864999989048
equal_evaluations,F1,HHO,2,70690247.97190833,57504,1040,1.460224800001015
equal_evaluations,F1,HHO,3,85275847.97060528,57488,1040,1.4586492000089493
equal_evaluations,F1,HHO,4,105159332.97152059,57238,1040,2.2192439999926137
equal_evaluations,F1,HHO,5,79779435.5601921,57946,1040,2.2981938000011723
equal_evaluations,F1,HHO,6,119847278.32276906,57724,1040,1.4898615999991307
equal_evaluations,F1,HHO,7,56683533.088102855,57726,1040,1.4795502000051783
equal_evaluations,F1,HHO,8,110946741.9425826,57678,1040,1.4933163999958197
equal_evaluations,F1,HHO,9,82495823.86611322,58142,1040,1.4922563000000082
equal_evaluations,F1,BFO,0,929813.4991101047,40093,762,1.1686615999933565
equal_evaluations,F1,BFO,1,1038600.1547183262,39596,762,1.181051599996863
equal_evaluations,F1,BFO,2,483088.71585662896,40128,762,1.5104336000076728
equal_evaluations,F1,BFO,3,1047139.2904703885,39322,762,1.1720811999985017
equal_evaluations,F1,BFO,4,975056.4033110644,40503,762,1.179236600000877
equal_evaluations,F1,BFO,5,835897.6293902502,39638,762,1.1672276000026613
equal_evaluations,F1,BFO,6,552079.6194378135,39908,762,1.7139244999998482
equal_evaluations,F1,BFO,7,889568.5199754259,39986,762,1.1739998999983072
equal_evaluations,F1,BFO,8,750326.0844600294,39695,762,1.1780812999932095
equal_evaluations,F1,BFO,9,637381.1405830381,39989,762,1.1540940999984741
equal_evaluations,F1,TSA,0,3023271.2684976785,60000,681,10.806163899993408
equal_evaluations,F1,TSA,1,590757.3333805071,60000,681,11.462354100003722
equal_evaluations,F1,TSA,2,1882504.989534742,60000,681,11.286319199993159
equal_evaluations,F1,TSA,3,2605957.2629444613,60000,681,11.287610899991705
equal_evaluations,F1,TSA,4,2425913.5755344178,60000,681,10.278744299997925
equal_evaluations,F1,TSA,5,811319.2845866752,60000,681,10.911410899992916
equal_evaluations,F1,TSA,6,3228582.5773920906,60000,681,9.876306200007093
equal_evaluations,F1,TSA,7,220764.15740184058,60000,681,9.953548099991167
equal_evaluations,F1,TSA,8,374968.7956637436,60000,681,9.842628700003843
equal_evaluations,F1,TSA,9,230665.30048107618,60000,681,9.730551599990577
equal_evaluations,F1,SOS,0,768.5716352321278,59910,499,2.2600877999939257
equal_evaluations,F1,SOS,1,925.0612135125106,59910,499,2.2509580999903847
equal_evaluations,F1,SOS,2,714.658994215351,59910,499,3.404512799999793
equal_evaluations,F1,SOS,3,641.4432290515078,59910,499,2.2365176000021165
equal_evaluations,F1,SOS,4,14587.438717706982,59910,499,2.2640475000080187
equal_evaluations,F1,SOS,5,6661.145681309906,59910,499,2.257940299998154
equal_evaluations,F1,SOS,6,1685.349195158185,59910,499,2.2845851000020048
equal_evaluations,F1,SOS,7,5633.751529931963,59910,499,2.248791899997741
equal_evaluations,F1,SOS,8,504.32707969868494,59910,499,2.2296651000069687
equal_evaluations,F1,SOS,9,16658.296401849697,59910,499,2.268515200004913
equal_evaluations,F1,ES,0,14140576.448487515,59880,285,3.0550431000010576
equal_evaluations,F1,ES,1,58128388.477006055,59880,285,3.038559599997825
equal_evaluations,F1,ES,2,51046298.19209476,59880,285,3.031440199993085
equal_evaluations,F1,ES,3,2685593.5070925374,59880,285,2.427572999993572
equal_evaluations,F1,ES,4,6605785.556584267,59880,285,2.9972490000072867
equal_evaluations,F1,ES,5,4586586.9536635,59880,285,2.0537163999979384
equal_evaluations,F1,ES,6,29494462.60211184,59880,285,2.8991400000086287
equal_evaluations,F1,ES,7,1011622.7613342274,59880,285,2.0616068999952404
equal_evaluations,F1,ES,8,6567431.2215467375,59880,285,2.8663005999987945
equal_evaluations,F1,ES,9,60877856.92982176,59880,285,2.0739098000049125
equal_evaluations,F1,FA,0,152758206841.24374,59625,137,2.1613600999990012
equal_evaluations,F1,FA,1,152878800717.5588,59643,137,2.1545764000038616
equal_evaluations,F1,FA,2,109658102652.15373,59635,137,2.1945121999888215
equal_evaluations,F1,FA,3,132080775157.44838,59623,137,2.2223153000086313
equal_evaluations,F1,FA,4,149554017326.3177,59637,137,2.268979500004207
equal_evaluations,F1,FA,5,116802737396.72118,59634,137,2.151641099990229
equal_evaluations,F1,FA,6,153109721152.84848,59620,137,2.6527494999900227
equal_evaluations,F1,FA,7,128567735789.33417,59621,137,1.9248636000120314
equal_evaluations,F1,FA,8,125801988398.42763,59632,137,1.8793989999976475
equal_evaluations,F1,FA,9,130591739355.05237,59632,137,2.0410601000039605
equal_evaluations,F3,HS,0,2815.675370892602,60000,59970,16.432613699987996
equal_evaluations,F3,HS,1,849.592566641768,60000,59970,12.252097999997204
equal_evaluations,F3,HS,2,742.1152529666638,60000,59970,12.20762129999639
equal_evaluations,F3,HS,3,420.8836972906271,60000,59970,12.791246400011005
equal_evaluations,F3,HS,4,634.7453108623474,60000,59970,12.558456300001126
equal_evaluations,F3,HS,5,903.398438556263,60000,59970,16.677086800002144
equal_evaluations,F3,HS,6,995.7774961771518,60000,59970,16.756508400008897
equal_evaluations,F3,HS,7,609.7587809343861,60000,59970,12.274844200001098
equal_evaluations,F3,HS,8,1356.3099530034094,60000,59970,14.191259699990042
equal_evaluations,F3,HS,9,534.5288037378538,60000,59970,14.879133700000239
equal_evaluations,F3,LSHADE,0,200.00000000000003,59552,3499,12.065264200005913
equal_evaluations,F3,LSHADE,1,200.00000000000003,59552,3499,12.193212400001357
equal_evaluations,F3,LSHADE,2,200.00000000000006,59552,3499,7.864766200000304
equal_evaluations,F3,LSHADE,3,200.00000000000009,59552,3499,11.476196700008586
equal_evaluations,F3,LSHADE,4,200.00000000000017,59552,3499,8.388183000002755
equal_evaluations,F3,LSHADE,5,200.0000000000002,59552,3499,8.283519400007208
equal_evaluations,F3,LSHADE,6,200.00000000000006,59552,3499,7.878114499995718
equal_evaluations,F3,LSHADE,7,200.00000000000045,59552,3499,8.637321699992754
equal_evaluations,F3,LSHADE,8,200.00000000000003,59552,3499,12.099893499995233
equal_evaluations,F3,LSHADE,9,200.00000000000006,59552,3499,11.891945399998804
equal_evaluations,F3,PSO,0,45064.658717394246,60000,1999,1.8428060000005644
equal_evaluations,F3,PSO,1,45129.97494470912,60000,1999,1.2237691000045743
equal_evaluations,F3,PSO,2,46032.055162312325,60000,1999,1.3546358999883523
equal_evaluations,F3,PSO,3,71704.84606835438,60000,1999,1.6100357999966945
equal_evaluations,F3,PSO,4,68923.63260020156,60000,1999,1.2373520999972243
equal_evaluations,F3,PSO,5,34990.83715144133,60000,1999,1.8278553999989526
equal_evaluations,F3,PSO,6,63922.24395681875,60000,1999,1.4818595999968238
equal_evaluations,F3,PSO,7,36825.07467931875,60000,1999,1.6378175999998348
equal_evaluations,F3,PSO,8,56891.937021566795,60000,1999,1.563037699990673
equal_evaluations,F3,PSO,9,41405.816384777056,60000,1999,1.4949696999974549
equal_evaluations,F3,GWO,0,18326.590375387153,60000,1999,4.950859699994908
equal_evaluations,F3,GWO,1,34750.74688143574,60000,1999,4.687386899997364
equal_evaluations,F3,GWO,2,27268.020701738995,60000,1999,3.8116387000045506
equal_evaluations,F3,GWO,3,31607.57174683538,60000,1999,3.7906889999867417
equal_evaluations,F3,GWO,4,10382.94730037585,60000,1999,4.961393400008092
equal_evaluations,F3,GWO,5,14400.287904891535,60000,1999,3.833875500000431
equal_evaluations,F3,GWO,6,30093.609704047438,60000,1999,3.8388331000023754
equal_evaluations,F3,GWO,7,38543.591595281694,60000,1999,4.842285400009132
equal_evaluations,F3,GWO,8,12075.174705421183,60000,1999,3.821374499995727
equal_evaluations,F3,GWO,9,3707.2210342743206,60000,1999,5.053137900002184
equal_evaluations,F3,HHO,0,349.35474408695853,57700,1040,2.6272039000032237
equal_evaluations,F3,HHO,1,270.0887920690009,57972,1040,2.6297383999917656
equal_evaluations,F3,HHO,2,375.4623164305912,57792,1040,2.734152400007588
equal_evaluations,F3,HHO,3,374.9046549246291,58160,1040,2.719828300003428
equal_evaluations,F3,HHO,4,332.05461370942123,57700,1040,2.69094070000574
equal_evaluations,F3,HHO,5,290.63009570148813,57636,1040,2.690279599992209
equal_evaluations,F3,HHO,6,338.8476342015814,57532,1040,1.8464346999971895
equal_evaluations,F3,HHO,7,314.81728341817603,57404,1040,1.828340299995034
equal_evaluations,F3,HHO,8,310.5841127843661,57686,1040,1.8999433999997564
equal_evaluations,F3,HHO,9,303.02641798446996,57850,1040,2.570049200003268
equal_evaluations,F3,BFO,0,201.48654007133177,40401,762,1.5096040999924298
equal_evaluations,F3,BFO,1,201.55372487483055,40949,762,2.1165446000086376
equal_evaluations,F3,BFO,2,200.80921354929768,40304,762,1.4374185000051511
equal_evaluations,F3,BFO,3,201.8462995440418,40689,762,1.9958385000063572
equal_evaluations,F3,BFO,4,201.249064789801,40667,762,1.402156299998751
equal_evaluations,F3,BFO,5,201.7553988311969,40492,762,1.450935799992294
equal_evaluations,F3,BFO,6,200.89195494022206,40585,762,1.4746985999954632
equal_evaluations,F3,BFO,7,200.74186981964203,40292,762,2.0412899000075413
equal_evaluations,F3,BFO,8,201.2299707802616,40559,762,2.038212700004806
equal_evaluations,F3,BFO,9,201.11324973188277,40618,762,1.4617928999941796
equal_evaluations,F3,TSA,0,3215.1551612234,60000,681,11.277708299996448
equal_evaluations,F3,TSA,1,4346.364317212472,60000,681,10.9962627000059
equal_evaluations,F3,TSA,2,2813.14604475832,60000,681,10.220197899994673
equal_evaluations,F3,TSA,3,3025.119413231428,60000,681,10.24225860000297
equal_evaluations,F3,TSA,4,2618.007601587159,60000,681,10.15662720000546
equal_evaluations,F3,TSA,5,3013.5458759817934,60000,681,10.866022400005022
equal_evaluations,F3,TSA,6,2324.4147827587535,60000,681,9.966581599990604
equal_evaluations,F3,TSA,7,1059.1552685244974,60000,681,9.900079899991397
equal_evaluations,F3,TSA,8,2214.728867004859,60000,681,9.782966500002658
equal_evaluations,F3,TSA,9,3335.1478373538757,60000,681,9.894685899998876
equal_evaluations,F3,SOS,0,200.77444282069573,59910,499,3.1562501000007614
equal_evaluations,F3,SOS,1,204.5870232763056,59910,499,3.0974631999997655
equal_evaluations,F3,SOS,2,478.8574686292144,59910,499,4.0582200000062585
equal_evaluations,F3,SOS,3,200.288830685531,59910,499,2.6965808999957517
equal_evaluations,F3,SOS,4,200.29932509186114,59910,499,2.717097400003695
equal_evaluations,F3,SOS,5,227.1509524014528,59910,499,3.815587399993092
equal_evaluations,F3,SOS,6,201.74963441166855,59910,499,3.8079971999977715
equal_evaluations,F3,SOS,7,200.0275682692252,59910,499,2.651702999995905
equal_evaluations,F3,SOS,8,214.81034447244141,59910,499,2.6204775999940466
equal_evaluations,F3,SOS,9,200.40367127615522,59910,499,3.7530438999965554
equal_evaluations,F3,ES,0,1747.0702568368702,59880,285,2.3902492999914102
equal_evaluations,F3,ES,1,709.5594649858128,59880,285,3.53924410000036
equal_evaluations,F3,ES,2,436.4028890271343,59880,285,3.3053791999991518
equal_evaluations,F3,ES,3,2800.8268940810904,59880,285,3.32100339999306
equal_evaluations,F3,ES,4,1363.2544795336448,59880,285,3.457506100006867
equal_evaluations,F3,ES,5,923.1904738649564,59880,285,3.463534800001071
equal_evaluations,F3,ES,6,4621.457703363151,59880,285,2.360903699998744
equal_evaluations,F3,ES,7,5189.752994449878,59880,285,2.385651200005668
equal_evaluations,F3,ES,8,653.1218405472475,59880,285,2.367131099992548
equal_evaluations,F3,ES,9,1201.0009777132104,59880,285,2.4078258000081405
equal_evaluations,F3,FA,0,210550.41614471044,59624,137,3.44331040000543
equal_evaluations,F3,FA,1,1638960.3843347896,59635,137,2.4611762999993516
equal_evaluations,F3,FA,2,299867.9558820924,59633,137,3.088609500002349
equal_evaluations,F3,FA,3,246532.74110380633,59643,137,3.079714999999851
equal_evaluations,F3,FA,4,267996.9252571947,59620,137,2.324779699993087
equal_evaluations,F3,FA,5,444826.54393790616,59645,137,2.4045788000075845
equal_evaluations,F3,FA,6,313304.6750397612,59624,137,2.3887271999992663
equal_evaluations,F3,FA,7,180507.61770351118,59645,137,2.5163203999982215
equal_evaluations,F3,FA,8,345148.8072001894,59632,137,2.565866700009792
equal_evaluations,F3,FA,9,278078.36430678,59633,137,2.1582472000009147
equal_evaluations,F4,HS,0,435.5526157557455,60000,59970,17.03393400000641
equal_evaluations,F4,HS,1,332.8058361951852,60000,59970,12.420798899998772
equal_evaluations,F4,HS,2,419.458423081523,60000,59970,12.501096400010283
equal_evaluations,F4,HS,3,456.7201258463769,60000,59970,16.91696960000263
equal_evaluations,F4,HS,4,332.5815977985982,60000,59970,17.15441920000012
equal_evaluations,F4,HS,5,374.2759827515323,60000,59970,17.0352361999976
equal_evaluations,F4,HS,6,332.1913650733074,60000,59970,12.55153959999734
equal_evaluations,F4,HS,7,417.42152574735485,60000,59970,17.114651500000036
equal_evaluations,F4,HS,8,430.15933139249177,60000,59970,17.1648903000023
equal_evaluations,F4,HS,9,345.9835518625355,60000,59970,16.998207399999956
equal_evaluations,F4,LSHADE,0,300.27501551086476,59552,3499,8.152071900010924
equal_evaluations,F4,LSHADE,1,371.84288602132733,59552,3499,8.501777899989975
equal_evaluations,F4,LSHADE,2,371.93596637352044,59552,3499,8.23298970000178
equal_evaluations,F4,LSHADE,3,331.81071166476437,59552,3499,8.214979199998197
equal_evaluations,F4,LSHADE,4,378.2444148614216,59552,3499,12.325400599991553
equal_evaluations,F4,LSHADE,5,331.81071166472884,59552,3499,10.724445300002117
equal_evaluations,F4,LSHADE,6,377.621181225965,59552,3499,12.487632700009272
equal_evaluations,F4,LSHADE,7,300.48578246056724,59552,3499,8.317699899998843
equal_evaluations,F4,LSHADE,8,331.81071166770386,59552,3499,12.364662299994961
equal_evaluations,F4,LSHADE,9,333.07498130607445,59552,3499,12.395804300002055
equal_evaluations,F4,PSO,0,1619.5355780365899,60000,1999,2.0631623000081163
equal_evaluations,F4,PSO,1,1359.4891576898228,60000,1999,1.5346728000004077
equal_evaluations,F4,PSO,2,3756.94842378406,60000,1999,2.095292600002722
equal_evaluations,F4,PSO,3,2348.6799552663574,60000,1999,1.5295359000010649
equal_evaluations,F4,PSO,4,2039.64179661348,60000,1999,1.531193999995594
equal_evaluations,F4,PSO,5,2819.711536557892,60000,1999,1.524162100002286
equal_evaluations,F4,PSO,6,5246.178708897831,60000,1999,2.1079683999996632
equal_evaluations,F4,PSO,7,4677.511343988571,60000,1999,2.132500899999286
equal_evaluations,F4,PSO,8,2733.859573573421,60000,1999,1.5290458999952534
equal_evaluations,F4,PSO,9,2876.947373805896,60000,1999,1.5146129999920959
equal_evaluations,F4,GWO,0,488.04498027469594,60000,1999,4.147995799998171
equal_evaluations,F4,GWO,1,566.465679960706,60000,1999,4.138487799995346
equal_evaluations,F4,GWO,2,476.401920177958,60000,1999,4.1488561000005575
equal_evaluations,F4,GWO,3,662.6926045562267,60000,1999,4.1192372999939835
equal_evaluations,F4,GWO,4,468.7393330121613,60000,1999,4.135144500003662
equal_evaluations,F4,GWO,5,680.2632615287387,60000,1999,4.129231500002788
equal_evaluations,F4,GWO,6,577.4683566177175,60000,1999,4.149729099997785
equal_evaluations,F4,GWO,7,437.873277492853,60000,1999,4.130502700005309
equal_evaluations,F4,GWO,8,589.0879788289878,60000,1999,5.121494399994845
equal_evaluations,F4,GWO,9,515.4520651323836,60000,1999,5.098113900006865
equal_evaluations,F4,HHO,0,444.70123101511433,58000,1040,2.9709157000033883
equal_evaluations,F4,HHO,1,456.78361903879386,56642,1040,2.8948218000005
equal_evaluations,F4,HHO,2,476.319064787716,57928,1040,2.1393303999939235
equal_evaluations,F4,HHO,3,369.402156562637,56924,1040,2.1072503000032157
equal_evaluations,F4,HHO,4,393.41757382893195,57538,1040,3.0152487000013934
equal_evaluations,F4,HHO,5,402.31459129685345,58148,1040,3.05391599998984
equal_evaluations,F4,HHO,6,431.02063742149096,57982,1040,2.1638595999975223
equal_evaluations,F4,HHO,7,343.937436156872,57658,1040,2.161024600005476
equal_evaluations,F4,HHO,8,517.4006163340586,57708,1040,2.130815500000608
equal_evaluations,F4,HHO,9,389.65791208282786,58116,1040,2.1462221999972826
equal_evaluations,F4,BFO,0,331.1112255610062,40017,762,1.6519544000038877
equal_evaluations,F4,BFO,1,332.48011140523266,40233,762,1.6503072000050452
equal_evaluations,F4,BFO,2,331.99308079175813,40196,762,1.6717315999994753
equal_evaluations,F4,BFO,3,445.46565074662766,40616,762,1.6642671000008704
equal_evaluations,F4,BFO,4,316.9195681937201,40309,762,2.265347600012319
equal_evaluations,F4,BFO,5,375.76195704364557,40061,762,2.2902379000006476
equal_evaluations,F4,BFO,6,331.97395425616526,39852,762,1.6596447000047192
equal_evaluations,F4,BFO,7,334.0311902935921,40012,762,1.646211500003119
equal_evaluations,F4,BFO,8,331.94631423909783,40069,762,1.6581677999929525
equal_evaluations,F4,BFO,9,331.95662506352716,40192,762,1.6720790999970632
equal_evaluations,F4,TSA,0,347.778589276256,60000,681,10.909252400000696
equal_evaluations,F4,TSA,1,331.89981591254724,60000,681,11.113471699994989
equal_evaluations,F4,TSA,2,335.3353893268722,60000,681,10.900961200008169
equal_evaluations,F4,TSA,3,331.8947369351386,60000,681,10.978449999995064
equal_evaluations,F4,TSA,4,332.59287995089755,60000,681,11.746843399989302
equal_evaluations,F4,TSA,5,390.2678576711621,60000,681,11.678242300011334
equal_evaluations,F4,TSA,6,331.8571921926414,60000,681,10.706461800000397
equal_evaluations,F4,TSA,7,331.889986520144,60000,681,10.69010010000784
equal_evaluations,F4,TSA,8,331.8709043359778,60000,681,10.649840599988238
equal_evaluations,F4,TSA,9,331.8475913443249,60000,681,10.704465999995591
equal_evaluations,F4,SOS,0,380.10205213035124,59910,499,4.247357699990971
equal_evaluations,F4,SOS,1,446.3636116077281,59910,499,2.942958900006488
equal_evaluations,F4,SOS,2,390.5984953827817,59910,499,2.9904716000019107
equal_evaluations,F4,SOS,3,434.8727485195705,59910,499,4.164500099999714
equal_evaluations,F4,SOS,4,465.2485675811612,59910,499,2.9681840000121156
equal_evaluations,F4,SOS,5,474.8523415480847,59910,499,2.973487000010209
equal_evaluations,F4,SOS,6,505.0921179003648,59910,499,4.201067599991802
equal_evaluations,F4,SOS,7,300.6857536284493,59910,499,2.957949000003282
equal_evaluations,F4,SOS,8,382.97594456556703,59910,499,2.995701799998642
equal_evaluations,F4,SOS,9,378.6818951057565,59910,499,2.9671659000014188
equal_evaluations,F4,ES,0,337.5355465402851,59880,285,3.6931786999921314
equal_evaluations,F4,ES,1,376.8739173357079,59880,285,3.946425200003432
equal_evaluations,F4,ES,2,396.9303158688249,59880,285,3.889715099998284
equal_evaluations,F4,ES,3,349.52043317937074,59880,285,2.7242437999957474
equal_evaluations,F4,ES,4,399.0339668373033,59880,285,2.7594246000080602
equal_evaluations,F4,ES,5,522.1237195040366,59880,285,2.755643099997542
equal_evaluations,F4,ES,6,463.4300605918203,59880,285,2.772056000001612
equal_evaluations,F4,ES,7,444.2180291383694,59880,285,3.828336799997487
equal_evaluations,F4,ES,8,334.57462014830605,59880,285,2.8019389000110095
equal_evaluations,F4,ES,9,502.7501933593602,59880,285,3.8335338000033516
equal_evaluations,F4,FA,0,73721.89863439742,59610,137,3.744781100002001
equal_evaluations,F4,FA,1,67776.11449189762,59637,137,3.038840200009872
equal_evaluations,F4,FA,2,39457.57043665113,59624,137,3.754941699997289
equal_evaluations,F4,FA,3,25813.054265857067,59618,137,2.8095356000121683
equal_evaluations,F4,FA,4,37181.07295770414,59625,137,2.990574399998877
equal_evaluations,F4,FA,5,49027.37386246298,59628,137,2.7479492999991635
equal_evaluations,F4,FA,6,47492.255826017215,59618,137,2.77784559999418
equal_evaluations,F4,FA,7,76544.48143994513,59621,137,2.796539600007236
equal_evaluations,F4,FA,8,33903.077294061346,59642,137,2.9101735000003828
equal_evaluations,F4,FA,9,37708.98581977003,59625,137,2.8199747999897227
equal_evaluations,F5,HS,0,513.1366570899036,60000,59970,12.058428199990885
equal_evaluations,F5,HS,1,576.20488978602,60000,59970,16.23613979999209
equal_evaluations,F5,HS,2,523.9172856629756,60000,59970,16.134912800000166
equal_evaluations,F5,HS,3,525.2990580576268,60000,59970,12.133791100000963
equal_evaluations,F5,HS,4,544.5516888448274,60000,59970,15.98301779999747
equal_evaluations,F5,HS,5,507.80495599624874,60000,59970,12.098759499989683
equal_evaluations,F5,HS,6,579.0367584219845,60000,59970,15.704362499993294
equal_evaluations,F5,HS,7,515.290898753061,60000,59970,12.188989499991294
equal_evaluations,F5,HS,8,497.2067026106074,60000,59970,12.223190300006536
equal_evaluations,F5,HS,9,515.775372800374,60000,59970,16.149386000004597
equal_evaluations,F5,LSHADE,0,495.56200959226635,59552,3499,11.143195999989985
equal_evaluations,F5,LSHADE,1,446.7769393150336,59552,3499,7.600403499993263
equal_evaluations,F5,LSHADE,2,552.2496765116612,59552,3499,8.28097359999083
equal_evaluations,F5,LSHADE,3,518.4091027106648,59552,3499,11.112158000003546
equal_evaluations,F5,LSHADE,4,591.04179278505,59552,3499,11.216499500005739
equal_evaluations,F5,LSHADE,5,504.9801979215652,59552,3499,7.505465900001582
equal_evaluations,F5,LSHADE,6,439.012886996499,59552,3499,10.990731400001096
equal_evaluations,F5,LSHADE,7,471.68380646401886,59552,3499,11.135560200011241
equal_evaluations,F5,LSHADE,8,476.67702216201656,59552,3499,11.014004199998453
equal_evaluations,F5,LSHADE,9,476.0925240730817,59552,3499,10.954597400006605
equal_evaluations,F5,PSO,0,52813.763207963,60000,1999,1.1997468000045046
equal_evaluations,F5,PSO,1,56712.64419109295,60000,1999,1.7595838999986881
equal_evaluations,F5,PSO,2,20266.44177084845,60000,1999,1.2105752999923425
equal_evaluations,F5,PSO,3,40359.79705486569,60000,1999,1.7588104999886127
equal_evaluations,F5,PSO,4,37423.04457485206,60000,1999,1.2101041999994777
equal_evaluations,F5,PSO,5,19450.485348830305,60000,1999,1.2145891999971354
equal_evaluations,F5,PSO,6,50745.15898268909,60000,1999,1.2095982000028016
equal_evaluations,F5,PSO,7,14636.085907541437,60000,1999,1.2481166000070516
equal_evaluations,F5,PSO,8,28475.846604091883,60000,1999,1.2271808999939822
equal_evaluations,F5,PSO,9,30875.95838640649,60000,1999,1.219557000003988
equal_evaluations,F5,GWO,0,1621.473979030823,60000,1999,4.891474299991387
equal_evaluations,F5,GWO,1,10370.085708651102,60000,1999,4.857737900005304
equal_evaluations,F5,GWO,2,2546.3925228293515,60000,1999,3.900648899987573
equal_evaluations,F5,GWO,3,4033.166786766811,60000,1999,3.866165599989472
equal_evaluations,F5,GWO,4,3286.2235684973507,60000,1999,3.820047200002591
equal_evaluations,F5,GWO,5,2182.4182566678705,60000,1999,3.9002000000036787
equal_evaluations,F5,GWO,6,3045.016167306367,60000,1999,3.8345070000068517
equal_evaluations,F5,GWO,7,1373.2455171210013,60000,1999,4.690877199987881
equal_evaluations,F5,GWO,8,1902.9406339935124,60000,1999,3.8372119999985443
equal_evaluations,F5,GWO,9,1691.963318244391,60000,1999,3.905463900009636
equal_evaluations,F5,HHO,0,991.0698617736423,57330,1040,2.5667132000089623
equal_evaluations,F5,HHO,1,846.9514327183185,56738,1040,1.8854814999940572
equal_evaluations,F5,HHO,2,1046.4794653442318,58042,1040,1.8256913000077475
equal_evaluations,F5,HHO,3,1117.001466720762,57782,1040,2.612344799999846
equal_evaluations,F5,HHO,4,854.9987393256042,57358,1040,2.6235378999990644
equal_evaluations,F5,HHO,5,812.4563148155071,57804,1040,2.6503505000000587
equal_evaluations,F5,HHO,6,1094.4846523235758,57644,1040,1.84244249999756
equal_evaluations,F5,HHO,7,980.9005410896178,58008,1040,1.8481928999972297
equal_evaluations,F5,HHO,8,890.193063601531,57640,1040,1.8453191000007791
equal_evaluations,F5,HHO,9,903.9002429349416,57046,1040,1.8181503000087105
equal_evaluations,F5,BFO,0,670.6433725442153,40018,762,1.4187696000008145
equal_evaluations,F5,BFO,1,630.6580921922723,40118,762,1.4412875000125496
equal_evaluations,F5,BFO,2,591.1311435280219,40073,762,1.4523010999982944
equal_evaluations,F5,BFO,3,628.5390559943767,40220,762,1.4391131000011228
equal_evaluations,F5,BFO,4,625.5950309152516,39950,762,2.0298008999961894
equal_evaluations,F5,BFO,5,614.8768264695418,39466,762,1.4197760999959428
equal_evaluations,F5,BFO,6,612.9037786206932,39358,762,1.4130082000046968
equal_evaluations,F5,BFO,7,697.8940288462152,39609,762,1.4424909999943338
equal_evaluations,F5,BFO,8,586.6219943309143,39749,762,1.4016038999980083
equal_evaluations,F5,BFO,9,540.1854859209895,39293,762,1.3949197000038112
equal_evaluations,F5,TSA,0,654.6288499022186,60000,681,10.159461400005966
equal_evaluations,F5,TSA,1,647.0326268627022,60000,681,10.085623600010877
equal_evaluations,F5,TSA,2,625.4697169272129,60000,681,10.564602200000081
equal_evaluations,F5,TSA,3,600.5526424485647,60000,681,11.082232300002943
equal_evaluations,F5,TSA,4,666.3316920198148,60000,681,10.848713300001691
equal_evaluations,F5,TSA,5,634.8448291581094,60000,681,9.966693399997894
equal_evaluations,F5,TSA,6,639.6710874508324,60000,681,10.463542600002256
equal_evaluations,F5,TSA,7,677.9575996294418,60000,681,10.01655290000781
equal_evaluations,F5,TSA,8,609.6565770484315,60000,681,9.646893900004216
equal_evaluations,F5,TSA,9,654.0971819997305,60000,681,10.584398199993302
equal_evaluations,F5,SOS,0,568.3659855443975,59910,499,2.635678199992981
equal_evaluations,F5,SOS,1,718.5126041229535,59910,499,2.656660099994042
equal_evaluations,F5,SOS,2,929.0967167207104,59910,499,2.6248197999957483
equal_evaluations,F5,SOS,3,706.5539962577404,59910,499,2.63305560000299
equal_evaluations,F5,SOS,4,559.6812247056564,59910,499,2.6478267000056803
equal_evaluations,F5,SOS,5,755.3982551441957,59910,499,2.6337621999991825
equal_evaluations,F5,SOS,6,629.0393221478299,59910,499,2.6367603999970015
equal_evaluations,F5,SOS,7,635.0610428494034,59910,499,2.6477026999928057
equal_evaluations,F5,SOS,8,621.6203898782937,59910,499,2.651304999992135
equal_evaluations,F5,SOS,9,779.5368342971493,59910,499,2.636370899999747
equal_evaluations,F5,ES,0,3053.6438746081544,59880,285,3.462538500010851
equal_evaluations,F5,ES,1,1081.6052780580424,59880,285,3.4693941000004997
equal_evaluations,F5,ES,2,1479.973177280468,59880,285,3.4577367000019876
equal_evaluations,F5,ES,3,1407.3455432390583,59880,285,3.518256299998029
equal_evaluations,F5,ES,4,2323.847503455586,59880,285,3.481709800005774
equal_evaluations,F5,ES,5,1380.057595013629,59880,285,3.5187436000123853
equal_evaluations,F5,ES,6,1081.1537498321984,59880,285,3.4936697000084678
equal_evaluations,F5,ES,7,1081.7557675584085,59880,285,2.4101953000063077
equal_evaluations,F5,ES,8,712.1839049345406,59880,285,2.458355399998254
equal_evaluations,F5,ES,9,3061.3616395834606,59880,285,2.422334699993371
equal_evaluations,F5,FA,0,150167.32874307357,59629,137,2.542876100007561
equal_evaluations,F5,FA,1,159242.05222873765,59631,137,2.5868445000087377
equal_evaluations,F5,FA,2,139490.23630483,59637,137,2.59775639999134
equal_evaluations,F5,FA,3,147919.2467529284,59632,137,2.397517700010212
equal_evaluations,F5,FA,4,177740.68975295027,59634,137,2.555446000013035
equal_evaluations,F5,FA,5,144195.94937936665,59610,137,2.5183173999976134
equal_evaluations,F5,FA,6,116225.0152951738,59620,137,2.29665930000192
equal_evaluations,F5,FA,7,152434.06676973565,59638,137,2.1941767999960575
equal_evaluations,F5,FA,8,177070.29267888397,59633,137,2.3656553000037093
equal_evaluations,F5,FA,9,124868.33587584706,59622,137,2.2089829000033205
equal_evaluations,F6,HS,0,500.00000186905476,60000,59970,18.25402999999642
equal_evaluations,F6,HS,1,500.0000060584941,60000,59970,18.244698599999538
equal_evaluations,F6,HS,2,500.0000256087545,60000,59970,18.249538699994446
equal_evaluations,F6,HS,3,500.000027922834,60000,59970,21.43050729999959
equal_evaluations,F6,HS,4,500.00000013630137,60000,59970,18.20269429999462
equal_evaluations,F6,HS,5,500.00001931806725,60000,59970,18.227606000000378
equal_evaluations,F6,HS,6,500.00000086769734,60000,59970,23.563214200010407
equal_evaluations,F6,HS,7,500.00007671619306,60000,59970,18.24586999999883
equal_evaluations,F6,HS,8,500.0001424749709,60000,59970,22.90814529999625
equal_evaluations,F6,HS,9,500.00002250643666,60000,59970,22.920908800006146
equal_evaluations,F6,LSHADE,0,500.000000104009,59552,3499,18.218453800000134
equal_evaluations,F6,LSHADE,1,500.0000345451707,59552,3499,17.923620299989125
equal_evaluations,F6,LSHADE,2,500.0000014561783,59552,3499,17.269862400004058
equal_evaluations,F6,LSHADE,3,500.00007375897644,59552,3499,13.76072250001016
equal_evaluations,F6,LSHADE,4,500.00000052149295,59552,3499,13.627810000005411
equal_evaluations,F6,LSHADE,5,500.00000082077827,59552,3499,13.68447149998974
equal_evaluations,F6,LSHADE,6,500.00018250895835,59552,3499,13.964850799995475
equal_evaluations,F6,LSHADE,7,500.0000016298615,59552,3499,13.613471400007256
equal_evaluations,F6,LSHADE,8,500.00000082340574,59552,3499,17.34376489999704
equal_evaluations,F6,LSHADE,9,500.00001964664165,59552,3499,18.08800489999703
equal_evaluations,F6,PSO,0,500.00235435415374,60000,1999,8.302315299995826
equal_evaluations,F6,PSO,1,500.0011164591544,60000,1999,8.342624700002489
equal_evaluations,F6,PSO,2,500.0020810439741,60000,1999,7.208058499993058
equal_evaluations,F6,PSO,3,500.0017160301622,60000,1999,8.62046740000369
equal_evaluations,F6,PSO,4,500.0040234422629,60000,1999,8.530508399999235
equal_evaluations,F6,PSO,5,500.0031676539267,60000,1999,8.534782300004736
equal_evaluations,F6,PSO,6,500.00039135684125,60000,1999,7.234133999998448
equal_evaluations,F6,PSO,7,500.0030487677251,60000,1999,8.519513899998856
equal_evaluations,F6,PSO,8,500.0046881828854,60000,1999,7.2260627999930875
equal_evaluations,F6,PSO,9,500.01012600272094,60000,1999,7.2335010999959195
equal_evaluations,F6,GWO,0,500.00010700565844,60000,1999,11.638749000005191
equal_evaluations,F6,GWO,1,500.00021154603076,60000,1999,9.834582299998146
equal_evaluations,F6,GWO,2,500.0008996551477,60000,1999,9.845841100002872
equal_evaluations,F6,GWO,3,500.00054256780527,60000,1999,10.099155199990491
equal_evaluations,F6,GWO,4,500.00052063218266,60000,1999,9.853722100000596
equal_evaluations,F6,GWO,5,500.0003212455427,60000,1999,9.852362199992058
equal_evaluations,F6,GWO,6,500.0003672162432,60000,1999,11.247193399991374
equal_evaluations,F6,GWO,7,500.00047699091357,60000,1999,11.2303694000002
equal_evaluations,F6,GWO,8,500.00012415161166,60000,1999,11.625916099990718
equal_evaluations,F6,GWO,9,500.0000393529756,60000,1999,11.316156800006866
equal_evaluations,F6,HHO,0,500.00586770306046,58282,1040,9.318155300003127
equal_evaluations,F6,HHO,1,500.0051527246211,57800,1040,9.271441599994432
equal_evaluations,F6,HHO,2,500.0134105517371,58106,1040,7.692934200007585
equal_evaluations,F6,HHO,3,500.00918932077343,57480,1040,9.117164399998728
equal_evaluations,F6,HHO,4,500.0059541260416,58230,1040,7.831776400009403
equal_evaluations,F6,HHO,5,500.000208920544,57278,1040,7.586567999998806
equal_evaluations,F6,HHO,6,500.00792942614845,57444,1040,7.636880200006999
equal_evaluations,F6,HHO,7,500.00581339367204,57282,1040,7.7636829999974
equal_evaluations,F6,HHO,8,500.0012954809088,57752,1040,7.731486999997287
equal_evaluations,F6,HHO,9,500.0171766580548,57800,1040,7.7507940999930725
equal_evaluations,F6,BFO,0,500.0000215688417,37746,762,5.304543999998714
equal_evaluations,F6,BFO,1,500.0039964083794,37703,762,6.053272000004654
equal_evaluations,F6,BFO,2,500.0005971176988,37396,762,5.891087800002424
equal_evaluations,F6,BFO,3,500.0031100447558,37418,762,5.978317199987941
equal_evaluations,F6,BFO,4,500.00264690635555,37839,762,6.001015700006974
equal_evaluations,F6,BFO,5,500.0000158524519,37704,762,5.25726620000205
equal_evaluations,F6,BFO,6,500.0006846102491,38232,762,5.357837799994741
equal_evaluations,F6,BFO,7,500.0000443712527,37693,762,6.249414999998407
equal_evaluations,F6,BFO,8,500.0006864554378,37695,762,6.139243099998566
equal_evaluations,F6,BFO,9,500.00003856544294,37455,762,6.110271099998499
equal_evaluations,F6,TSA,0,500.0169782660709,60000,681,16.925281999996514
equal_evaluations,F6,TSA,1,500.0149696915058,60000,681,19.13481319999846
equal_evaluations,F6,TSA,2,500.0137987581637,60000,681,17.25764640000125
equal_evaluations,F6,TSA,3,500.01841950551966,60000,681,17.121782699992764
equal_evaluations,F6,TSA,4,500.0196570627671,60000,681,17.099292400002014
equal_evaluations,F6,TSA,5,500.0156048466051,60000,681,17.126826699997764
equal_evaluations,F6,TSA,6,500.01146833359365,60000,681,16.837996400005068
equal_evaluations,F6,TSA,7,500.02044575189825,60000,681,17.885177300006035
equal_evaluations,F6,TSA,8,500.0240172023837,60000,681,17.889167400004226
equal_evaluations,F6,TSA,9,500.01801562111683,60000,681,17.660897099995054
equal_evaluations,F6,SOS,0,500.0000035494065,59910,499,10.655615600000601
equal_evaluations,F6,SOS,1,500.00012208979626,59910,499,10.425952299992787
equal_evaluations,F6,SOS,2,500.0024084192346,59910,499,8.738476600003196
equal_evaluations,F6,SOS,3,500.000004947889,59910,499,8.801548399991589
equal_evaluations,F6,SOS,4,500.00100810943513,59910,499,8.702627199993003
equal_evaluations,F6,SOS,5,500.00017965247554,59910,499,8.733948100009002
equal_evaluations,F6,SOS,6,500.0000231548553,59910,499,8.876249099994311
equal_evaluations,F6,SOS,7,500.00000715704635,59910,499,8.790412699992885
equal_evaluations,F6,SOS,8,500.00001355299474,59910,499,8.838739600003464
equal_evaluations,F6,SOS,9,500.0002995483182,59910,499,8.799471899998025
equal_evaluations,F6,ES,0,500.00095614516516,59880,285,9.969479299994418
equal_evaluations,F6,ES,1,500.00000468261794,59880,285,9.795986199998879
equal_evaluations,F6,ES,2,500.00012461779164,59880,285,9.942558900002041
equal_evaluations,F6,ES,3,500.00000374587114,59880,285,9.803356699994765
equal_evaluations,F6,ES,4,500.0002179004757,59880,285,8.607787899993127
equal_evaluations,F6,ES,5,500.0027331831013,59880,285,9.816322300001048
equal_evaluations,F6,ES,6,500.00092187892074,59880,285,9.81871520000277
equal_evaluations,F6,ES,7,500.00050131596583,59880,285,9.822069300003932
equal_evaluations,F6,ES,8,500.00003268813776,59880,285,9.719885200000135
equal_evaluations,F6,ES,9,500.00026128101644,59880,285,9.676878099999158
equal_evaluations,F6,FA,0,500.1194506897559,59635,137,9.742442500006291
equal_evaluations,F6,FA,1,500.1573549936744,59643,137,8.782243599998765
equal_evaluations,F6,FA,2,500.17622435160695,59615,137,7.091781800001627
equal_evaluations,F6,FA,3,500.1073653803085,59684,137,6.615810799994506
equal_evaluations,F6,FA,4,500.12054186196787,59612,137,7.185907600010978
equal_evaluations,F6,FA,5,500.145513175654,59659,137,6.8057042000000365
equal_evaluations,F6,FA,6,500.1429656747341,59634,137,6.495677300001262
equal_evaluations,F6,FA,7,500.1217275389408,59605,137,6.835781400004635
equal_evaluations,F6,FA,8,500.1116954665617,59644,137,6.61505139998917
equal_evaluations,F6,FA,9,500.0656522430761,59602,137,6.385978700011037
equal_evaluations,F7,HS,0,1739.256978916389,60000,59970,18.75557760000811
equal_evaluations,F7,HS,1,1003.3089553661318,60000,59970,13.454767299990635
equal_evaluations,F7,HS,2,1603.2220166323157,60000,59970,13.460989100000006
equal_evaluations,F7,HS,3,1406.806829611784,60000,59970,13.35823780001374
equal_evaluations,F7,HS,4,1340.5188076416377,60000,59970,13.458812899989425
equal_evaluations,F7,HS,5,1220.536747468214,60000,59970,18.289862599995104
equal_evaluations,F7,HS,6,1104.7856261786694,60000,59970,18.378388299999642
equal_evaluations,F7,HS,7,1453.6900599687838,60000,59970,13.510790500004077
equal_evaluations,F7,HS,8,1213.6390469408313,60000,59970,13.533306299999822
equal_evaluations,F7,HS,9,1026.6656200601844,60000,59970,13.519459200004349
equal_evaluations,F7,LSHADE,0,773.0684237654011,59552,3499,12.71491869998863
equal_evaluations,F7,LSHADE,1,737.8847007072841,59552,3499,8.887714800002868
equal_evaluations,F7,LSHADE,2,715.016307802444,59552,3499,12.612389000001713
equal_evaluations,F7,LSHADE,3,775.0510818868314,59552,3499,8.752230099998997
equal_evaluations,F7,LSHADE,4,723.2068842215575,59552,3499,12.690286700002616
equal_evaluations,F7,LSHADE,5,734.0450099525927,59552,3499,8.872409099989454
equal_evaluations,F7,LSHADE,6,974.2081721186843,59552,3499,13.199511700004223
equal_evaluations,F7,LSHADE,7,719.3885826622967,59552,3499,13.285698399995454
equal_evaluations,F7,LSHADE,8,880.3667227547676,59552,3499,12.733957499993267
equal_evaluations,F7,LSHADE,9,709.8967583538686,59552,3499,13.210054300012416
equal_evaluations,F7,PSO,0,1039896.9616167758,60000,1999,3.3232308000006014
equal_evaluations,F7,PSO,1,758986.0664025916,60000,1999,2.426108400002704
equal_evaluations,F7,PSO,2,864336.2403341831,60000,1999,3.4683897999930196
equal_evaluations,F7,PSO,3,515942.29049740994,60000,1999,3.4560447000112617
equal_evaluations,F7,PSO,4,844090.5706824237,60000,1999,3.3172417000023415
equal_evaluations,F7,PSO,5,613603.494702155,60000,1999,2.3423536000045715
equal_evaluations,F7,PSO,6,2037712.7426429384,60000,1999,3.513429900005576
equal_evaluations,F7,PSO,7,882411.9215992007,60000,1999,2.337068699998781
equal_evaluations,F7,PSO,8,920255.7266348646,60000,1999,2.3420400000031805
equal_evaluations,F7,PSO,9,454631.8023342482,60000,1999,2.316554899996845
equal_evaluations,F7,GWO,0,36934.0830757559,60000,1999,6.668607700004941
equal_evaluations,F7,GWO,1,99756.53908534064,60000,1999,4.945280200001434
equal_evaluations,F7,GWO,2,225807.05321719256,60000,1999,4.9338982999906875
equal_evaluations,F7,GWO,3,68143.61123529113,60000,1999,4.934053100005258
equal_evaluations,F7,GWO,4,33951.048047545286,60000,1999,4.9138798999920255
equal_evaluations,F7,GWO,5,81819.93921534144,60000,1999,4.943434299988439
equal_evaluations,F7,GWO,6,84473.71527368469,60000,1999,4.998876400000881
equal_evaluations,F7,GWO,7,54926.414819274316,60000,1999,6.366404300002614
equal_evaluations,F7,GWO,8,171692.62016365028,60000,1999,6.3500515000050655
equal_evaluations,F7,GWO,9,45110.10922412524,60000,1999,6.611024600002565
equal_evaluations,F7,HHO,0,5094.6118179023115,58110,1040,4.315197899995837
equal_evaluations,F7,HHO,1,5488.7991763338805,57718,1040,4.339975400012918
equal_evaluations,F7,HHO,2,5118.111119543345,57962,1040,2.933372200001031
equal_evaluations,F7,HHO,3,5955.710375152419,58244,1040,4.425244599988218
equal_evaluations,F7,HHO,4,4447.930445501492,57510,1040,2.9161066000087885
equal_evaluations,F7,HHO,5,5425.401889007854,57474,1040,2.9001025000034133
equal_evaluations,F7,HHO,6,5676.443896268736,57870,1040,2.9815338000043994
equal_evaluations,F7,HHO,7,5511.533290605582,57178,1040,2.9312694999971427
equal_evaluations,F7,HHO,8,4679.054259699857,57836,1040,3.026270200003637
equal_evaluations,F7,HHO,9,6758.191920427956,57548,1040,4.2629199999937555
equal_evaluations,F7,BFO,0,936.9069831416841,39809,762,3.2019850999931805
equal_evaluations,F7,BFO,1,962.8414307684423,39769,762,2.1863002000027336
equal_evaluations,F7,BFO,2,927.5797094996097,40155,762,2.20875089999754
equal_evaluations,F7,BFO,3,1022.794152976028,39787,762,2.1940385999914724
equal_evaluations,F7,BFO,4,919.7312026314262,39489,762,2.2276300999947125
equal_evaluations,F7,BFO,5,905.9714383127946,39892,762,3.132934399996884
equal_evaluations,F7,BFO,6,939.8889570515337,40120,762,3.146213700005319
equal_evaluations,F7,BFO,7,1022.8622159989264,39658,762,2.9750637999968603
equal_evaluations,F7,BFO,8,902.8541683804557,39814,762,2.1923148999921978
equal_evaluations,F7,BFO,9,985.1797205123517,40160,762,2.2156707999965874
equal_evaluations,F7,TSA,0,891.1861519460571,60000,681,11.408546899998328
equal_evaluations,F7,TSA,1,872.3616343736735,60000,681,11.56596079999872
equal_evaluations,F7,TSA,2,907.6014185387287,60000,681,11.604061799996998
equal_evaluations,F7,TSA,3,883.3673102213356,60000,681,11.27503789999173
equal_evaluations,F7,TSA,4,909.2979302433478,60000,681,11.273926099995151
equal_evaluations,F7,TSA,5,919.0885402240734,60000,681,12.011511899996549
equal_evaluations,F7,TSA,6,911.384936689395,60000,681,11.572848600000725
equal_evaluations,F7,TSA,7,908.7137856201259,60000,681,12.00899479999498
equal_evaluations,F7,TSA,8,900.166566264584,60000,681,11.152856500004418
equal_evaluations,F7,TSA,9,888.4507125114877,60000,681,11.203304800001206
equal_evaluations,F7,SOS,0,1197.8219268592993,59910,499,3.956737600004999
equal_evaluations,F7,SOS,1,1113.0437948793603,59910,499,3.782225799994194
equal_evaluations,F7,SOS,2,1305.9710360298943,59910,499,5.425031599996146
equal_evaluations,F7,SOS,3,996.0925869683715,59910,499,5.450015800000983
equal_evaluations,F7,SOS,4,996.6789918280308,59910,499,5.632124499999918
equal_evaluations,F7,SOS,5,1032.318505137856,59910,499,5.4656360000080895
equal_evaluations,F7,SOS,6,1390.9598617037595,59910,499,5.525494300003629
equal_evaluations,F7,SOS,7,1715.458837018221,59910,499,5.467844700004207
equal_evaluations,F7,SOS,8,853.0402549295363,59910,499,3.851734199997736
equal_evaluations,F7,SOS,9,988.7293729557704,59910,499,5.4870804999955
equal_evaluations,F7,ES,0,5662.130913310162,59880,285,4.56194339999638
equal_evaluations,F7,ES,1,3386.0988896566582,59880,285,5.2328013999940595
equal_evaluations,F7,ES,2,7317.1674124900965,59880,285,3.5894060999999056
equal_evaluations,F7,ES,3,2102.171252089931,59880,285,3.6237128999928245
equal_evaluations,F7,ES,4,1595.186902127139,59880,285,3.650046000009752
equal_evaluations,F7,ES,5,2639.0125525610047,59880,285,3.66327380000439
equal_evaluations,F7,ES,6,3168.9997774455856,59880,285,3.5798242000018945
equal_evaluations,F7,ES,7,3670.3397665105654,59880,285,3.6520245000137947
equal_evaluations,F7,ES,8,9343.585411583694,59880,285,4.068935700008296
equal_evaluations,F7,ES,9,7702.491633380113,59880,285,3.760854100008146
equal_evaluations,F7,FA,0,5570698.027555358,59628,137,3.496023100000457
equal_evaluations,F7,FA,1,5731582.393006989,59618,137,3.544757399999071
equal_evaluations,F7,FA,2,4678898.301728266,59635,137,3.5320087000000058
equal_evaluations,F7,FA,3,4623430.240818965,59627,137,3.2486891000007745
equal_evaluations,F7,FA,4,4480447.699118527,59632,137,3.7874999000050593
equal_evaluations,F7,FA,5,6983157.829458022,59626,137,3.3307674000097904
equal_evaluations,F7,FA,6,4851160.231822728,59621,137,3.6441078999923775
equal_evaluations,F7,FA,7,5446441.595757676,59624,137,3.569758300000103
equal_evaluations,F7,FA,8,5963999.2874154905,59625,137,3.6278885999927297
equal_evaluations,F7,FA,9,5600050.762115381,59622,137,3.466969999994035
equal_evaluations,F8,HS,0,857.5552827238967,60000,59970,21.935075700006564
equal_evaluations,F8,HS,1,802.9329263523098,60000,59970,16.03796630000579
equal_evaluations,F8,HS,2,798.2505191659328,60000,59970,15.98741320001136
equal_evaluations,F8,HS,3,796.0122308636933,60000,59970,21.787527699998464
equal_evaluations,F8,HS,4,811.5825003272075,60000,59970,16.022827199994936
equal_evaluations,F8,HS,5,759.6178088113952,60000,59970,22.6927219999925
equal_evaluations,F8,HS,6,833.5521534939337,60000,59970,16.004251000005752
equal_evaluations,F8,HS,7,884.495185186932,60000,59970,21.894713400004548
equal_evaluations,F8,HS,8,818.8056038545384,60000,59970,16.116831399995135
equal_evaluations,F8,HS,9,805.7569351074668,60000,59970,15.976404300003196
equal_evaluations,F8,LSHADE,0,794.0003898799127,59552,3499,17.001774200005457
equal_evaluations,F8,LSHADE,1,774.0005658178878,59552,3499,16.92443889999413
equal_evaluations,F8,LSHADE,2,766.0113359456807,59552,3499,11.70108739999705
equal_evaluations,F8,LSHADE,3,756.0096551721866,59552,3499,11.789147100003902
equal_evaluations,F8,LSHADE,4,794.431201215839,59552,3499,16.288629000002402
equal_evaluations,F8,LSHADE,5,816.0000636093864,59552,3499,11.58407250000164
equal_evaluations,F8,LSHADE,6,812.0982054532076,59552,3499,16.226777199990465
equal_evaluations,F8,LSHADE,7,846.0000599258354,59552,3499,16.84285010000167
equal_evaluations,F8,LSHADE,8,842.0000057181273,59552,3499,16.500512699989486
equal_evaluations,F8,LSHADE,9,798.0071150661541,59552,3499,16.89528500000597
equal_evaluations,F8,PSO,0,1248.0,60000,1999,6.565183799990336
equal_evaluations,F8,PSO,1,1178.0,60000,1999,4.814331400004448
equal_evaluations,F8,PSO,2,1199.8673193822772,60000,1999,6.558306399994763
equal_evaluations,F8,PSO,3,1207.8389684087851,60000,1999,4.895983800000977
equal_evaluations,F8,PSO,4,1017.8529974420776,60000,1999,6.932484499993734
equal_evaluations,F8,PSO,5,1042.0,60000,1999,4.821761799990782
equal_evaluations,F8,PSO,6,1082.0,60000,1999,6.881116799995652
equal_evaluations,F8,PSO,7,1060.0,60000,1999,6.860671399990679
equal_evaluations,F8,PSO,8,1066.0,60000,1999,4.80462749999424
equal_evaluations,F8,PSO,9,1024.5,60000,1999,4.821996300001047
equal_evaluations,F8,GWO,0,908.0038186363934,60000,1999,7.432164800004102
equal_evaluations,F8,GWO,1,866.0000013355688,60000,1999,7.486390999998548
equal_evaluations,F8,GWO,2,929.0000321844734,60000,1999,8.848308000000543
equal_evaluations,F8,GWO,3,914.5000065813637,60000,1999,7.429484599997522
equal_evaluations,F8,GWO,4,971.9132559173364,60000,1999,7.45327760001237
equal_evaluations,F8,GWO,5,838.796473345438,60000,1999,7.465114399994491
equal_evaluations,F8,GWO,6,930.5462899454672,60000,1999,7.515394699992612
equal_evaluations,F8,GWO,7,912.170538684019,60000,1999,9.67315360000066
equal_evaluations,F8,GWO,8,896.4470405223127,60000,1999,9.6627179000061
equal_evaluations,F8,GWO,9,840.0003090513701,60000,1999,10.063397299993085
equal_evaluations,F8,HHO,0,1107.2781393650862,57872,1040,5.594770700001391
equal_evaluations,F8,HHO,1,1278.6773071937512,57214,1040,7.499626399992849
equal_evaluations,F8,HHO,2,1306.5000028309955,58580,1040,5.454499999992549
equal_evaluations,F8,HHO,3,1161.4121392069483,57398,1040,5.35818750000908
equal_evaluations,F8,HHO,4,1055.45604705484,58082,1040,5.383131599999615
equal_evaluations,F8,HHO,5,1303.3368870710308,57670,1040,5.33711019999464
equal_evaluations,F8,HHO,6,1138.8790423148275,57980,1040,5.444721200008644
equal_evaluations,F8,HHO,7,1230.5,58466,1040,5.44835669999884
equal_evaluations,F8,HHO,8,1056.1718000892326,57336,1040,5.356706899998244
equal_evaluations,F8,HHO,9,1109.2294641767257,57532,1040,5.3728011999919545
equal_evaluations,F8,BFO,0,1416.5000011775478,34143,762,3.480454499993357
equal_evaluations,F8,BFO,1,1246.0000094510397,33787,762,3.397059700000682
equal_evaluations,F8,BFO,2,1270.0000007201038,33802,762,3.4256751999928383
equal_evaluations,F8,BFO,3,1282.0001262952985,33643,762,3.3935216999961995
equal_evaluations,F8,BFO,4,1108.000214871135,33851,762,4.614921700005652
equal_evaluations,F8,BFO,5,1274.000131347488,34021,762,4.898763499993947
equal_evaluations,F8,BFO,6,1324.0000630550826,33718,762,3.3863432000071043
equal_evaluations,F8,BFO,7,1358.000001240489,33751,762,3.421435600001132
equal_evaluations,F8,BFO,8,1356.0000415215009,33873,762,3.331873600007384
equal_evaluations,F8,BFO,9,1340.000000284956,33978,762,3.3662560999946436
equal_evaluations,F8,TSA,0,1069.289508605318,60000,681,14.390769299992826
equal_evaluations,F8,TSA,1,1131.509701454016,60000,681,14.368093499986571
equal_evaluations,F8,TSA,2,1121.7550872927745,60000,681,14.540994700000738
equal_evaluations,F8,TSA,3,1070.8111405566278,60000,681,14.49451570000383
equal_evaluations,F8,TSA,4,1130.0966787014245,60000,681,15.321312100000796
equal_evaluations,F8,TSA,5,1134.7564277591232,60000,681,15.358250499994028
equal_evaluations,F8,TSA,6,1163.804589772321,60000,681,15.260767200001283
equal_evaluations,F8,TSA,7,1131.9784408569487,60000,681,15.369262599997455
equal_evaluations,F8,TSA,8,1110.2170121275567,60000,681,14.353885100004845
equal_evaluations,F8,TSA,9,1171.0641063860096,60000,681,14.26789989999088
equal_evaluations,F8,SOS,0,935.557038062586,59910,499,9.135526600002777
equal_evaluations,F8,SOS,1,1092.9783378895368,59910,499,9.156803300007596
equal_evaluations,F8,SOS,2,961.9184886221452,59910,499,9.040770500010694
equal_evaluations,F8,SOS,3,872.0711687206281,59910,499,9.17549959999451
equal_evaluations,F8,SOS,4,919.3809839472791,59910,499,9.116299199988134
equal_evaluations,F8,SOS,5,871.1772575576273,59910,499,6.378065400000196
equal_evaluations,F8,SOS,6,891.6125708513396,59910,499,9.153691899991827
equal_evaluations,F8,SOS,7,945.2734682794237,59910,499,6.402495699992869
equal_evaluations,F8,SOS,8,919.5844757691813,59910,499,6.50550800000201
equal_evaluations,F8,SOS,9,1015.1480265408375,59910,499,6.459875900007319
equal_evaluations,F8,ES,0,1054.0,59880,285,6.236316700000316
equal_evaluations,F8,ES,1,1054.0,59880,285,6.262947399998666
equal_evaluations,F8,ES,2,1152.0,59880,285,8.339791200007312
equal_evaluations,F8,ES,3,1010.0,59880,285,6.247752800001763
equal_evaluations,F8,ES,4,1040.5,59880,285,6.174313000010443
equal_evaluations,F8,ES,5,1139.5,59880,285,6.275682000006782
equal_evaluations,F8,ES,6,1070.5,59880,285,6.2028685999976005
equal_evaluations,F8,ES,7,1205.0,59880,285,8.153240499988897
equal_evaluations,F8,ES,8,944.5,59880,285,7.08519639998849
equal_evaluations,F8,ES,9,898.0,59880,285,7.064629800006514
equal_evaluations,F8,FA,0,1923.103025183812,59655,137,7.242307100008475
equal_evaluations,F8,FA,1,2111.4429929159496,59708,137,6.805729800005793
equal_evaluations,F8,FA,2,1963.193115819652,59763,137,6.3120360999892
equal_evaluations,F8,FA,3,2090.7956163954705,59667,137,6.092323299992131
equal_evaluations,F8,FA,4,1932.4906155608073,59658,137,6.165810100006638
equal_evaluations,F8,FA,5,1967.3931136017654,59709,137,6.02593540000089
equal_evaluations,F8,FA,6,2018.281660592811,59629,137,5.911485199991148
equal_evaluations,F8,FA,7,1881.270636644606,59703,137,5.9756939000071725
equal_evaluations,F8,FA,8,2166.292812034888,59776,137,5.248972800007323
equal_evaluations,F8,FA,9,2032.033068640237,59659,137,5.347048400013591
equal_evaluations,F9,HS,0,800.2878687479867,60000,59970,13.43074529999285
equal_evaluations,F9,HS,1,800.6356632457557,60000,59970,13.402805499994429
equal_evaluations,F9,HS,2,801.0029848339257,60000,59970,13.293170200005989
equal_evaluations,F9,HS,3,801.4761577984254,60000,59970,13.305963799997699
equal_evaluations,F9,HS,4,800.6604680955969,60000,59970,13.298589800004265
equal_evaluations,F9,HS,5,800.191910662932,60000,59970,13.340315200010082
equal_evaluations,F9,HS,6,801.009167581184,60000,59970,18.119939999989583
equal_evaluations,F9,HS,7,800.7315189092776,60000,59970,18.107592600004864
equal_evaluations,F9,HS,8,801.243944106846,60000,59970,13.325144300004467
equal_evaluations,F9,HS,9,800.4607095963072,60000,59970,18.372333200008143
equal_evaluations,F9,LSHADE,0,800.7229087698406,59552,3499,13.26600309999776
equal_evaluations,F9,LSHADE,1,800.8124370202568,59552,3499,8.97668259999773
equal_evaluations,F9,LSHADE,2,801.4458175396804,59552,3499,13.125883400003659
equal_evaluations,F9,LSHADE,3,800.8124370202577,59552,3499,12.862184700003127
equal_evaluations,F9,LSHADE,4,800.0000000000006,59552,3499,12.882974100008141
equal_evaluations,F9,LSHADE,5,800.26858475125,59552,3499,10.376604200006113
equal_evaluations,F9,LSHADE,6,800.0000000000005,59552,3499,12.881550400008564
equal_evaluations,F9,LSHADE,7,800.4476412520823,59552,3499,12.692655899998499
equal_evaluations,F9,LSHADE,8,801.452500306189,59552,3499,13.372832399996696
equal_evaluations,F9,LSHADE,9,800.3581130016663,59552,3499,10.912848100007977
equal_evaluations,F9,PSO,0,812.5164463511883,60000,1999,3.018691299992497
equal_evaluations,F9,PSO,1,825.380953964782,60000,1999,3.0628619999915827
equal_evaluations,F9,PSO,2,814.8126701884111,60000,1999,2.3253576999995857
equal_evaluations,F9,PSO,3,815.8365955185075,60000,1999,3.0289781000028597
equal_evaluations,F9,PSO,4,818.7290883803521,60000,1999,3.100207900002715
equal_evaluations,F9,PSO,5,815.1678439619075,60000,1999,2.356799300003331
equal_evaluations,F9,PSO,6,817.9556571769301,60000,1999,2.326405799991335
equal_evaluations,F9,PSO,7,823.5466870878815,60000,1999,2.2980753000010736
equal_evaluations,F9,PSO,8,822.0355523274428,60000,1999,2.341667700005928
equal_evaluations,F9,PSO,9,825.1795987616696,60000,1999,2.333777600011672
equal_evaluations,F9,GWO,0,802.9307974270363,60000,1999,6.254903600012767
equal_evaluations,F9,GWO,1,806.6683475928911,60000,1999,4.962170699989656
equal_evaluations,F9,GWO,2,804.6705513478126,60000,1999,4.886126499986858
equal_evaluations,F9,GWO,3,803.2418224745317,60000,1999,4.901227000009385
equal_evaluations,F9,GWO,4,804.2731227122708,60000,1999,4.9027682000014465
equal_evaluations,F9,GWO,5,802.9454552958599,60000,1999,4.948722500004806
equal_evaluations,F9,GWO,6,803.2625068678923,60000,1999,4.936180399992736
equal_evaluations,F9,GWO,7,806.0869155152873,60000,1999,4.909298500002478
equal_evaluations,F9,GWO,8,803.1884178446229,60000,1999,6.108430000007502
equal_evaluations,F9,GWO,9,804.9949591569259,60000,1999,6.128273399997852
equal_evaluations,F9,HHO,0,811.2829200944126,57306,1040,3.8621951999957673
equal_evaluations,F9,HHO,1,809.202492814679,57516,1040,3.8587675000017043
equal_evaluations,F9,HHO,2,816.0036262373692,57732,1040,2.9261008000030415
equal_evaluations,F9,HHO,3,808.794532316902,57644,1040,3.911445499994443
equal_evaluations,F9,HHO,4,809.9229803024804,57276,1040,3.9492648000014015
equal_evaluations,F9,HHO,5,818.5778408478286,58134,1040,4.022184699992067
equal_evaluations,F9,HHO,6,805.7462715423322,57410,1040,2.8601181999983964
equal_evaluations,F9,HHO,7,830.5333475841452,57658,1040,2.869505199996638
equal_evaluations,F9,HHO,8,819.2556552638843,57898,1040,2.9115295999945374
equal_evaluations,F9,HHO,9,815.3400311367226,58150,1040,2.919486600003438
equal_evaluations,F9,BFO,0,814.5413154842499,38415,762,2.1421621999907074
equal_evaluations,F9,BFO,1,825.5984612647756,38814,762,2.158964999995078
equal_evaluations,F9,BFO,2,819.3463318630083,38803,762,2.1417393000010634
equal_evaluations,F9,BFO,3,817.101675021576,38904,762,2.1563739999983227
equal_evaluations,F9,BFO,4,814.652071648869,39057,762,2.8432296999963
equal_evaluations,F9,BFO,5,821.9889400458703,38859,762,2.87065050000092
equal_evaluations,F9,BFO,6,820.1175698871666,38956,762,2.1189736999949673
equal_evaluations,F9,BFO,7,815.991588462678,39020,762,2.1568692000000738
equal_evaluations,F9,BFO,8,821.8459598327596,38485,762,2.1077572999929544
equal_evaluations,F9,BFO,9,821.0649485070749,38672,762,2.107173199998215
equal_evaluations,F9,TSA,0,800.0851431096157,60000,681,11.602187899989076
equal_evaluations,F9,TSA,1,800.1996502165791,60000,681,11.330350200005341
equal_evaluations,F9,TSA,2,800.6386525354212,60000,681,12.272066499994253
equal_evaluations,F9,TSA,3,800.14740328014,60000,681,11.396802899995237
equal_evaluations,F9,TSA,4,800.2529615537562,60000,681,12.130650499995681
equal_evaluations,F9,TSA,5,800.2765153832203,60000,681,11.678612100004102
equal_evaluations,F9,TSA,6,800.2447046999914,60000,681,10.84990580000158
equal_evaluations,F9,TSA,7,800.2347739046513,60000,681,11.629291500008549
equal_evaluations,F9,TSA,8,800.6570634410537,60000,681,10.801926999993157
equal_evaluations,F9,TSA,9,800.0747399885652,60000,681,10.569525200000498
equal_evaluations,F9,SOS,0,805.0833087329943,59910,499,3.7996928000065964
equal_evaluations,F9,SOS,1,801.6429761865803,59910,499,5.148836899999878
equal_evaluations,F9,SOS,2,807.8846419900138,59910,499,5.214165400000638
equal_evaluations,F9,SOS,3,803.8993689727886,59910,499,3.7863547000015387
equal_evaluations,F9,SOS,4,804.6354748705361,59910,499,3.83133829999133
equal_evaluations,F9,SOS,5,801.9933077160711,59910,499,5.157762399991043
equal_evaluations,F9,SOS,6,802.644448304156,59910,499,5.146995999995852
equal_evaluations,F9,SOS,7,801.6315941336637,59910,499,5.120496499992441
equal_evaluations,F9,SOS,8,803.5424132675861,59910,499,5.161851100012427
equal_evaluations,F9,SOS,9,810.827200678625,59910,499,5.125391700014006
equal_evaluations,F9,ES,0,805.2700165356259,59880,285,4.858718999996199
equal_evaluations,F9,ES,1,810.4487053516797,59880,285,3.620516299997689
equal_evaluations,F9,ES,2,811.2683586603141,59880,285,3.607389200013131
equal_evaluations,F9,ES,3,815.4127792221781,59880,285,3.6257172000041464
equal_evaluations,F9,ES,4,805.7660993939459,59880,285,3.665490500003216
equal_evaluations,F9,ES,5,815.8610249992172,59880,285,3.563477099989541
equal_evaluations,F9,ES,6,811.4768145604899,59880,285,4.823029299994232
equal_evaluations,F9,ES,7,810.379130281768,59880,285,3.5748841000022367
equal_evaluations,F9,ES,8,821.7669232245289,59880,285,3.6506984000006923
equal_evaluations,F9,ES,9,809.417700554798,59880,285,3.53699300000153
equal_evaluations,F9,FA,0,925.3083893555638,59608,137,3.507348600003752
equal_evaluations,F9,FA,1,900.1983410572001,59625,137,3.387215599999763
equal_evaluations,F9,FA,2,920.1540604011188,59623,137,3.3839022000029217
equal_evaluations,F9,FA,3,872.9592170343443,59617,137,3.2554046000004746
equal_evaluations,F9,FA,4,905.1140051501033,59634,137,3.27122270000109
equal_evaluations,F9,FA,5,913.2811042147765,59649,137,3.2891570000065258
equal_evaluations,F9,FA,6,900.0307455305142,59632,137,3.3667661999934353
equal_evaluations,F9,FA,7,928.1107951445148,59637,137,3.407728300007875
equal_evaluations,F9,FA,8,935.1025432740151,59635,137,3.185505199988256
equal_evaluations,F9,FA,9,929.4873171630177,59612,137,3.345585299990489
equal_evaluations,F10,HS,0,25.66871910140435,60000,59970,20.99935950001236
equal_evaluations,F10,HS,1,2474.4925950279357,60000,59970,15.725823199987644
equal_evaluations,F10,HS,2,837.7524638211344,60000,59970,15.566530900003272
equal_evaluations,F10,HS,3,1801.4786117024832,60000,59970,15.611978700006148
equal_evaluations,F10,HS,4,1915.5769287512503,60000,59970,20.553893700009212
equal_evaluations,F10,HS,5,568.2211099371998,60000,59970,20.944344899995485
equal_evaluations,F10,HS,6,-1454.4279273294942,60000,59970,15.627715499998885
equal_evaluations,F10,HS,7,-2844.61318268146,60000,59970,20.482573500004946
equal_evaluations,F10,HS,8,1852.9714237561857,60000,59970,20.68985649998649
equal_evaluations,F10,HS,9,1008.5956404463359,60000,59970,20.62395930000639
equal_evaluations,F10,LSHADE,0,-4297.36260408596,59552,3499,14.781118300001253
equal_evaluations,F10,LSHADE,1,-5457.671606004667,59552,3499,15.024749799995334
equal_evaluations,F10,LSHADE,2,-4521.018387100401,59552,3499,15.059198100003414
equal_evaluations,F10,LSHADE,3,-5080.26195990479,59552,3499,14.77707680000458
equal_evaluations,F10,LSHADE,4,-4814.287970216836,59552,3499,14.75443770000129
equal_evaluations,F10,LSHADE,5,-4220.57688654033,59552,3499,14.774043600002187
equal_evaluations,F10,LSHADE,6,-4739.731059459471,59552,3499,13.545624799997313
equal_evaluations,F10,LSHADE,7,-5421.420928823234,59552,3499,11.09952419999172
equal_evaluations,F10,LSHADE,8,-5317.110272161124,59552,3499,11.033060299989302
equal_evaluations,F10,LSHADE,9,-5057.400636329632,59552,3499,11.25221189999138
equal_evaluations,F10,PSO,0,-3559.043579877769,60000,1999,4.598051999986637
equal_evaluations,F10,PSO,1,-466.543416194334,60000,1999,4.5487602000066545
equal_evaluations,F10,PSO,2,-123.17299705369805,60000,1999,4.521124399994733
equal_evaluations,F10,PSO,3,-92.30386178126355,60000,1999,4.6258609000069555
equal_evaluations,F10,PSO,4,-1185.8315617872995,60000,1999,4.563362300003064
equal_evaluations,F10,PSO,5,-474.47699730393106,60000,1999,5.209722100000363
equal_evaluations,F10,PSO,6,-290.851253032386,60000,1999,5.4424320999969495
equal_evaluations,F10,PSO,7,32.836444099802975,60000,1999,4.609575300011784
equal_evaluations,F10,PSO,8,-499.3334738870435,60000,1999,5.399199899999076
equal_evaluations,F10,PSO,9,-334.0447121204197,60000,1999,4.573049700004049
equal_evaluations,F10,GWO,0,-1705.3594734770195,60000,1999,8.617484400005196
equal_evaluations,F10,GWO,1,527.1907284341614,60000,1999,7.215272499990533
equal_evaluations,F10,GWO,2,2053.0091684136205,60000,1999,6.9149125999974785
equal_evaluations,F10,GWO,3,84.25763590891984,60000,1999,7.1850772999896435
equal_evaluations,F10,GWO,4,-1777.967313041474,60000,1999,7.118677799997386
equal_evaluations,F10,GWO,5,555.7162428630672,60000,1999,7.137801899996703
equal_evaluations,F10,GWO,6,-1615.8225750342262,60000,1999,6.942330199992284
equal_evaluations,F10,GWO,7,288.5321099252251,60000,1999,7.127915400007623
equal_evaluations,F10,GWO,8,-2759.1841774160293,60000,1999,6.951774700006354
equal_evaluations,F10,GWO,9,-1222.2096520534978,60000,1999,7.1487143999984255
equal_evaluations,F10,HHO,0,795.1675618299541,57624,1040,6.146570000011707
equal_evaluations,F10,HHO,1,-557.9307140855271,57920,1040,6.184332400007406
equal_evaluations,F10,HHO,2,45.81238741109155,57456,1040,5.069641599999159
equal_evaluations,F10,HHO,3,1852.0429027563205,57336,1040,6.1592644000047585
equal_evaluations,F10,HHO,4,-278.07549978901807,57990,1040,5.1028128000034485
equal_evaluations,F10,HHO,5,532.3807297076946,57830,1040,5.12390890000097
equal_evaluations,F10,HHO,6,5244.549710885818,57758,1040,5.134289699999499
equal_evaluations,F10,HHO,7,2441.608064050155,57640,1040,5.049397200011299
equal_evaluations,F10,HHO,8,1454.5215068642192,57600,1040,5.06043499999214
equal_evaluations,F10,HHO,9,2971.832785145187,57806,1040,6.160333299994818
equal_evaluations,F10,BFO,0,-633.7443681755722,34790,762,3.293461799999932
equal_evaluations,F10,BFO,1,-3850.282201275677,34616,762,3.8938469999993686
equal_evaluations,F10,BFO,2,-995.9088109038657,34672,762,3.286263100002543
equal_evaluations,F10,BFO,3,-794.2753288652057,34663,762,3.338698100007605
equal_evaluations,F10,BFO,4,-3113.60328155175,34821,762,3.3171727000008104
equal_evaluations,F10,BFO,5,-2612.2577852947725,34495,762,3.2886162999930093
equal_evaluations,F10,BFO,6,-1643.0353543577548,34575,762,3.2953966000059154
equal_evaluations,F10,BFO,7,-746.5962026751768,34781,762,3.3114598999964073
equal_evaluations,F10,BFO,8,-1918.2643865650552,34387,762,3.936095600001863
equal_evaluations,F10,BFO,9,-1425.0135273596352,34559,762,3.949393399991095
equal_evaluations,F10,TSA,0,3687.8028107975933,60000,681,14.6239704000036
equal_evaluations,F10,TSA,1,3521.241168891531,60000,681,14.562298900011228
equal_evaluations,F10,TSA,2,2122.6631855028263,60000,681,14.250700500007952
equal_evaluations,F10,TSA,3,3456.4303289649724,60000,681,14.64625380000507
equal_evaluations,F10,TSA,4,3913.562976303261,60000,681,13.676615499993204
equal_evaluations,F10,TSA,5,3630.9938514362984,60000,681,13.89687199999753
equal_evaluations,F10,TSA,6,3846.0420043002723,60000,681,14.62002499999653
equal_evaluations,F10,TSA,7,3475.65379799905,60000,681,14.33937899999728
equal_evaluations,F10,TSA,8,3234.1845599097924,60000,681,13.808250400004908
equal_evaluations,F10,TSA,9,4072.007161229025,60000,681,13.650206899998011
equal_evaluations,F10,SOS,0,-1463.8318056025491,59910,499,7.6203835000051185
equal_evaluations,F10,SOS,1,350.04087079267265,59910,499,6.1530083999969065
equal_evaluations,F10,SOS,2,-1827.5974148077858,59910,499,6.1108374999894295
equal_evaluations,F10,SOS,3,-1845.4900140821192,59910,499,6.1064893000002485
equal_evaluations,F10,SOS,4,8.984721493314282,59910,499,6.152767899999162
equal_evaluations,F10,SOS,5,-1034.472747021795,59910,499,6.092401000001701
equal_evaluations,F10,SOS,6,-1104.9596172590936,59910,499,6.112833999999566
equal_evaluations,F10,SOS,7,-1172.0783881832394,59910,499,6.126140399996075
equal_evaluations,F10,SOS,8,-1110.4197320576222,59910,499,6.095742699995753
equal_evaluations,F10,SOS,9,-1116.4143814075687,59910,499,6.095015099999728
equal_evaluations,F10,ES,0,-3340.216634132252,59880,285,6.414068900005077
equal_evaluations,F10,ES,1,-1980.9976529219603,59880,285,5.863870699991821
equal_evaluations,F10,ES,2,403.92649577899647,59880,285,5.8373154000000795
equal_evaluations,F10,ES,3,-3467.964465493955,59880,285,6.9365610999957426
equal_evaluations,F10,ES,4,-909.8640663090846,59880,285,6.697179000009783
equal_evaluations,F10,ES,5,-1839.1145366474448,59880,285,6.446204399995622
equal_evaluations,F10,ES,6,-2083.778974462113,59880,285,5.965608499987866
equal_evaluations,F10,ES,7,-1378.8839136543756,59880,285,5.995020699992892
equal_evaluations,F10,ES,8,-726.3157545450958,59880,285,6.103361000001314
equal_evaluations,F10,ES,9,-2610.5138380078115,59880,285,5.971747699994012
equal_evaluations,F10,FA,0,7728.173408796863,59677,137,6.0294144000072265
equal_evaluations,F10,FA,1,8282.128340604562,59730,137,6.068743600000744
equal_evaluations,F10,FA,2,7643.465406109704,59791,137,5.716817099993932
equal_evaluations,F10,FA,3,6794.850290756239,59850,137,5.763497199994163
equal_evaluations,F10,FA,4,7482.268269131558,59704,137,5.411644499996328
equal_evaluations,F10,FA,5,7147.516337293062,59663,137,5.7103349000099115
equal_evaluations,F10,FA,6,8474.709513647536,59680,137,5.810602300000028
equal_evaluations,F10,FA,7,5734.126149765007,59712,137,5.5759088000049815
equal_evaluations,F10,FA,8,6892.658264492854,59747,137,5.688553899992257
equal_evaluations,F10,FA,9,8340.72329760867,59716,137,5.523913800003356
equal_evaluations,F11,HS,0,26081.026881762547,60000,59970,14.119459900000948
equal_evaluations,F11,HS,1,16804.348055186667,60000,59970,14.06357119999302
equal_evaluations,F11,HS,2,34678.64775583915,60000,59970,14.159037100005662
equal_evaluations,F11,HS,3,38189.37477526812,60000,59970,14.098429099991336
equal_evaluations,F11,HS,4,12918.940679229707,60000,59970,14.304281799995806
equal_evaluations,F11,HS,5,20078.68265174247,60000,59970,14.125169199993252
equal_evaluations,F11,HS,6,25872.66323977668,60000,59970,14.070662099999026
equal_evaluations,F11,HS,7,17484.272489696683,60000,59970,14.070003300003009
equal_evaluations,F11,HS,8,19226.262552974018,60000,59970,19.552072699996643
equal_evaluations,F11,HS,9,36840.315398408966,60000,59970,19.354465600001276
equal_evaluations,F11,LSHADE,0,2216.96640618719,59552,3499,14.31169139999838
equal_evaluations,F11,LSHADE,1,2204.362351090342,59552,3499,13.63703899999382
equal_evaluations,F11,LSHADE,2,1440.909239184718,59552,3499,14.44546590000391
equal_evaluations,F11,LSHADE,3,5638.223768479307,59552,3499,13.779584999996587
equal_evaluations,F11,LSHADE,4,1587.179790623355,59552,3499,9.866586299991468
equal_evaluations,F11,LSHADE,5,3159.3596847342005,59552,3499,14.11994780000532
equal_evaluations,F11,LSHADE,6,4826.819034097774,59552,3499,13.767822299996624
equal_evaluations,F11,LSHADE,7,1507.3827903796555,59552,3499,14.384984699994675
equal_evaluations,F11,LSHADE,8,2115.3170372585396,59552,3499,10.198832699999912
equal_evaluations,F11,LSHADE,9,1572.2511829268615,59552,3499,14.571582699994906
equal_evaluations,F11,PSO,0,187994.2728284872,60000,1999,4.197680900004343
equal_evaluations,F11,PSO,1,228663.74761021862,60000,1999,3.0050135999917984
equal_evaluations,F11,PSO,2,466526.54591725837,60000,1999,3.011082199998782
equal_evaluations,F11,PSO,3,340186.7189467558,60000,1999,3.0126099000044633
equal_evaluations,F11,PSO,4,637623.5954938643,60000,1999,3.0331063000048744
equal_evaluations,F11,PSO,5,8283060.283600588,60000,1999,4.127026799993473
equal_evaluations,F11,PSO,6,272743.9678712154,60000,1999,4.266514699993422
equal_evaluations,F11,PSO,7,1600542.611812277,60000,1999,3.489352999997209
equal_evaluations,F11,PSO,8,8559637.083454639,60000,1999,3.0238929000042845
equal_evaluations,F11,PSO,9,5225265.414217155,60000,1999,4.213282099997741
equal_evaluations,F11,GWO,0,116397.89817093253,60000,1999,5.68826490000356
equal_evaluations,F11,GWO,1,86939.01813426567,60000,1999,7.339767099998426
equal_evaluations,F11,GWO,2,69241.53533914426,60000,1999,5.624931700003799
equal_evaluations,F11,GWO,3,125478.9260813402,60000,1999,6.785196099997847
equal_evaluations,F11,GWO,4,97909.2927354914,60000,1999,5.663662000006298
equal_evaluations,F11,GWO,5,141032.445421975,60000,1999,5.625106499996036
equal_evaluations,F11,GWO,6,138832.51896174822,60000,1999,5.668200800006161
equal_evaluations,F11,GWO,7,113871.76022920234,60000,1999,7.214217699991423
equal_evaluations,F11,GWO,8,98084.36722294104,60000,1999,7.206575899996096
equal_evaluations,F11,GWO,9,88592.97008845408,60000,1999,7.313548899997841
equal_evaluations,F11,HHO,0,95126.26072410477,57172,1040,3.8095843000046443
equal_evaluations,F11,HHO,1,231491.85231593286,57382,1040,4.999927500000922
equal_evaluations,F11,HHO,2,82960.75127648195,56926,1040,3.562261499988381
equal_evaluations,F11,HHO,3,121124.59161372439,57522,1040,4.9392490000027465
equal_evaluations,F11,HHO,4,171966.39216716037,57754,1040,3.630432700010715
equal_evaluations,F11,HHO,5,87809.83336175836,56884,1040,3.533872899992275
equal_evaluations,F11,HHO,6,96124.02613380863,57898,1040,3.6260012999991886
equal_evaluations,F11,HHO,7,68088.95372735697,57648,1040,3.6104988000006415
equal_evaluations,F11,HHO,8,78143.19731100876,57568,1040,3.6107030999992276
equal_evaluations,F11,HHO,9,86939.84124350644,57546,1040,3.93484799998987
equal_evaluations,F11,BFO,0,127965.9761378686,39990,762,3.468177900009323
equal_evaluations,F11,BFO,1,123501.24701102173,40008,762,3.697891300005722
equal_evaluations,F11,BFO,2,65159.80164375496,41237,762,2.764763099999982
equal_evaluations,F11,BFO,3,99579.03342013,40970,762,2.7424881999904756
equal_evaluations,F11,BFO,4,205801.98965110595,40150,762,3.65283969999291
equal_evaluations,F11,BFO,5,190546.5027829027,40574,762,3.689003399995272
equal_evaluations,F11,BFO,6,36372.1982370107,41499,762,3.801902200008044
equal_evaluations,F11,BFO,7,127991.14306696385,40394,762,2.689990200000466
equal_evaluations,F11,BFO,8,121254.74237326527,40143,762,2.6536562999972375
equal_evaluations,F11,BFO,9,52752.70357448766,41543,762,2.763577899997472
equal_evaluations,F11,TSA,0,172316.7444959759,60000,681,13.010244999997667
equal_evaluations,F11,TSA,1,223466.34162176226,60000,681,12.11306990000594
equal_evaluations,F11,TSA,2,144264.4683490972,60000,681,11.900032899997314
equal_evaluations,F11,TSA,3,151656.31306507747,60000,681,11.74055300001055
equal_evaluations,F11,TSA,4,140754.52426245058,60000,681,12.358749400009401
equal_evaluations,F11,TSA,5,237028.67348537932,60000,681,12.398650599992834
equal_evaluations,F11,TSA,6,171898.3963946297,60000,681,12.170137099994463
equal_evaluations,F11,TSA,7,303273.8568744697,60000,681,11.68994670000393
equal_evaluations,F11,TSA,8,166424.7890820513,60000,681,11.959492399997544
equal_evaluations,F11,TSA,9,140675.00688410594,60000,681,11.897679600006086
equal_evaluations,F11,SOS,0,11714.056247368802,59910,499,4.943312300005346
equal_evaluations,F11,SOS,1,22449.05985819519,59910,499,4.505021599994507
equal_evaluations,F11,SOS,2,11668.95201779786,59910,499,4.6025207999919076
equal_evaluations,F11,SOS,3,22136.51721298149,59910,499,5.6942459999991115
equal_evaluations,F11,SOS,4,4496.617903977356,59910,499,4.544661899999483
equal_evaluations,F11,SOS,5,5439.029588235106,59910,499,4.530397900001844
equal_evaluations,F11,SOS,6,6727.351032607481,59910,499,4.5397374000021955
equal_evaluations,F11,SOS,7,31978.79216899322,59910,499,6.128896399997757
equal_evaluations,F11,SOS,8,9253.985476310663,59910,499,4.529578100002254
equal_evaluations,F11,SOS,9,6395.52143591543,59910,499,4.704313700000057
equal_evaluations,F11,ES,0,76368.12626348893,59880,285,5.891402299996116
equal_evaluations,F11,ES,1,58196.29498302759,59880,285,4.313978699996369
equal_evaluations,F11,ES,2,79703.14047498704,59880,285,5.883888800002751
equal_evaluations,F11,ES,3,91578.59979085527,59880,285,5.943893399991794
equal_evaluations,F11,ES,4,83597.68762427501,59880,285,5.737673800002085
equal_evaluations,F11,ES,5,55644.24369491689,59880,285,5.887960699998075
equal_evaluations,F11,ES,6,43139.07636301567,59880,285,4.331689800004824
equal_evaluations,F11,ES,7,105031.97514312486,59880,285,5.767561600005138
equal_evaluations,F11,ES,8,62081.76587795394,59880,285,4.306418099993607
equal_evaluations,F11,ES,9,41313.87082867524,59880,285,5.580967000001692
equal_evaluations,F11,FA,0,5178480283.358055,59630,137,4.355813999995007
equal_evaluations,F11,FA,1,13619021562.364288,59640,137,4.164912399995956
equal_evaluations,F11,FA,2,13677164141.99752,59622,137,4.310714999999618
equal_evaluations,F11,FA,3,1776941345.8408182,59635,137,4.3493054999999
equal_evaluations,F11,FA,4,9384582400.2068,59636,137,4.248889399998006
equal_evaluations,F11,FA,5,1134370743.7390327,59632,137,4.230504100007238
equal_evaluations,F11,FA,6,1831443713.9752128,59630,137,4.287502800012589
equal_evaluations,F11,FA,7,3157958395.031512,59618,137,4.33247960000881
equal_evaluations,F11,FA,8,6109295997.550667,59635,137,4.197170400002506
equal_evaluations,F11,FA,9,6744421960.443048,59613,137,3.983359300007578
equal_evaluations,F12,HS,0,225904.06715821332,60000,59970,21.283057699998608
equal_evaluations,F12,HS,1,91785.6576012349,60000,59970,16.561065200003213
equal_evaluations,F12,HS,2,166893.86850459216,60000,59970,21.69804909999948
equal_evaluations,F12,HS,3,66823.4625279143,60000,59970,22.07595769999898
equal_evaluations,F12,HS,4,67278.55439062377,60000,59970,16.393282799996086
equal_evaluations,F12,HS,5,56686.32896932811,60000,59970,22.425543000004836
equal_evaluations,F12,HS,6,129959.7469496196,60000,59970,21.914040799994837
equal_evaluations,F12,HS,7,102027.45356161911,60000,59970,21.71284089999972
equal_evaluations,F12,HS,8,51154.300423046465,60000,59970,16.54735220001021
equal_evaluations,F12,HS,9,21999.9657881556,60000,59970,19.522960699992836
equal_evaluations,F12,LSHADE,0,7804.80892409451,59552,3499,12.701218100002734
equal_evaluations,F12,LSHADE,1,2290.3454524731446,59552,3499,12.489596899991739
equal_evaluations,F12,LSHADE,2,3517.3975458944597,59552,3499,16.378354599990416
equal_evaluations,F12,LSHADE,3,6500.8498613932115,59552,3499,13.244586300002993
equal_evaluations,F12,LSHADE,4,4716.146437342565,59552,3499,13.45028170000296
equal_evaluations,F12,LSHADE,5,5799.190249675581,59552,3499,16.877206399993156
equal_evaluations,F12,LSHADE,6,3664.521560816578,59552,3499,14.513794099999359
equal_evaluations,F12,LSHADE,7,4642.853954890746,59552,3499,12.472012199999881
equal_evaluations,F12,LSHADE,8,2376.2178792540963,59552,3499,12.130998499997077
equal_evaluations,F12,LSHADE,9,2911.6329170460713,59552,3499,17.301595299999462
equal_evaluations,F12,PSO,0,4934863808.01604,60000,1999,5.385285399999702
equal_evaluations,F12,PSO,1,3144980060.8143797,60000,1999,5.63390659999277
equal_evaluations,F12,PSO,2,1987478173.2831569,60000,1999,5.49704479999491
equal_evaluations,F12,PSO,3,3455857045.1332464,60000,1999,6.624845500002266
equal_evaluations,F12,PSO,4,7576822264.1784725,60000,1999,5.415278400003444
equal_evaluations,F12,PSO,5,5003491425.380775,60000,1999,5.495533000008436
equal_evaluations,F12,PSO,6,2031054862.7856064,60000,1999,6.69659990000946
equal_evaluations,F12,PSO,7,331148559.09438145,60000,1999,6.853822599994601
equal_evaluations,F12,PSO,8,5485392477.899106,60000,1999,6.691390000007232
equal_evaluations,F12,PSO,9,1574668997.4874215,60000,1999,5.520720200001961
equal_evaluations,F12,GWO,0,49324486.379465185,60000,1999,9.800216500007082
equal_evaluations,F12,GWO,1,38335897.608703226,60000,1999,8.0071031999978
equal_evaluations,F12,GWO,2,37550349.62477098,60000,1999,7.775751000008313
equal_evaluations,F12,GWO,3,35763270.78438834,60000,1999,8.006748300002073
equal_evaluations,F12,GWO,4,33673497.04707366,60000,1999,7.722279499997967
equal_evaluations,F12,GWO,5,24957857.706247237,60000,1999,8.124114099991857
equal_evaluations,F12,GWO,6,15241592.627137747,60000,1999,7.744735000000219
equal_evaluations,F12,GWO,7,10432822.825286299,60000,1999,7.860176300004241
equal_evaluations,F12,GWO,8,33443229.502733562,60000,1999,9.562054099995294
equal_evaluations,F12,GWO,9,656335186.3844346,60000,1999,9.46258000000671
equal_evaluations,F12,HHO,0,8897505.348361952,57380,1040,7.422290500006056
equal_evaluations,F12,HHO,1,76167340.71307024,57772,1040,7.086078799999086
equal_evaluations,F12,HHO,2,30841123.69051259,58148,1040,5.989382599989767
equal_evaluations,F12,HHO,3,42154116.56930832,57710,1040,7.493608999997377
equal_evaluations,F12,HHO,4,29294170.72664962,58162,1040,6.005231499992078
equal_evaluations,F12,HHO,5,33257908.716232415,57568,1040,5.673456999997143
equal_evaluations,F12,HHO,6,16043916.486190451,57302,1040,5.649671999999555
equal_evaluations,F12,HHO,7,92467697.1162976,57904,1040,5.774710800003959
equal_evaluations,F12,HHO,8,18429225.623076595,57430,1040,5.663421799996286
equal_evaluations,F12,HHO,9,15367407.506526686,57832,1040,5.9557089000009
equal_evaluations,F12,BFO,0,4156151.257651559,39597,762,4.175510300003225
equal_evaluations,F12,BFO,1,23905219.86981415,40236,762,4.314369200001238
equal_evaluations,F12,BFO,2,23070116.624100454,39695,762,4.292656799996621
equal_evaluations,F12,BFO,3,8532856.390196681,39916,762,5.360061899991706
equal_evaluations,F12,BFO,4,8148657.156486011,40112,762,4.551861400002963
equal_evaluations,F12,BFO,5,11564619.113976026,40010,762,4.321182800005772
equal_evaluations,F12,BFO,6,5114155.02498933,40172,762,5.4743970000126865
equal_evaluations,F12,BFO,7,22174605.325409666,40128,762,4.334361200002604
equal_evaluations,F12,BFO,8,17379567.462780282,39771,762,5.229272600001423
equal_evaluations,F12,BFO,9,14204396.614920853,39637,762,5.277938400002313
equal_evaluations,F12,TSA,0,32988034.380873784,60000,681,16.813494200003333
equal_evaluations,F12,TSA,1,31374670.291939653,60000,681,16.72054380000918
equal_evaluations,F12,TSA,2,33155249.397303775,60000,681,15.824913699994795
equal_evaluations,F12,TSA,3,19177307.66459821,60000,681,16.181460199994035
equal_evaluations,F12,TSA,4,38722489.450848,60000,681,15.686923500004923
equal_evaluations,F12,TSA,5,44936789.836274385,60000,681,15.18543789999967
equal_evaluations,F12,TSA,6,52250839.521820195,60000,681,16.24263169999176
equal_evaluations,F12,TSA,7,37378778.62466453,60000,681,15.655583300002036
equal_evaluations,F12,TSA,8,35482233.93433187,60000,681,16.03141389999655
equal_evaluations,F12,TSA,9,23867922.080899745,60000,681,15.257241500003147
equal_evaluations,F12,SOS,0,27814.345259629514,59910,499,7.154338199994527
equal_evaluations,F12,SOS,1,66367.89780650476,59910,499,6.9491923000023235
equal_evaluations,F12,SOS,2,47737.85790519527,59910,499,7.544274300002144
equal_evaluations,F12,SOS,3,106126.62781289796,59910,499,8.487006700001075
equal_evaluations,F12,SOS,4,10614.840909558221,59910,499,7.002408100001048
equal_evaluations,F12,SOS,5,32537.533681313434,59910,499,6.759813699987717
equal_evaluations,F12,SOS,6,9303.672943677886,59910,499,6.734312899992801
equal_evaluations,F12,SOS,7,19600.96868292677,59910,499,7.660860600008164
equal_evaluations,F12,SOS,8,14321.751570493037,59910,499,6.988540400008787
equal_evaluations,F12,SOS,9,12466.018087804285,59910,499,8.241936600010376
equal_evaluations,F12,ES,0,2336439.8451146525,59880,285,6.868202599987853
equal_evaluations,F12,ES,1,4175374.71957533,59880,285,7.339617799996631
equal_evaluations,F12,ES,2,349755.19411053363,59880,285,8.331437999993796
equal_evaluations,F12,ES,3,3578550.9758181754,59880,285,7.945318199999747
equal_evaluations,F12,ES,4,112038.34416774494,59880,285,7.776592099995469
equal_evaluations,F12,ES,5,1021034.7206489576,59880,285,8.276702899995144
equal_evaluations,F12,ES,6,10385144.854690619,59880,285,7.520502599989413
equal_evaluations,F12,ES,7,514662.52699528047,59880,285,7.7697632999916095
equal_evaluations,F12,ES,8,1477917.5767133965,59880,285,7.335328400004073
equal_evaluations,F12,ES,9,465075.1590630948,59880,285,7.735607599999639
equal_evaluations,F12,FA,0,27262838805.900917,59628,137,7.8069178000005195
equal_evaluations,F12,FA,1,27612845845.629787,59627,137,7.436424600004102
equal_evaluations,F12,FA,2,38860163534.20749,59627,137,6.710264399996959
equal_evaluations,F12,FA,3,26475190005.23033,59643,137,6.595009399999981
equal_evaluations,F12,FA,4,19774342382.32173,59625,137,6.003313599998364
equal_evaluations,F12,FA,5,31453821761.790276,59634,137,6.634718699991936
equal_evaluations,F12,FA,6,33095635094.333855,59621,137,6.8192935999977635
equal_evaluations,F12,FA,7,25442864127.249695,59623,137,6.022437499996158
equal_evaluations,F12,FA,8,32723923441.874153,59621,137,6.478507300009369
equal_evaluations,F12,FA,9,34241456301.108795,59625,137,6.310214699988137
equal_evaluations,F13,HS,0,4511.281913574368,60000,59970,20.124901299990597
equal_evaluations,F13,HS,1,3324.3561393339705,60000,59970,14.723717999993823
equal_evaluations,F13,HS,2,6742.080536607619,60000,59970,20.77262000000337
equal_evaluations,F13,HS,3,9240.26706518321,60000,59970,14.771628099988448
equal_evaluations,F13,HS,4,10254.998755592818,60000,59970,14.820171200000914
equal_evaluations,F13,HS,5,59860.318167850586,60000,59970,14.739675399992848
equal_evaluations,F13,HS,6,6964.828630447411,60000,59970,20.30821509999805
equal_evaluations,F13,HS,7,6543.697723792247,60000,59970,20.33854089998931
equal_evaluations,F13,HS,8,4531.0220350408,60000,59970,20.467498900005012
equal_evaluations,F13,HS,9,9636.308503225557,60000,59970,20.460534600002575
equal_evaluations,F13,LSHADE,0,12391.230248055452,59552,3499,14.691953999994439
equal_evaluations,F13,LSHADE,1,9966.814832070837,59552,3499,15.389261599993915
equal_evaluations,F13,LSHADE,2,6518.30959663868,59552,3499,10.34471140000096
equal_evaluations,F13,LSHADE,3,1584.531429482493,59552,3499,14.629709600005299
equal_evaluations,F13,LSHADE,4,3035.037341680417,59552,3499,15.39283460000297
equal_evaluations,F13,LSHADE,5,1349.7646334229487,59552,3499,14.645990800010622
equal_evaluations,F13,LSHADE,6,2528.7759137290977,59552,3499,14.712173499996425
equal_evaluations,F13,LSHADE,7,1815.7592149983216,59552,3499,10.24450459999207
equal_evaluations,F13,LSHADE,8,8640.67698057153,59552,3499,14.840836100003798
equal_evaluations,F13,LSHADE,9,2566.9376542365358,59552,3499,14.891161499996088
equal_evaluations,F13,PSO,0,3456917717.703764,60000,1999,3.6258658000006108
equal_evaluations,F13,PSO,1,409036494.0592646,60000,1999,3.611583399993833
equal_evaluations,F13,PSO,2,989499967.6914867,60000,1999,3.644019200000912
equal_evaluations,F13,PSO,3,229395176.6695276,60000,1999,5.0157958999916445
equal_evaluations,F13,PSO,4,399159892.1703044,60000,1999,3.6542697999975644
equal_evaluations,F13,PSO,5,3882114319.107295,60000,1999,3.6381032999925083
equal_evaluations,F13,PSO,6,378385498.34720504,60000,1999,5.139944800001103
equal_evaluations,F13,PSO,7,67452116.95044029,60000,1999,3.6567483999970136
equal_evaluations,F13,PSO,8,917108153.4481407,60000,1999,3.6480367000040133
equal_evaluations,F13,PSO,9,425881461.18949115,60000,1999,3.664756500002113
equal_evaluations,F13,GWO,0,184403.12960971275,60000,1999,6.2998299000028055
equal_evaluations,F13,GWO,1,857431119.8433925,60000,1999,6.307654199990793
equal_evaluations,F13,GWO,2,13752890.311063908,60000,1999,6.259600800010958
equal_evaluations,F13,GWO,3,22651449.928586826,60000,1999,6.2740334999980405
equal_evaluations,F13,GWO,4,789724.5622784377,60000,1999,6.259086100006243
equal_evaluations,F13,GWO,5,6211238.4763268,60000,1999,6.266135400001076
equal_evaluations,F13,GWO,6,3999027.9971688148,60000,1999,6.258506099999067
equal_evaluations,F13,GWO,7,4248015.494531172,60000,1999,6.213702599998214
equal_evaluations,F13,GWO,8,244179995.60766914,60000,1999,6.252936899996712
equal_evaluations,F13,GWO,9,26907852.39976428,60000,1999,6.261200099994312
equal_evaluations,F13,HHO,0,5828010.190072889,57306,1040,5.78179700000328
equal_evaluations,F13,HHO,1,2730334.270457426,58112,1040,5.940933699996094
equal_evaluations,F13,HHO,2,5774732.932263224,57500,1040,4.177879900002154
equal_evaluations,F13,HHO,3,6745682.052169324,57576,1040,4.2092544000042835
equal_evaluations,F13,HHO,4,23625834.041785683,57694,1040,4.200788999994984
equal_evaluations,F13,HHO,5,10980753.835604887,57264,1040,4.173440800004755
equal_evaluations,F13,HHO,6,19001745.065112557,57528,1040,4.210317800010671
equal_evaluations,F13,HHO,7,10731047.283328088,57922,1040,4.2293540999962715
equal_evaluations,F13,HHO,8,8787091.88070684,57358,1040,4.204798899998423
equal_evaluations,F13,HHO,9,9125833.01980292,57572,1040,4.225520599997253
equal_evaluations,F13,BFO,0,405604.95404274634,39858,762,3.138620300000184
equal_evaluations,F13,BFO,1,147916.49426711656,39900,762,3.120525699996506
equal_evaluations,F13,BFO,2,728544.6113388481,39779,762,3.0758248000056483
equal_evaluations,F13,BFO,3,196940.17458417898,39765,762,3.1256960000027902
equal_evaluations,F13,BFO,4,360080.9007075351,39802,762,3.1277613999991445
equal_evaluations,F13,BFO,5,928848.6892750653,39902,762,3.117727000004379
equal_evaluations,F13,BFO,6,179102.69284730882,39272,762,4.233908599999268
equal_evaluations,F13,BFO,7,618943.6294334927,39743,762,4.334981799998786
equal_evaluations,F13,BFO,8,530242.6894994767,39796,762,3.0692651999997906
equal_evaluations,F13,BFO,9,587362.0790335257,40223,762,3.10804590000771
equal_evaluations,F13,TSA,0,14046.593182818027,60000,681,13.755297299998347
equal_evaluations,F13,TSA,1,2464.390500798511,60000,681,13.80937879999692
equal_evaluations,F13,TSA,2,17709.266584059496,60000,681,13.37862829999358
equal_evaluations,F13,TSA,3,13098.92986023091,60000,681,13.430361899998388
equal_evaluations,F13,TSA,4,4746.868353419062,60000,681,13.413598499988439
equal_evaluations,F13,TSA,5,7118.290096266321,60000,681,13.17859939999471
equal_evaluations,F13,TSA,6,17730.425987078797,60000,681,13.28422520001186
equal_evaluations,F13,TSA,7,11239.901576878778,60000,681,13.383114299998851
equal_evaluations,F13,TSA,8,40097.781419432766,60000,681,13.409279700004845
equal_evaluations,F13,TSA,9,5241.672266643621,60000,681,13.196867399994517
equal_evaluations,F13,SOS,0,9230.394908061498,59910,499,7.229565500005265
equal_evaluations,F13,SOS,1,2528.3188100084753,59910,499,7.253971400001319
equal_evaluations,F13,SOS,2,1613.9028912741912,59910,499,7.247272399996291
equal_evaluations,F13,SOS,3,6680.989463798515,59910,499,5.147741199994925
equal_evaluations,F13,SOS,4,4003.0078644674654,59910,499,7.286159199997201
equal_evaluations,F13,SOS,5,16881.39968843354,59910,499,5.2590735999983735
equal_evaluations,F13,SOS,6,3143.917892191521,59910,499,5.232046199991601
equal_evaluations,F13,SOS,7,3149.9742756242185,59910,499,5.155321500002174
equal_evaluations,F13,SOS,8,5259.093265870195,59910,499,7.388675000009243
equal_evaluations,F13,SOS,9,7140.085635933765,59910,499,7.3570947000116576
equal_evaluations,F13,ES,0,249462.77896242333,59880,285,6.948886400001356
equal_evaluations,F13,ES,1,66744.94846280814,59880,285,7.01164240000071
equal_evaluations,F13,ES,2,60648.69267818296,59880,285,7.152469199994812
equal_evaluations,F13,ES,3,57129.68035040415,59880,285,6.988886599996476
equal_evaluations,F13,ES,4,107793.12331395652,59880,285,4.9304349000012735
equal_evaluations,F13,ES,5,46862.84693739523,59880,285,4.941502599991509
equal_evaluations,F13,ES,6,109875.00001805944,59880,285,4.905924299993785
equal_evaluations,F13,ES,7,71639.60489160707,59880,285,5.063382499996806
equal_evaluations,F13,ES,8,52341.9689093007,59880,285,4.792639799998142
equal_evaluations,F13,ES,9,58944.58766328017,59880,285,5.127431899993098
equal_evaluations,F13,FA,0,53732847880.349236,59622,137,5.80294250001316
equal_evaluations,F13,FA,1,29216511563.49292,59625,137,5.642106800005422
equal_evaluations,F13,FA,2,39178817148.17054,59632,137,5.680129999993369
equal_evaluations,F13,FA,3,37401657819.17075,59622,137,5.083513099991251
equal_evaluations,F13,FA,4,34352179865.670776,59617,137,5.554519099998288
equal_evaluations,F13,FA,5,25572102155.320312,59626,137,5.65162629999395
equal_evaluations,F13,FA,6,29187050226.49467,59626,137,4.608252599995467
equal_evaluations,F13,FA,7,18334856748.04068,59635,137,4.612027399998624
equal_evaluations,F13,FA,8,34871976501.69628,59624,137,5.042291400008253
equal_evaluations,F13,FA,9,39327823034.48802,59636,137,4.835576700003003
equal_evaluations,F14,HS,0,2093632.0302504913,60000,59970,15.710443499992834
equal_evaluations,F14,HS,1,505560.5386677896,60000,59970,15.633057200000621
equal_evaluations,F14,HS,2,468685.0097106098,60000,59970,18.99638720000803
equal_evaluations,F14,HS,3,1413107.570857424,60000,59970,15.707496100003482
equal_evaluations,F14,HS,4,2986469.7234320147,60000,59970,17.710445000004256
equal_evaluations,F14,HS,5,406981.5678819835,60000,59970,21.026640600000974
equal_evaluations,F14,HS,6,1036497.1100752483,60000,59970,15.729856000005384
equal_evaluations,F14,HS,7,290787.4890454077,60000,59970,15.636353599998984
equal_evaluations,F14,HS,8,446120.09645936254,60000,59970,19.810817699995823
equal_evaluations,F14,HS,9,586172.2525535452,60000,59970,20.981043699997826
equal_evaluations,F14,LSHADE,0,61694.75612786592,59552,3499,16.221886500003166
equal_evaluations,F14,LSHADE,1,8591.941437391291,59552,3499,13.845820500006084
equal_evaluations,F14,LSHADE,2,6834.572750929722,59552,3499,15.79363359999843
equal_evaluations,F14,LSHADE,3,5662.657192069277,59552,3499,16.18176739999035
equal_evaluations,F14,LSHADE,4,3755.168454313897,59552,3499,15.416052800006582
equal_evaluations,F14,LSHADE,5,7921.254588115116,59552,3499,15.971069500010344
equal_evaluations,F14,LSHADE,6,41762.49243989196,59552,3499,15.656617500004359
equal_evaluations,F14,LSHADE,7,77096.61226458909,59552,3499,15.522518899990246
equal_evaluations,F14,LSHADE,8,13230.85590288159,59552,3499,15.44739670000854
equal_evaluations,F14,LSHADE,9,18469.83952039709,59552,3499,16.39058130000194
equal_evaluations,F14,PSO,0,3772641.9577630875,60000,1999,5.166714200007846
equal_evaluations,F14,PSO,1,368367.26036665257,60000,1999,5.9744003000087105
equal_evaluations,F14,PSO,2,6506761.728813685,60000,1999,4.535463799998979
equal_evaluations,F14,PSO,3,257526.6831143332,60000,1999,5.997942800007877
equal_evaluations,F14,PSO,4,820059.2043722802,60000,1999,4.5550293999986025
equal_evaluations,F14,PSO,5,540711.4145027976,60000,1999,5.965820800003712
equal_evaluations,F14,PSO,6,760589.925232565,60000,1999,5.167069700008142
equal_evaluations,F14,PSO,7,253845.49478693248,60000,1999,5.191646800012677
equal_evaluations,F14,PSO,8,356011.93027902517,60000,1999,5.158969399999478
equal_evaluations,F14,PSO,9,734972.7561221846,60000,1999,4.535245999999461
equal_evaluations,F14,GWO,0,401708.5001523007,60000,1999,8.13831680000294
equal_evaluations,F14,GWO,1,154600.56811738832,60000,1999,8.093785100005334
equal_evaluations,F14,GWO,2,162354.2797326357,60000,1999,7.154531799998949
equal_evaluations,F14,GWO,3,108355.51686622195,60000,1999,7.132852099995944
equal_evaluations,F14,GWO,4,1704117.1852937911,60000,1999,7.137438300007489
equal_evaluations,F14,GWO,5,183965.47395259808,60000,1999,8.07929329999024
equal_evaluations,F14,GWO,6,1033524.2588551536,60000,1999,8.110129799999413
equal_evaluations,F14,GWO,7,201099.4379042032,60000,1999,8.029044599999906
equal_evaluations,F14,GWO,8,381433.52853304887,60000,1999,8.052199600002496
equal_evaluations,F14,GWO,9,923846.1180976422,60000,1999,8.622977699997136
equal_evaluations,F14,HHO,0,183911.70453831786,57618,1040,6.677937600004952
equal_evaluations,F14,HHO,1,901123.9310313015,57604,1040,6.06389949998993
equal_evaluations,F14,HHO,2,203447.49505581748,57440,1040,5.756520299997646
equal_evaluations,F14,HHO,3,347317.9886454676,57138,1040,5.45488329998625
equal_evaluations,F14,HHO,4,1430567.2264214717,57568,1040,5.0581789999996545
equal_evaluations,F14,HHO,5,326889.0396965565,57374,1040,5.701786900011939
equal_evaluations,F14,HHO,6,595880.2717729863,56806,1040,5.040885299997171
equal_evaluations,F14,HHO,7,966598.4893432409,57658,1040,5.742617600000813
equal_evaluations,F14,HHO,8,241673.4566071201,57014,1040,6.680678500008071
equal_evaluations,F14,HHO,9,2562201.42906994,57774,1040,5.41888719999406
equal_evaluations,F14,BFO,0,305063.0394146124,39928,762,4.180884399989736
equal_evaluations,F14,BFO,1,394131.20225911797,39696,762,4.20252089999849
equal_evaluations,F14,BFO,2,362929.1988855422,40083,762,4.294201500000781
equal_evaluations,F14,BFO,3,479550.79282560985,39594,762,3.6753284000005806
equal_evaluations,F14,BFO,4,782333.4448815204,40190,762,4.900216299996828
equal_evaluations,F14,BFO,5,288091.2292769193,39689,762,4.122481499987771
equal_evaluations,F14,BFO,6,223166.63929702406,39678,762,4.0072058999940054
equal_evaluations,F14,BFO,7,308238.704275742,39791,762,4.889104899993981
equal_evaluations,F14,BFO,8,215699.97210382094,39995,762,4.935658100002911
equal_evaluations,F14,BFO,9,221451.9025566884,39946,762,4.899133300001267
equal_evaluations,F14,TSA,0,1062014.408223769,60000,681,14.246122099997592
equal_evaluations,F14,TSA,1,721539.5005458834,60000,681,14.514441899998928
equal_evaluations,F14,TSA,2,929617.319852087,60000,681,14.91779829999723
equal_evaluations,F14,TSA,3,1168142.7082425877,60000,681,15.523009500000626
equal_evaluations,F14,TSA,4,1191551.7237524558,60000,681,14.21215750000556
equal_evaluations,F14,TSA,5,515873.84818010346,60000,681,14.463689500000328
equal_evaluations,F14,TSA,6,790465.657051569,60000,681,15.618109499991988
equal_evaluations,F14,TSA,7,617672.6151544268,60000,681,15.318153899992467
equal_evaluations,F14,TSA,8,1267617.6067656912,60000,681,15.051234899990959
equal_evaluations,F14,TSA,9,542391.5447916156,60000,681,14.976739200006705
equal_evaluations,F14,SOS,0,16405.289063817865,59910,499,8.481072900001891
equal_evaluations,F14,SOS,1,61174.360308257,59910,499,6.045589699991979
equal_evaluations,F14,SOS,2,278673.59363719815,59910,499,6.100819100000081
equal_evaluations,F14,SOS,3,34767.43713145996,59910,499,6.0441871999937575
equal_evaluations,F14,SOS,4,16428.73918469427,59910,499,6.066119299997808
equal_evaluations,F14,SOS,5,56443.88970364772,59910,499,6.123590899995179
equal_evaluations,F14,SOS,6,93043.15347184027,59910,499,6.146132399997441
equal_evaluations,F14,SOS,7,41374.90099140603,59910,499,8.165972300004796
equal_evaluations,F14,SOS,8,73791.55495664131,59910,499,6.7377183999924455
equal_evaluations,F14,SOS,9,25676.817203764764,59910,499,6.107460700004594
equal_evaluations,F14,ES,0,927983.5423526794,59880,285,5.9021149999898626
equal_evaluations,F14,ES,1,332605.1896507138,59880,285,5.91871369999717
equal_evaluations,F14,ES,2,187480.01484025407,59880,285,5.915085999993607
equal_evaluations,F14,ES,3,406274.66945916705,59880,285,7.587461800008896
equal_evaluations,F14,ES,4,383216.52380971954,59880,285,7.500868900009664
equal_evaluations,F14,ES,5,152052.8974309283,59880,285,7.282541799999308
equal_evaluations,F14,ES,6,169859.73667678796,59880,285,6.027799899995443
equal_evaluations,F14,ES,7,190640.43352281893,59880,285,7.316945300000953
equal_evaluations,F14,ES,8,434037.38174230093,59880,285,7.22940519999247
equal_evaluations,F14,ES,9,225934.03329886182,59880,285,7.476045300005353
equal_evaluations,F14,FA,0,67656533.74856086,59627,137,7.031810000000405
equal_evaluations,F14,FA,1,969186465.4664634,59631,137,6.897920999996131
equal_evaluations,F14,FA,2,203190769.97774288,59617,137,5.931810900001437
equal_evaluations,F14,FA,3,350098758.6158238,59640,137,6.091466500001843
equal_evaluations,F14,FA,4,496502157.6385078,59639,137,5.827334000001429
equal_evaluations,F14,FA,5,58601027.58851862,59616,137,5.878146699993522
equal_evaluations,F14,FA,6,166554361.71446902,59640,137,5.428764299998875
equal_evaluations,F14,FA,7,47135080.540689714,59636,137,5.925153299991507
equal_evaluations,F14,FA,8,150278202.56479728,59634,137,5.841705999991973
equal_evaluations,F14,FA,9,290504374.27078336,59622,137,5.838223200000357
equal_evaluations,F15,HS,0,25545.73347923306,60000,59970,19.37423570000101
equal_evaluations,F15,HS,1,93922.46008304019,60000,59970,17.762748099994496
equal_evaluations,F15,HS,2,17947.997517132542,60000,59970,18.612511400002404
equal_evaluations,F15,HS,3,15643.781318664202,60000,59970,18.595621200001915
equal_evaluations,F15,HS,4,36237.26252352562,60000,59970,20.65302040000097
equal_evaluations,F15,HS,5,12097.132890666066,60000,59970,21.11167949999799
equal_evaluations,F15,HS,6,35016.51531603072,60000,59970,20.381190800006152
equal_evaluations,F15,HS,7,22511.051400197422,60000,59970,19.964481699993485
equal_evaluations,F15,HS,8,20682.010648751544,60000,59970,19.98417569999583
equal_evaluations,F15,HS,9,10889.170491623976,60000,59970,19.133346599992365
equal_evaluations,F15,LSHADE,0,11870.526765832401,59552,3499,13.483123300000443
equal_evaluations,F15,LSHADE,1,5581.255920758521,59552,3499,12.301161999988835
equal_evaluations,F15,LSHADE,2,21145.032585572513,59552,3499,14.335386399994604
equal_evaluations,F15,LSHADE,3,9605.665626205235,59552,3499,12.402271600003587
equal_evaluations,F15,LSHADE,4,8248.894888678435,59552,3499,16.446950099998503
equal_evaluations,F15,LSHADE,5,21950.352045269217,59552,3499,16.824073700001463
equal_evaluations,F15,LSHADE,6,5316.339498664898,59552,3499,15.758032800004003
equal_evaluations,F15,LSHADE,7,11655.935564445417,59552,3499,16.20688660000451
equal_evaluations,F15,LSHADE,8,6953.818835970177,59552,3499,14.670184599992353
equal_evaluations,F15,LSHADE,9,17401.961891016173,59552,3499,13.075070100006997
equal_evaluations,F15,PSO,0,2445782.5895042266,60000,1999,3.8101953999866964
equal_evaluations,F15,PSO,1,59207557.28736526,60000,1999,4.041954300002544
equal_evaluations,F15,PSO,2,335191084.742977,60000,1999,4.751179200000479
equal_evaluations,F15,PSO,3,299540544.87771535,60000,1999,4.206589000008535
equal_evaluations,F15,PSO,4,65458902.196759336,60000,1999,3.8673617000022205
equal_evaluations,F15,PSO,5,2815080431.9335136,60000,1999,4.98092300001008
equal_evaluations,F15,PSO,6,224067930.10977873,60000,1999,4.903017400007229
equal_evaluations,F15,PSO,7,53959492.66947517,60000,1999,3.9208790000120644
equal_evaluations,F15,PSO,8,373967027.61435825,60000,1999,4.578030499993474
equal_evaluations,F15,PSO,9,310212.41908281104,60000,1999,4.58861920000345
equal_evaluations,F15,GWO,0,4428906.973172032,60000,1999,7.038638900005026
equal_evaluations,F15,GWO,1,363582.2184981883,60000,1999,8.351306500000646
equal_evaluations,F15,GWO,2,299796.834048731,60000,1999,7.47944519999146
equal_evaluations,F15,GWO,3,81805.61713033356,60000,1999,7.0592551000008825
equal_evaluations,F15,GWO,4,143644160.64833102,60000,1999,7.091336500001489
equal_evaluations,F15,GWO,5,596278.6271273596,60000,1999,7.259535099990899
equal_evaluations,F15,GWO,6,408789.3935411102,60000,1999,8.11005409999052
equal_evaluations,F15,GWO,7,1568708.3509815237,60000,1999,9.133723699997063
equal_evaluations,F15,GWO,8,165168.0980325794,60000,1999,8.25177960000292
equal_evaluations,F15,GWO,9,412971.0783657751,60000,1999,8.156587000004947
equal_evaluations,F15,HHO,0,2054843.8701854069,57468,1040,5.948418599989964
equal_evaluations,F15,HHO,1,2484539.011807688,57598,1040,6.075858699987293
equal_evaluations,F15,HHO,2,906508.339775861,57720,1040,5.148461700009648
equal_evaluations,F15,HHO,3,2028498.8936236876,57812,1040,5.112910499999998
equal_evaluations,F15,HHO,4,1847516.5583524513,57964,1040,4.309725099999923
equal_evaluations,F15,HHO,5,3194672.370482936,57432,1040,4.239933799995924
equal_evaluations,F15,HHO,6,1392113.9918332796,57458,1040,4.238351799998782
equal_evaluations,F15,HHO,7,1118007.8372349436,57466,1040,4.268020899995463
equal_evaluations,F15,HHO,8,1922535.5081808607,58004,1040,4.2844460000051185
equal_evaluations,F15,HHO,9,1496942.157638391,57410,1040,5.729736900000717
equal_evaluations,F15,BFO,0,98829.55110960234,39950,762,3.161127100000158
equal_evaluations,F15,BFO,1,202351.45039319625,39775,762,4.2023766999918735
equal_evaluations,F15,BFO,2,166379.87019630286,39538,762,4.2950828000030015
equal_evaluations,F15,BFO,3,138441.91206273678,39745,762,3.1207131999981357
equal_evaluations,F15,BFO,4,214743.56713102304,39872,762,3.982312300009653
equal_evaluations,F15,BFO,5,485456.64453165035,39943,762,3.1551274999947054
equal_evaluations,F15,BFO,6,166897.73856255098,40025,762,3.1710620999947423
equal_evaluations,F15,BFO,7,258000.38993649895,40058,762,3.1584554000000935
equal_evaluations,F15,BFO,8,103670.70755848616,39900,762,3.103114400000777
equal_evaluations,F15,BFO,9,77995.43962534478,40089,762,3.150793299995712
equal_evaluations,F15,TSA,0,43789.16688763869,60000,681,14.142640500009293
equal_evaluations,F15,TSA,1,138060.190337638,60000,681,13.872117799997795
equal_evaluations,F15,TSA,2,44546.403448523946,60000,681,13.492152000006172
equal_evaluations,F15,TSA,3,111553.13149319188,60000,681,13.272775300007197
equal_evaluations,F15,TSA,4,250531.6198368776,60000,681,13.323772199990344
equal_evaluations,F15,TSA,5,133200.4824878947,60000,681,13.105047200006084
equal_evaluations,F15,TSA,6,122789.93407979919,60000,681,12.770583100005751
equal_evaluations,F15,TSA,7,126080.94292769411,60000,681,13.064979299990227
equal_evaluations,F15,TSA,8,1295312.3742811193,60000,681,12.978267200000118
equal_evaluations,F15,TSA,9,183663.42267746874,60000,681,13.449571999997715
equal_evaluations,F15,SOS,0,12726.02552079115,59910,499,6.257128500001272
equal_evaluations,F15,SOS,1,14585.004722573043,59910,499,7.331896900010179
equal_evaluations,F15,SOS,2,16755.066674392976,59910,499,6.22844740000437
equal_evaluations,F15,SOS,3,20861.41312686635,59910,499,6.792551199992886
equal_evaluations,F15,SOS,4,15666.75376760587,59910,499,7.25645769998664
equal_evaluations,F15,SOS,5,13085.611149474302,59910,499,5.432050000003073
equal_evaluations,F15,SOS,6,18454.536524887008,59910,499,7.159052899995004
equal_evaluations,F15,SOS,7,29054.89613452356,59910,499,6.504102999999304
equal_evaluations,F15,SOS,8,31639.157637417135,59910,499,7.162276599992765
equal_evaluations,F15,SOS,9,16403.948363206153,59910,499,7.314344300000812
equal_evaluations,F15,ES,0,45578.69486872339,59880,285,6.089526700001443
equal_evaluations,F15,ES,1,65233.554160814274,59880,285,6.981667900006869
equal_evaluations,F15,ES,2,108487.6617772932,59880,285,5.12496810000448
equal_evaluations,F15,ES,3,182511.22499846038,59880,285,6.635874999992666
equal_evaluations,F15,ES,4,170968.6605665866,59880,285,6.578961499995785
equal_evaluations,F15,ES,5,32547.113171903293,59880,285,5.874454600008903
equal_evaluations,F15,ES,6,92531.42110162025,59880,285,6.459778700009338
equal_evaluations,F15,ES,7,122512.044420937,59880,285,6.16105099998822
equal_evaluations,F15,ES,8,122835.34671476387,59880,285,6.222383800006355
equal_evaluations,F15,ES,9,65050.259104206794,59880,285,6.216346700006397
equal_evaluations,F15,FA,0,17725494545.180824,59617,137,6.079666800011182
equal_evaluations,F15,FA,1,16657067740.059944,59626,137,5.501617500005523
equal_evaluations,F15,FA,2,36895476872.75304,59617,137,4.911012600001413
equal_evaluations,F15,FA,3,12291841362.053179,59628,137,5.23449210000399
equal_evaluations,F15,FA,4,24117570148.07454,59624,137,4.968017199993483
equal_evaluations,F15,FA,5,21459874932.472683,59619,137,4.703233899999759
equal_evaluations,F15,FA,6,24014564360.93966,59630,137,4.789148900003056
equal_evaluations,F15,FA,7,17937054592.32839,59640,137,4.605512399997679
equal_evaluations,F15,FA,8,12888839443.187954,59658,137,4.749239699987811
equal_evaluations,F15,FA,9,16690007004.78674,59626,137,4.327345700003207
equal_evaluations,F16,HS,0,1137.6170180385323,60000,59970,25.495361299996148
equal_evaluations,F16,HS,1,1441.8154284278146,60000,59970,31.90984649999882
equal_evaluations,F16,HS,2,857.1020665224415,60000,59970,24.111738100007642
equal_evaluations,F16,HS,3,6125.2159628277805,60000,59970,31.656714400000055
equal_evaluations,F16,HS,4,858.2811826101656,60000,59970,24.039730199991027
equal_evaluations,F16,HS,5,1133.6029189285014,60000,59970,24.098070299995015
equal_evaluations,F16,HS,6,1016.5199913315212,60000,59970,31.723122900002636
equal_evaluations,F16,HS,7,1094.5947204286874,60000,59970,30.706277899997076
equal_evaluations,F16,HS,8,1045.6585645734865,60000,59970,23.982363099989016
equal_evaluations,F16,HS,9,7229.245070788707,60000,59970,23.964527799995267
equal_evaluations,F16,LSHADE,0,1208.703847901168,59552,3499,19.455787200000486
equal_evaluations,F16,LSHADE,1,1881.00676256829,59552,3499,19.454656699992483
equal_evaluations,F16,LSHADE,2,1389.7391763557748,59552,3499,26.009797800012166
equal_evaluations,F16,LSHADE,3,853.1192105955168,59552,3499,20.368878599998425
equal_evaluations,F16,LSHADE,4,1020.2262874489171,59552,3499,25.762249699997483
equal_evaluations,F16,LSHADE,5,1425.4314583667958,59552,3499,27.00096289999783
equal_evaluations,F16,LSHADE,6,691.3096283927464,59552,3499,27.2300530999928
equal_evaluations,F16,LSHADE,7,2440.8103351226027,59552,3499,24.840709299998707
equal_evaluations,F16,LSHADE,8,1142.704224613267,59552,3499,24.349621599991224
equal_evaluations,F16,LSHADE,9,1713.4485040097502,59552,3499,19.504105400003027
equal_evaluations,F16,PSO,0,77906855.36156878,60000,1999,13.887008899997454
equal_evaluations,F16,PSO,1,346487149.303642,60000,1999,16.205847199991695
equal_evaluations,F16,PSO,2,6323173.804102991,60000,1999,16.710071599998628
equal_evaluations,F16,PSO,3,174485.53693696405,60000,1999,16.77863190000062
equal_evaluations,F16,PSO,4,1196353.7625420191,60000,1999,15.459634200000437
equal_evaluations,F16,PSO,5,229487.30198522616,60000,1999,16.17544080001244
equal_evaluations,F16,PSO,6,21412300.019123644,60000,1999,13.70032540000102
equal_evaluations,F16,PSO,7,180333.60993715352,60000,1999,12.698963499991805
equal_evaluations,F16,PSO,8,21479096.765420433,60000,1999,12.826344400004018
equal_evaluations,F16,PSO,9,87422.02798701242,60000,1999,12.716166700003669
equal_evaluations,F16,GWO,0,4713994.6687965095,60000,1999,19.516213800001424
equal_evaluations,F16,GWO,1,36951.38925592205,60000,1999,15.897914400004083
equal_evaluations,F16,GWO,2,68034.81537510348,60000,1999,17.39937970000028
equal_evaluations,F16,GWO,3,1306630.2447172396,60000,1999,15.871752500010189
equal_evaluations,F16,GWO,4,40617.69790598066,60000,1999,15.789554199989652
equal_evaluations,F16,GWO,5,1344412.3598039234,60000,1999,15.56139489999623
equal_evaluations,F16,GWO,6,37904.74443872729,60000,1999,19.60281089998898
equal_evaluations,F16,GWO,7,25698.90297521062,60000,1999,19.7417856999964
equal_evaluations,F16,GWO,8,31498.425537451916,60000,1999,19.02068830000644
equal_evaluations,F16,GWO,9,29542.64550320822,60000,1999,17.8901091000007
equal_evaluations,F16,HHO,0,76531.35814646543,57804,1040,16.643894299995736
equal_evaluations,F16,HHO,1,89474.52583375,57624,1040,15.44462769999518
equal_evaluations,F16,HHO,2,23411.609455523158,57082,1040,16.880611900007352
equal_evaluations,F16,HHO,3,90140.47530407648,57510,1040,12.821599500006414
equal_evaluations,F16,HHO,4,46714.23232107416,57572,1040,13.200984299997799
equal_evaluations,F16,HHO,5,83855.04153262825,57622,1040,13.166183599998476
equal_evaluations,F16,HHO,6,86494.32899232654,57950,1040,16.81525369999872
equal_evaluations,F16,HHO,7,153381.28118140795,58010,1040,13.495261200005189
equal_evaluations,F16,HHO,8,85825.2267767541,58092,1040,12.957923599999049
equal_evaluations,F16,HHO,9,56544.5718438946,58180,1040,14.972517799993511
equal_evaluations,F16,BFO,0,37752.871190024176,40184,762,9.201519900001585
equal_evaluations,F16,BFO,1,22301.254668734287,39988,762,9.516562500008149
equal_evaluations,F16,BFO,2,39265.22317470627,39755,762,9.272781899999245
equal_evaluations,F16,BFO,3,41652.448349838516,40908,762,9.39326360000996
equal_evaluations,F16,BFO,4,25485.02480061425,41044,762,11.96463329999824
equal_evaluations,F16,BFO,5,49822.83752042892,40678,762,9.793037900002673
equal_evaluations,F16,BFO,6,44672.04118616352,40681,762,9.274753099991358
equal_evaluations,F16,BFO,7,22965.970226006655,40725,762,11.536762600007933
equal_evaluations,F16,BFO,8,39100.10978715347,40616,762,12.719543400002294
equal_evaluations,F16,BFO,9,41044.05490830145,40907,762,12.251616800000193
equal_evaluations,F16,TSA,0,2847.055982438559,60000,681,34.06250099999306
equal_evaluations,F16,TSA,1,812.456336881008,60000,681,33.49723510000331
equal_evaluations,F16,TSA,2,1082.7286656253266,60000,681,32.1232694999926
equal_evaluations,F16,TSA,3,945.2173285236603,60000,681,33.71382099999755
equal_evaluations,F16,TSA,4,782.0248624655887,60000,681,35.853151999996044
equal_evaluations,F16,TSA,5,1350.468526305986,60000,681,34.57585399999516
equal_evaluations,F16,TSA,6,729.9715041662907,60000,681,34.616348700001254
equal_evaluations,F16,TSA,7,921.3055446185374,60000,681,33.177711099997396
equal_evaluations,F16,TSA,8,1158.9662547420548,60000,681,31.792107299988857
equal_evaluations,F16,TSA,9,787.9685726461557,60000,681,33.05798670000513
equal_evaluations,F16,SOS,0,1015.8686363759848,59910,499,21.54543840000406
equal_evaluations,F16,SOS,1,1297.193978951027,59910,499,23.008307800002513
equal_evaluations,F16,SOS,2,1183.127806503303,59910,499,23.17693619999045
equal_evaluations,F16,SOS,3,869.6707296022847,59910,499,20.54099330000463
equal_evaluations,F16,SOS,4,2141.323842876086,59910,499,22.432351000010385
equal_evaluations,F16,SOS,5,1408.5211827958765,59910,499,24.32904480000434
equal_evaluations,F16,SOS,6,977.5506971477251,59910,499,21.157602500010398
equal_evaluations,F16,SOS,7,1936.8997830231235,59910,499,21.4152974000026
equal_evaluations,F16,SOS,8,1146.3156229273027,59910,499,23.172136299996055
equal_evaluations,F16,SOS,9,1523.3229227966006,59910,499,24.720768799990765
equal_evaluations,F16,ES,0,24294.98429164946,59880,285,22.639777900010813
equal_evaluations,F16,ES,1,1255.6011039574921,59880,285,24.216452400010894
equal_evaluations,F16,ES,2,28280.423935814644,59880,285,21.69692779998877
equal_evaluations,F16,ES,3,2490.5794837188205,59880,285,23.629669399990235
equal_evaluations,F16,ES,4,20710.817063793686,59880,285,22.228980800005957
equal_evaluations,F16,ES,5,9122.15579840518,59880,285,23.380352599997423
equal_evaluations,F16,ES,6,3211.6604115692285,59880,285,21.392255900005694
equal_evaluations,F16,ES,7,2879.609828636747,59880,285,23.017461900002672
equal_evaluations,F16,ES,8,2767.1571392675924,59880,285,24.178009700000985
equal_evaluations,F16,ES,9,21458.195994334157,59880,285,23.289110300000175
equal_evaluations,F16,FA,0,21038039489.947407,59622,137,22.721412900005816
equal_evaluations,F16,FA,1,29612684906.471207,59626,137,23.30380160000641
equal_evaluations,F16,FA,2,25858834466.043137,59617,137,16.13437359999807
equal_evaluations,F16,FA,3,9048994310.28357,59634,137,16.06491489999462
equal_evaluations,F16,FA,4,32028020448.45597,59623,137,15.800980400003027
equal_evaluations,F16,FA,5,27996828027.846546,59625,137,15.66397429999779
equal_evaluations,F16,FA,6,11732765709.74257,59623,137,15.253519899997627
equal_evaluations,F16,FA,7,13960893455.715076,59626,137,15.324234400002751
equal_evaluations,F16,FA,8,12403500730.8825,59628,137,15.27727569999115
equal_evaluations,F16,FA,9,11507788605.618088,59622,137,14.758499000003212
equal_evaluations,F17,HS,0,2622.2589202320205,60000,59970,99.04883939999854
equal_evaluations,F17,HS,1,2788.1864963552152,60000,59970,100.30976910000027
equal_evaluations,F17,HS,2,2627.6127879744636,60000,59970,95.29600679999567
equal_evaluations,F17,HS,3,3336.1111196338607,60000,59970,101.9733808000019
equal_evaluations,F17,HS,4,2635.772859259231,60000,59970,101.33265640000172
equal_evaluations,F17,HS,5,3273.40625727888,60000,59970,98.9278301000013
equal_evaluations,F17,HS,6,2984.894669529798,60000,59970,99.90543959999923
equal_evaluations,F17,HS,7,2229.196648376189,60000,59970,100.27128349999839
equal_evaluations,F17,HS,8,2708.869435113892,60000,59970,101.89406700000109
equal_evaluations,F17,HS,9,3955.122915337611,60000,59970,97.10355480000726
equal_evaluations,F17,LSHADE,0,1847.54616421999,59552,3499,91.2439338999975
equal_evaluations,F17,LSHADE,1,2135.620460771319,59552,3499,92.57796219999727
equal_evaluations,F17,LSHADE,2,1781.8049847721286,59552,3499,92.45390630001202
equal_evaluations,F17,LSHADE,3,2312.4032735878986,59552,3499,86.73043759999564
equal_evaluations,F17,LSHADE,4,3290.1612844972196,59552,3499,93.21261180000147
equal_evaluations,F17,LSHADE,5,2186.6812759412705,59552,3499,94.37408829999913
equal_evaluations,F17,LSHADE,6,2710.43154038396,59552,3499,88.55115959999966
equal_evaluations,F17,LSHADE,7,1953.559301411998,59552,3499,90.75818109999818
equal_evaluations,F17,LSHADE,8,1906.236871672208,59552,3499,91.56514399999287
equal_evaluations,F17,LSHADE,9,2046.781981378124,59552,3499,91.59677619999275
equal_evaluations,F17,PSO,0,69189142978.45381,60000,1999,73.40051460001268
equal_evaluations,F17,PSO,1,349233.57791298756,60000,1999,74.10497990000295
equal_evaluations,F17,PSO,2,3237038008.5341115,60000,1999,78.53563389999908
equal_evaluations,F17,PSO,3,128956.1405579505,60000,1999,77.72092909998901
equal_evaluations,F17,PSO,4,1231520290.7533631,60000,1999,75.42094550000911
equal_evaluations,F17,PSO,5,177858.11184848455,60000,1999,74.1370961000066
equal_evaluations,F17,PSO,6,152641.61233224798,60000,1999,78.9251082999981
equal_evaluations,F17,PSO,7,352924.869050686,60000,1999,75.99740520000341
equal_evaluations,F17,PSO,8,109605.57822229911,60000,1999,77.2655059999961
equal_evaluations,F17,PSO,9,404408.9262359423,60000,1999,77.29338240000652
equal_evaluations,F17,GWO,0,40348.84252594199,60000,1999,82.32075330000953
equal_evaluations,F17,GWO,1,57528.23778743812,60000,1999,82.82551260000037
equal_evaluations,F17,GWO,2,27682.007440306083,60000,1999,84.81519890000345
equal_evaluations,F17,GWO,3,34991.91155461831,60000,1999,83.82141860001138
equal_evaluations,F17,GWO,4,55731.560722419556,60000,1999,83.65081269999791
equal_evaluations,F17,GWO,5,10848.813304603817,60000,1999,82.84200220000639
equal_evaluations,F17,GWO,6,64370.23166368645,60000,1999,85.53032649999659
equal_evaluations,F17,GWO,7,70336.94611870448,60000,1999,80.12120189999405
equal_evaluations,F17,GWO,8,29202.137893669642,60000,1999,80.57536390000314
equal_evaluations,F17,GWO,9,64955.58976670972,60000,1999,84.8129889999982
equal_evaluations,F17,HHO,0,57627.4999401811,57354,1040,74.47397089999868
equal_evaluations,F17,HHO,1,19833.66179781857,57796,1040,76.45262929999444
equal_evaluations,F17,HHO,2,89316.38866943539,57314,1040,74.92534230000456
equal_evaluations,F17,HHO,3,81084.42943712883,57320,1040,77.17834920001042
equal_evaluations,F17,HHO,4,43410.28683969633,57270,1040,75.64559899999585
equal_evaluations,F17,HHO,5,40858.86040866747,57424,1040,77.57827840000391
equal_evaluations,F17,HHO,6,120785.04272602954,58038,1040,77.32358519999252
equal_evaluations,F17,HHO,7,37392.480347778124,57412,1040,78.52066470000136
equal_evaluations,F17,HHO,8,40046.93047101566,57860,1040,74.6801245999959
equal_evaluations,F17,HHO,9,34172.667027232565,57528,1040,77.4210682999983
equal_evaluations,F17,BFO,0,4583.669788284955,41147,762,54.97729879998951
equal_evaluations,F17,BFO,1,3359.3920235371297,40717,762,52.7103458000056
equal_evaluations,F17,BFO,2,3095.626852422809,40310,762,50.584683699999005
equal_evaluations,F17,BFO,3,5923.048994915474,40946,762,57.25910680000379
equal_evaluations,F17,BFO,4,5000.1363675504945,41003,762,52.52789140000823
equal_evaluations,F17,BFO,5,2970.303178962828,40429,762,53.08396720000019
equal_evaluations,F17,BFO,6,9852.53842685331,41568,762,53.149709899997106
equal_evaluations,F17,BFO,7,5905.237919045044,41467,762,51.02405500000168
equal_evaluations,F17,BFO,8,3337.353099371001,40033,762,53.71270030000596
equal_evaluations,F17,BFO,9,10596.411123255511,41849,762,57.14088839999749
equal_evaluations,F17,TSA,0,2799129.3929574075,60000,681,95.83262909999758
equal_evaluations,F17,TSA,1,364651.4753167191,60000,681,98.18789440000546
equal_evaluations,F17,TSA,2,973065.7226730476,60000,681,100.38152809999883
equal_evaluations,F17,TSA,3,129032.8348012402,60000,681,101.84929980000015
equal_evaluations,F17,TSA,4,7753785.95661588,60000,681,104.6060204999958
equal_evaluations,F17,TSA,5,543737.8941213414,60000,681,103.52606549998745
equal_evaluations,F17,TSA,6,195448.6201760234,60000,681,104.02572410000721
equal_evaluations,F17,TSA,7,157026.3700207202,60000,681,101.78602919999685
equal_evaluations,F17,TSA,8,491227.86212110973,60000,681,100.94412299999385
equal_evaluations,F17,TSA,9,2100153.913266407,60000,681,100.78240769999684
equal_evaluations,F17,SOS,0,2000.4224713846188,59910,499,84.47285180000472
equal_evaluations,F17,SOS,1,3058.0919979082173,59910,499,85.66508760000579
equal_evaluations,F17,SOS,2,2624.457763537329,59910,499,89.90277210000204
equal_evaluations,F17,SOS,3,2242.7796032651795,59910,499,86.4754685999942
equal_evaluations,F17,SOS,4,3530.4116796151243,59910,499,86.68792260000191
equal_evaluations,F17,SOS,5,2530.7388074971423,59910,499,86.80372510000598
equal_evaluations,F17,SOS,6,2333.066656387172,59910,499,86.75081209999917
equal_evaluations,F17,SOS,7,3139.002189417276,59910,499,88.29566370000248
equal_evaluations,F17,SOS,8,2600.3842470268046,59910,499,80.7017363999912
equal_evaluations,F17,SOS,9,2387.983436112128,59910,499,85.07225529999414
equal_evaluations,F17,ES,0,4993.039474320015,59880,285,87.07888939999975
equal_evaluations,F17,ES,1,3478.69001227224,59880,285,85.50943529998767
equal_evaluations,F17,ES,2,35287.52434481249,59880,285,88.1393786000117
equal_evaluations,F17,ES,3,4328.372725102262,59880,285,86.3451095999917
equal_evaluations,F17,ES,4,3538.7793735989867,59880,285,85.86660559999291
equal_evaluations,F17,ES,5,4417.297547020094,59880,285,85.60732029999781
equal_evaluations,F17,ES,6,2972.095707220861,59880,285,85.97197759999835
equal_evaluations,F17,ES,7,3602.7138100213388,59880,285,82.71561199999996
equal_evaluations,F17,ES,8,4937.880778486011,59880,285,84.3399580999976
equal_evaluations,F17,ES,9,27449.822148357995,59880,285,80.4460459999973
equal_evaluations,F17,FA,0,4.658677746334415e+16,59623,137,80.95981200000097
equal_evaluations,F17,FA,1,1.4686490424753522e+16,59619,137,81.47415589999582
equal_evaluations,F17,FA,2,1.1045827920737902e+16,59641,137,69.48940720000246
equal_evaluations,F17,FA,3,5415382261448872.0,59622,137,67.04989959999511
equal_evaluations,F17,FA,4,2.1277796488404275e+17,59624,137,65.4993214999995
equal_evaluations,F17,FA,5,5.760378493834225e+16,59620,137,64.32501970000158
equal_evaluations,F17,FA,6,8.303422408623326e+16,59636,137,46.53695749999315
equal_evaluations,F17,FA,7,3602459399163237.5,59633,137,45.867511600008584
equal_evaluations,F17,FA,8,3.665794602693555e+17,59622,137,45.96419299999252
equal_evaluations,F17,FA,9,7430819423496129.0,59637,137,44.416515599994455
equal_evaluations,F18,HS,0,1026440.1828068057,60000,59970,30.440743900006055
equal_evaluations,F18,HS,1,67410.52855212658,60000,59970,28.836959300009767
equal_evaluations,F18,HS,2,721869.3268856847,60000,59970,29.005647099998896
equal_evaluations,F18,HS,3,3677492.7638219562,60000,59970,31.08796920000168
equal_evaluations,F18,HS,4,893821.298946378,60000,59970,28.94473209998978
equal_evaluations,F18,HS,5,920438.0708402131,60000,59970,29.14789639999799
equal_evaluations,F18,HS,6,906129.3854778288,60000,59970,29.483919899998
equal_evaluations,F18,HS,7,45337.28605582569,60000,59970,30.066974200002733
equal_evaluations,F18,HS,8,659676.5924296558,60000,59970,29.484832000001916
equal_evaluations,F18,HS,9,98461.40934325792,60000,59970,29.136092600005213
equal_evaluations,F18,LSHADE,0,2889.6902426454817,59552,3499,22.505339900002582
equal_evaluations,F18,LSHADE,1,4508.147740459153,59552,3499,20.111006599996472
equal_evaluations,F18,LSHADE,2,7001.17419239851,59552,3499,19.87643340000068
equal_evaluations,F18,LSHADE,3,9614.358458647306,59552,3499,23.800514000002295
equal_evaluations,F18,LSHADE,4,3552.8732188741837,59552,3499,22.388943799989647
equal_evaluations,F18,LSHADE,5,5132.978997754537,59552,3499,23.087595799996052
equal_evaluations,F18,LSHADE,6,3008.7726567204786,59552,3499,21.834860800008755
equal_evaluations,F18,LSHADE,7,7082.537621957356,59552,3499,22.10618930000055
equal_evaluations,F18,LSHADE,8,12847.701646071684,59552,3499,21.788343199994415
equal_evaluations,F18,LSHADE,9,4334.898997493073,59552,3499,21.302988900002674
equal_evaluations,F18,PSO,0,469244.0951873083,60000,1999,10.27779890000238
equal_evaluations,F18,PSO,1,380688.3891566276,60000,1999,9.981861200009007
equal_evaluations,F18,PSO,2,193925.8190459123,60000,1999,9.712665200000629
equal_evaluations,F18,PSO,3,136829.85623518412,60000,1999,9.8738985999953
equal_evaluations,F18,PSO,4,484365.87659225933,60000,1999,9.332815700006904
equal_evaluations,F18,PSO,5,221980.55451608222,60000,1999,9.405522200002451
equal_evaluations,F18,PSO,6,381945.1567189944,60000,1999,9.870117300000857
equal_evaluations,F18,PSO,7,11247254.752837308,60000,1999,9.676396299997577
equal_evaluations,F18,PSO,8,5725409.313426616,60000,1999,10.014500899997074
equal_evaluations,F18,PSO,9,127771.45915027749,60000,1999,8.803728800005047
equal_evaluations,F18,GWO,0,69954.49027555333,60000,1999,13.379799500005902
equal_evaluations,F18,GWO,1,74854.92662148376,60000,1999,12.712173699997948
equal_evaluations,F18,GWO,2,205599.9219356685,60000,1999,11.362929800001439
equal_evaluations,F18,GWO,3,255394.0209087878,60000,1999,9.530990100000054
equal_evaluations,F18,GWO,4,71533.48362367367,60000,1999,9.145628800004488
equal_evaluations,F18,GWO,5,124988.53203474643,60000,1999,12.92133919999469
equal_evaluations,F18,GWO,6,59260.32398892299,60000,1999,9.786659599994891
equal_evaluations,F18,GWO,7,84667.14230522494,60000,1999,10.306922000003397
equal_evaluations,F18,GWO,8,114624.69970878739,60000,1999,11.853475900003104
equal_evaluations,F18,GWO,9,59467.63488883353,60000,1999,9.727012500006822
equal_evaluations,F18,HHO,0,123634.59325329597,57074,1040,9.24700610000582
equal_evaluations,F18,HHO,1,131702.7589000616,57586,1040,9.185500699997647
equal_evaluations,F18,HHO,2,132347.06661674395,57446,1040,9.977122399999644
equal_evaluations,F18,HHO,3,137655.6035028221,57682,1040,9.986910100007663
equal_evaluations,F18,HHO,4,99237.4864698328,57282,1040,10.25265429999854
equal_evaluations,F18,HHO,5,111522.93459369647,57720,1040,9.638199399996665
equal_evaluations,F18,HHO,6,93721.74213119062,57600,1040,10.793663699994795
equal_evaluations,F18,HHO,7,118039.18382561229,57552,1040,10.338400299995556
equal_evaluations,F18,HHO,8,171642.53822978982,57728,1040,10.505923999997322
equal_evaluations,F18,HHO,9,197398.7533546422,57406,1040,11.653004300009343
equal_evaluations,F18,BFO,0,119375.30517438549,39849,762,7.317046399999526
equal_evaluations,F18,BFO,1,93400.18112042552,38936,762,6.669981900005951
equal_evaluations,F18,BFO,2,98563.47013638902,39981,762,8.174965400001383
equal_evaluations,F18,BFO,3,105752.23437446586,39871,762,7.9104392000008374
equal_evaluations,F18,BFO,4,95471.65688309551,39937,762,6.812100099996314
equal_evaluations,F18,BFO,5,87381.81218879472,39928,762,6.3846404000069015
equal_evaluations,F18,BFO,6,98275.6179261517,39603,762,7.548740199999884
equal_evaluations,F18,BFO,7,106126.30213885735,39825,762,7.390219699998852
equal_evaluations,F18,BFO,8,110428.37849786479,39831,762,8.08149150000827
equal_evaluations,F18,BFO,9,106180.93483802758,39582,762,7.55341180000687
equal_evaluations,F18,TSA,0,285085.9914913505,60000,681,25.690075299993623
equal_evaluations,F18,TSA,1,303598.72070235095,60000,681,26.42567360000976
equal_evaluations,F18,TSA,2,285894.1761184632,60000,681,25.18327340000542
equal_evaluations,F18,TSA,3,312743.0042725906,60000,681,25.961012900006608
equal_evaluations,F18,TSA,4,381233.2077867337,60000,681,25.24861619999865
equal_evaluations,F18,TSA,5,214529.03295852552,60000,681,25.147974799998337
equal_evaluations,F18,TSA,6,279355.8964324838,60000,681,22.69526640001277
equal_evaluations,F18,TSA,7,187871.31644237944,60000,681,23.313681299987365
equal_evaluations,F18,TSA,8,402597.5937175919,60000,681,23.00101550000545
equal_evaluations,F18,TSA,9,246456.40050369845,60000,681,22.536399500007974
equal_evaluations,F18,SOS,0,31519.99280426316,59910,499,12.037352400002419
equal_evaluations,F18,SOS,1,42226.4219851566,59910,499,12.921489799991832
equal_evaluations,F18,SOS,2,517623.012722959,59910,499,11.32674840000982
equal_evaluations,F18,SOS,3,19910.547135184745,59910,499,12.716094099989277
equal_evaluations,F18,SOS,4,30681.79824210292,59910,499,12.218420000004699
equal_evaluations,F18,SOS,5,14496.690204149796,59910,499,11.458682299999055
equal_evaluations,F18,SOS,6,48931.33513529353,59910,499,13.13477370000328
equal_evaluations,F18,SOS,7,31170.360545593,59910,499,12.556227599998238
equal_evaluations,F18,SOS,8,18599.229036600547,59910,499,12.648334000012255
equal_evaluations,F18,SOS,9,32801.66476491028,59910,499,12.243203500009258
equal_evaluations,F18,ES,0,56245.203170629145,59880,285,11.790223100004368
equal_evaluations,F18,ES,1,98665.72177490775,59880,285,10.828966000000946
equal_evaluations,F18,ES,2,110335.75857016016,59880,285,11.678435200010426
equal_evaluations,F18,ES,3,144931.5289182404,59880,285,11.349907199997688
equal_evaluations,F18,ES,4,86576.33660893541,59880,285,12.124885199998971
equal_evaluations,F18,ES,5,115434.01277042768,59880,285,11.963900400005514
equal_evaluations,F18,ES,6,133414.79321320597,59880,285,10.873826499999268
equal_evaluations,F18,ES,7,111041.91949140264,59880,285,11.901919699987047
equal_evaluations,F18,ES,8,107679.55544126204,59880,285,11.792345599998953
equal_evaluations,F18,ES,9,50085.80967134327,59880,285,11.702176399994642
equal_evaluations,F18,FA,0,1153619377.4863615,59632,137,11.832083000001148
equal_evaluations,F18,FA,1,744609579.1736534,59640,137,11.645310799998697
equal_evaluations,F18,FA,2,404635988.6747845,59629,137,8.551069199995254
equal_evaluations,F18,FA,3,268709532.2431606,59615,137,8.131640300009167
equal_evaluations,F18,FA,4,87803498.12676853,59611,137,8.139682299995911
equal_evaluations,F18,FA,5,670262735.1342357,59612,137,7.986464999994496
equal_evaluations,F18,FA,6,845212325.4543236,59638,137,7.898976299999049
equal_evaluations,F18,FA,7,73166505.19527052,59626,137,7.880892899993341
equal_evaluations,F18,FA,8,181988141.64659405,59630,137,7.5556857000046875
equal_evaluations,F18,FA,9,163125280.25101775,59629,137,7.8004011000011815
equal_evaluations,F19,HS,0,2375.3646998680642,60000,59970,63.52151190000586
equal_evaluations,F19,HS,1,25727.763335413154,60000,59970,61.10796910000499
equal_evaluations,F19,HS,2,7684.553836280079,60000,59970,58.70020110000041
equal_evaluations,F19,HS,3,2066.5550124222204,60000,59970,61.28138700001
equal_evaluations,F19,HS,4,2595.153827195484,60000,59970,62.95792050000455
equal_evaluations,F19,HS,5,1929.942075488239,60000,59970,57.25435269999434
equal_evaluations,F19,HS,6,2167.428695702325,60000,59970,60.787817000004
equal_evaluations,F19,HS,7,27070.951892219102,60000,59970,56.15794150000147
equal_evaluations,F19,HS,8,6262.149899889961,60000,59970,55.21707610000158
equal_evaluations,F19,HS,9,8308.632974120424,60000,59970,63.04668090000632
equal_evaluations,F19,LSHADE,0,17253.927703662215,59552,3499,54.42040469999483
equal_evaluations,F19,LSHADE,1,1878.3539758652419,59552,3499,50.01709959999425
equal_evaluations,F19,LSHADE,2,7075.044166947262,59552,3499,53.938858399997116
equal_evaluations,F19,LSHADE,3,1897.5286479805577,59552,3499,50.171758499986026
equal_evaluations,F19,LSHADE,4,6113.622652347826,59552,3499,55.0416336000053
equal_evaluations,F19,LSHADE,5,29265.528438554047,59552,3499,51.822025000001304
equal_evaluations,F19,LSHADE,6,2586.193200911182,59552,3499,50.53408450000279
equal_evaluations,F19,LSHADE,7,2026.1157121091298,59552,3499,49.76865649998945
equal_evaluations,F19,LSHADE,8,2004.7952594476972,59552,3499,50.56149140000343
equal_evaluations,F19,LSHADE,9,3405.0408569081783,59552,3499,48.90029520000098
equal_evaluations,F19,PSO,0,110657586429.98732,60000,1999,38.066301399987424
equal_evaluations,F19,PSO,1,53235872635.59959,60000,1999,38.61687240000174
equal_evaluations,F19,PSO,2,64688093414.49027,60000,1999,38.94211170000199
equal_evaluations,F19,PSO,3,10012384402.707108,60000,1999,38.793795599995065
equal_evaluations,F19,PSO,4,165809048265.2138,60000,1999,34.81104149999737
equal_evaluations,F19,PSO,5,6113162220.210691,60000,1999,35.818848200011416
equal_evaluations,F19,PSO,6,11121325299.088388,60000,1999,39.5745520000055
equal_evaluations,F19,PSO,7,56817716250.44228,60000,1999,32.89787700001034
equal_evaluations,F19,PSO,8,38855914492.32072,60000,1999,35.569477500001085
equal_evaluations,F19,PSO,9,7969353725.617416,60000,1999,35.599737900003674
equal_evaluations,F19,GWO,0,7356382340.10589,60000,1999,39.22554980000132
equal_evaluations,F19,GWO,1,42603.179569903485,60000,1999,43.75786839998909
equal_evaluations,F19,GWO,2,460555057.4324189,60000,1999,47.50750460001291
equal_evaluations,F19,GWO,3,66133820300.9935,60000,1999,49.06514919998881
equal_evaluations,F19,GWO,4,16821851.623723023,60000,1999,48.89436680001381
equal_evaluations,F19,GWO,5,57418.1909445781,60000,1999,49.21425879999879
equal_evaluations,F19,GWO,6,7964663370.687864,60000,1999,49.214165999990655
equal_evaluations,F19,GWO,7,369541403.51287913,60000,1999,48.353549299994484
equal_evaluations,F19,GWO,8,996337925.6097225,60000,1999,46.769750999999815
equal_evaluations,F19,GWO,9,4448368647.394934,60000,1999,47.033410999996704
equal_evaluations,F19,HHO,0,312621.3552858047,57686,1040,44.700942399998894
equal_evaluations,F19,HHO,1,433448.75620698405,58562,1040,44.7301196000044
equal_evaluations,F19,HHO,2,313012.082050033,57828,1040,45.83675709999807
equal_evaluations,F19,HHO,3,269649.4103918461,57246,1040,41.57696709998709
equal_evaluations,F19,HHO,4,230727.69214673495,58382,1040,42.65014280000469
equal_evaluations,F19,HHO,5,129544.52824439775,57616,1040,43.4323352999927
equal_evaluations,F19,HHO,6,149617.18045000843,57226,1040,42.51520699998946
equal_evaluations,F19,HHO,7,135874.51163595094,57904,1040,42.939592100010486
equal_evaluations,F19,HHO,8,227220.47322515622,57468,1040,40.80422229999385
equal_evaluations,F19,HHO,9,92941.20487668566,56844,1040,43.622773800001596
equal_evaluations,F19,BFO,0,107681.58035822956,39910,762,30.9482188999973
equal_evaluations,F19,BFO,1,122194.51592512248,40299,762,29.214264700000058
equal_evaluations,F19,BFO,2,110521.09384136068,40019,762,30.29026779999549
equal_evaluations,F19,BFO,3,104576.6941185171,39933,762,31.270866699996986
equal_evaluations,F19,BFO,4,57250.24709932363,39998,762,31.75185679999413
equal_evaluations,F19,BFO,5,69799.62299853691,40502,762,30.744697800007998
equal_evaluations,F19,BFO,6,76349.38326651632,39958,762,30.459735700002057
equal_evaluations,F19,BFO,7,48658.011422412426,40194,762,32.26217980000365
equal_evaluations,F19,BFO,8,112918.05862081789,39960,762,30.035150499999872
equal_evaluations,F19,BFO,9,136185.51382410424,40190,762,30.75033070000063
equal_evaluations,F19,TSA,0,6456.300476747623,60000,681,63.4561023000133
equal_evaluations,F19,TSA,1,12348.48870884779,60000,681,65.56441039999481
equal_evaluations,F19,TSA,2,13703.422885849568,60000,681,63.87739240001247
equal_evaluations,F19,TSA,3,3804.644063570664,60000,681,66.03825680000591
equal_evaluations,F19,TSA,4,3799.518593958486,60000,681,58.52531669999007
equal_evaluations,F19,TSA,5,8950.068084137518,60000,681,58.886962399992626
equal_evaluations,F19,TSA,6,79732.55496421525,60000,681,57.23061030000099
equal_evaluations,F19,TSA,7,14950.539774562298,60000,681,59.20410709999851
equal_evaluations,F19,TSA,8,5967.786989942741,60000,681,61.44269139999233
equal_evaluations,F19,TSA,9,26336.946852728932,60000,681,57.6123607000045
equal_evaluations,F19,SOS,0,26818.78796088705,59910,499,47.90300330000173
equal_evaluations,F19,SOS,1,59614.34314428576,59910,499,46.506706200001645
equal_evaluations,F19,SOS,2,2774.3340699843034,59910,499,44.54045109999424
equal_evaluations,F19,SOS,3,37541.27600483973,59910,499,47.187050499996985
equal_evaluations,F19,SOS,4,2368.874738432489,59910,499,47.62773659999948
equal_evaluations,F19,SOS,5,23071.685394792636,59910,499,47.49976059999608
equal_evaluations,F19,SOS,6,3835.3337952025204,59910,499,45.387780400007614
equal_evaluations,F19,SOS,7,63547.081178365275,59910,499,45.41828650000389
equal_evaluations,F19,SOS,8,11962.543040333738,59910,499,47.698539300006814
equal_evaluations,F19,SOS,9,2135.7923103124635,59910,499,46.77645859999757
equal_evaluations,F19,ES,0,155627.14605205783,59880,285,44.850545100009185
equal_evaluations,F19,ES,1,54629.01005570987,59880,285,46.695739100003266
equal_evaluations,F19,ES,2,24780.3527175083,59880,285,46.660174499993445
equal_evaluations,F19,ES,3,80653.95346959739,59880,285,42.721094700013055
equal_evaluations,F19,ES,4,103467.98953023939,59880,285,46.00950040000316
equal_evaluations,F19,ES,5,46129.02623868411,59880,285,45.735088499990525
equal_evaluations,F19,ES,6,65017.367304018226,59880,285,43.78423109999858
equal_evaluations,F19,ES,7,55135.36494986224,59880,285,44.84074119999423
equal_evaluations,F19,ES,8,104792.38600298481,59880,285,45.07655059998797
equal_evaluations,F19,ES,9,57602.37072174525,59880,285,44.27243910000834
equal_evaluations,F19,FA,0,1800916331367908.0,59639,137,43.44923899999412
equal_evaluations,F19,FA,1,9361486896848314.0,59651,137,43.89876460000232
equal_evaluations,F19,FA,2,1.4499474565111542e+17,59624,137,28.616968300004373
equal_evaluations,F19,FA,3,1.6764557514293118e+16,59629,137,27.568432400003076
equal_evaluations,F19,FA,4,6603427527714969.0,59618,137,26.562354599998798
equal_evaluations,F19,FA,5,194412058077166.84,59629,137,26.474227300001075
equal_evaluations,F19,FA,6,7.334448234432957e+16,59618,137,25.59795199999644
equal_evaluations,F19,FA,7,2089234058030658.5,59626,137,25.817560999988928
equal_evaluations,F19,FA,8,4242941213346.3716,59621,137,25.15636789999553
equal_evaluations,F19,FA,9,3.212744312792853e+16,59631,137,24.979493799997726
equal_evaluations,F20,HS,0,1744.090062897101,60000,59970,104.65195749999839
equal_evaluations,F20,HS,1,1513.5069287459473,60000,59970,107.805649300004
equal_evaluations,F20,HS,2,1674.1230486811473,60000,59970,107.69880499999272
equal_evaluations,F20,HS,3,1675.1339490435075,60000,59970,106.38411420000193
equal_evaluations,F20,HS,4,1683.5109899461268,60000,59970,105.36543309999979
equal_evaluations,F20,HS,5,1682.8797925905697,60000,59970,104.76866419998987
equal_evaluations,F20,HS,6,1793.631892785591,60000,59970,108.29093980000471
equal_evaluations,F20,HS,7,1606.7098486311331,60000,59970,106.83347990000038
equal_evaluations,F20,HS,8,1945.795384083053,60000,59970,104.17282789999445
equal_evaluations,F20,HS,9,1626.2594477260398,60000,59970,106.02857949999452
equal_evaluations,F20,LSHADE,0,1676.8706393321322,59552,3499,100.12024329999986
equal_evaluations,F20,LSHADE,1,1770.2185903178904,59552,3499,99.76288969999587
equal_evaluations,F20,LSHADE,2,1598.8008200075942,59552,3499,97.28780710000137
equal_evaluations,F20,LSHADE,3,1634.295736224844,59552,3499,102.19058450000011
equal_evaluations,F20,LSHADE,4,1475.3314651430194,59552,3499,98.99563479999779
equal_evaluations,F20,LSHADE,5,1897.347576659303,59552,3499,95.85916990000987
equal_evaluations,F20,LSHADE,6,1603.4649905340984,59552,3499,96.29225990000123
equal_evaluations,F20,LSHADE,7,1826.2381637612548,59552,3499,100.70775299999514
equal_evaluations,F20,LSHADE,8,1841.08351886072,59552,3499,100.68024659999355
equal_evaluations,F20,LSHADE,9,1980.2264225177169,59552,3499,101.90305850000004
equal_evaluations,F20,PSO,0,2987.8918775611555,60000,1999,85.07177809999848
equal_evaluations,F20,PSO,1,1476.8292023869078,60000,1999,84.90664139999717
equal_evaluations,F20,PSO,2,4291.18972783515,60000,1999,83.8831468999997
equal_evaluations,F20,PSO,3,2763.134958274756,60000,1999,88.06541579999612
equal_evaluations,F20,PSO,4,4676.9728473152245,60000,1999,87.0704914000089
equal_evaluations,F20,PSO,5,5674.918552888803,60000,1999,86.51037420000648
equal_evaluations,F20,PSO,6,2204.4728791072853,60000,1999,82.61506460000237
equal_evaluations,F20,PSO,7,3665.334205500685,60000,1999,85.8440971999953
equal_evaluations,F20,PSO,8,2974.564025862306,60000,1999,85.62785430000804
equal_evaluations,F20,PSO,9,2762.0901117511125,60000,1999,84.21367720000853
equal_evaluations,F20,GWO,0,3968.6286631303824,60000,1999,90.47490679999464
equal_evaluations,F20,GWO,1,2757.38881939468,60000,1999,89.59577159999753
equal_evaluations,F20,GWO,2,2721.759137390007,60000,1999,86.41747870000836
equal_evaluations,F20,GWO,3,1890.5623627858904,60000,1999,84.75394249999954
equal_evaluations,F20,GWO,4,2889.680775222229,60000,1999,86.94825860000856
equal_evaluations,F20,GWO,5,3207.890486485602,60000,1999,87.15498890000163
equal_evaluations,F20,GWO,6,2302.450497040107,60000,1999,86.90011650000815
equal_evaluations,F20,GWO,7,2063.6197332709953,60000,1999,85.50321850000182
equal_evaluations,F20,GWO,8,2267.2175825665804,60000,1999,85.1697021
equal_evaluations,F20,GWO,9,2708.8956851966554,60000,1999,84.55888159999449
equal_evaluations,F20,HHO,0,5866.164276708924,58050,1040,79.38911999999254
equal_evaluations,F20,HHO,1,4650.890742108472,57250,1040,77.95011630000954
equal_evaluations,F20,HHO,2,3964.6725416096797,57810,1040,77.87113110000791
equal_evaluations,F20,HHO,3,7490.973363569987,57600,1040,78.98498500000278
equal_evaluations,F20,HHO,4,6103.579834663623,57584,1040,74.3353810000117
equal_evaluations,F20,HHO,5,8308.633128302896,57714,1040,76.87314820000029
equal_evaluations,F20,HHO,6,7296.822928748392,56984,1040,78.56161249999423
equal_evaluations,F20,HHO,7,4565.435061209545,57328,1040,74.49202449999575
equal_evaluations,F20,HHO,8,3912.0141527763353,57860,1040,75.90807669999776
equal_evaluations,F20,HHO,9,4033.4914847503287,56936,1040,75.22927969999728
equal_evaluations,F20,BFO,0,6664.626907337348,34424,762,49.773866999996244
equal_evaluations,F20,BFO,1,3254.8577902613633,33845,762,44.687422899995
equal_evaluations,F20,BFO,2,3599.235090720535,33829,762,45.799527499999385
equal_evaluations,F20,BFO,3,3227.2359982095686,33739,762,49.0567594999884
equal_evaluations,F20,BFO,4,3118.585716373044,33852,762,45.57158170000184
equal_evaluations,F20,BFO,5,3518.8886188607503,34055,762,47.48666769999545
equal_evaluations,F20,BFO,6,3336.2442698714553,33888,762,46.244427900004666
equal_evaluations,F20,BFO,7,3557.042674074578,33935,762,47.10350210001343
equal_evaluations,F20,BFO,8,5428.469283995384,33961,762,46.504470600004424
equal_evaluations,F20,BFO,9,3711.6362740800314,33769,762,44.934009999997215
equal_evaluations,F20,TSA,0,2835.2829674989543,60000,681,82.61985659999482
equal_evaluations,F20,TSA,1,1830.6719778067227,60000,681,85.40539679999347
equal_evaluations,F20,TSA,2,2937.6047014873234,60000,681,81.0615334000031
equal_evaluations,F20,TSA,3,2437.9319739923812,60000,681,90.42094660000294
equal_evaluations,F20,TSA,4,2695.921668294942,60000,681,72.10918709999532
equal_evaluations,F20,TSA,5,2349.2430136519906,60000,681,71.72474770000554
equal_evaluations,F20,TSA,6,2570.478963118687,60000,681,72.05710580000596
equal_evaluations,F20,TSA,7,2263.7081773822597,60000,681,71.46835629999987
equal_evaluations,F20,TSA,8,2385.478312090626,60000,681,67.15141479999875
equal_evaluations,F20,TSA,9,2302.9091803753563,60000,681,74.2137619999994
equal_evaluations,F20,SOS,0,2115.5230562811116,59910,499,55.3033657999913
equal_evaluations,F20,SOS,1,2407.2131863065674,59910,499,51.75739020000037
equal_evaluations,F20,SOS,2,1905.4926896893762,59910,499,64.09179399999266
equal_evaluations,F20,SOS,3,1714.1998067161767,59910,499,65.60794460000761
equal_evaluations,F20,SOS,4,1850.3917930498096,59910,499,48.83375239999441
equal_evaluations,F20,SOS,5,1966.109926995251,59910,499,52.64062810000905
equal_evaluations,F20,SOS,6,1853.675760411944,59910,499,46.42530260000785
equal_evaluations,F20,SOS,7,1578.80343973354,59910,499,49.95287870000175
equal_evaluations,F20,SOS,8,2069.619048302122,59910,499,54.66945210000267
equal_evaluations,F20,SOS,9,1824.8163056340686,59910,499,57.331048799998825
equal_evaluations,F20,ES,0,3170.6966289576726,59880,285,45.92812340000819
equal_evaluations,F20,ES,1,2065.2583636229247,59880,285,49.188708599991514
equal_evaluations,F20,ES,2,3908.938469103793,59880,285,55.85625810000056
equal_evaluations,F20,ES,3,2703.706933653036,59880,285,56.3408946999989
equal_evaluations,F20,ES,4,2715.0644765051943,59880,285,50.768471699993825
equal_evaluations,F20,ES,5,2410.3535286828383,59880,285,54.236237300006906
equal_evaluations,F20,ES,6,2594.3123684172247,59880,285,55.47206770000048
equal_evaluations,F20,ES,7,1877.1410278864573,59880,285,46.448901199997636
equal_evaluations,F20,ES,8,3476.1175847809654,59880,285,53.877515399988624
equal_evaluations,F20,ES,9,2773.5043770852317,59880,285,51.70255190000171
equal_evaluations,F20,FA,0,28118.52320165344,59659,137,48.95298360000015
equal_evaluations,F20,FA,1,19278.91721940411,59714,137,53.32763010000053
equal_evaluations,F20,FA,2,31123.953975124205,59643,137,41.54809360000945
equal_evaluations,F20,FA,3,35059.7654160305,59585,137,41.089225299991085
equal_evaluations,F20,FA,4,40636.26670981563,59783,137,41.41533150000032
equal_evaluations,F20,FA,5,27192.097937640065,59735,137,40.642230900004506
equal_evaluations,F20,FA,6,34904.531953129976,59683,137,35.72764019999886
equal_evaluations,F20,FA,7,26815.57892889286,59615,137,36.448721000007936
equal_evaluations,F20,FA,8,28579.766099173514,59625,137,34.02106919999642
equal_evaluations,F20,FA,9,19978.44029432666,59819,137,36.0584455000062
equal_evaluations,F21,HS,0,2357.4476954661777,60000,59970,33.26516910000646
equal_evaluations,F21,HS,1,2369.327326731542,60000,59970,36.47218840000278
equal_evaluations,F21,HS,2,2211.336215953058,60000,59970,33.38677089998964
equal_evaluations,F21,HS,3,2479.0811634237434,60000,59970,35.072263899986865
equal_evaluations,F21,HS,4,2322.8012607985293,60000,59970,35.32424329999776
equal_evaluations,F21,HS,5,2334.1087512060526,60000,59970,35.7703623999987
equal_evaluations,F21,HS,6,2310.7675655673484,60000,59970,34.10886340000434
equal_evaluations,F21,HS,7,2491.9361645795475,60000,59970,35.211853300002986
equal_evaluations,F21,HS,8,2310.095993273438,60000,59970,36.47897120000562
equal_evaluations,F21,HS,9,2364.9316188331622,60000,59970,37.11953359999461
equal_evaluations,F21,LSHADE,0,2275.36769085381,59552,3499,24.09834489999048
equal_evaluations,F21,LSHADE,1,2264.0824742518735,59552,3499,27.880289900000207
equal_evaluations,F21,LSHADE,2,2277.986455332305,59552,3499,27.66881669999566
equal_evaluations,F21,LSHADE,3,2337.378565748809,59552,3499,25.723908499989193
equal_evaluations,F21,LSHADE,4,2100.0000000000014,59552,3499,26.992976200010162
equal_evaluations,F21,LSHADE,5,2100.000000000003,59552,3499,28.279645499991602
equal_evaluations,F21,LSHADE,6,2100.0000000000045,59552,3499,28.23975419999624
equal_evaluations,F21,LSHADE,7,2255.0564098156187,59552,3499,27.355066599993734
equal_evaluations,F21,LSHADE,8,2308.0587471949534,59552,3499,28.026795599987963
equal_evaluations,F21,LSHADE,9,2243.386155203656,59552,3499,27.381842399991
equal_evaluations,F21,PSO,0,52996.54419686775,60000,1999,12.701438500007498
equal_evaluations,F21,PSO,1,39327.077619195334,60000,1999,13.687742900001467
equal_evaluations,F21,PSO,2,4988.967120080275,60000,1999,12.969101499998942
equal_evaluations,F21,PSO,3,12833.611708583481,60000,1999,13.994911200003116
equal_evaluations,F21,PSO,4,10188.544425605709,60000,1999,14.190651800003252
equal_evaluations,F21,PSO,5,37389.75541554189,60000,1999,12.692118699997081
equal_evaluations,F21,PSO,6,37538.50637824201,60000,1999,12.695074799994472
equal_evaluations,F21,PSO,7,36792.921436299075,60000,1999,13.973439200010034
equal_evaluations,F21,PSO,8,10965.24496137903,60000,1999,12.594574799994007
equal_evaluations,F21,PSO,9,41291.030620692516,60000,1999,13.184489399995073
equal_evaluations,F21,GWO,0,5495.487964435431,60000,1999,17.870255700006965
equal_evaluations,F21,GWO,1,5319.728449048501,60000,1999,18.596911100001307
equal_evaluations,F21,GWO,2,3891.74374900699,60000,1999,17.49916010000743
equal_evaluations,F21,GWO,3,5834.96593648077,60000,1999,17.29463649999525
equal_evaluations,F21,GWO,4,2613.0779531586336,60000,1999,17.00901850000082
equal_evaluations,F21,GWO,5,3410.6789110387567,60000,1999,16.694019399990793
equal_evaluations,F21,GWO,6,4007.431436169179,60000,1999,17.281464500003494
equal_evaluations,F21,GWO,7,3634.1093207363356,60000,1999,17.559170199994696
equal_evaluations,F21,GWO,8,4083.2877115025244,60000,1999,18.90032470000733
equal_evaluations,F21,GWO,9,4544.493425757584,60000,1999,16.77763060000143
equal_evaluations,F21,HHO,0,2359.3612039647774,57544,1040,13.210685600002762
equal_evaluations,F21,HHO,1,3002.2197849489376,57990,1040,13.952909900006489
equal_evaluations,F21,HHO,2,2775.6857493466655,57810,1040,14.716064499996719
equal_evaluations,F21,HHO,3,2671.6355483339303,57998,1040,13.758026800001971
equal_evaluations,F21,HHO,4,2646.64560767612,57554,1040,13.50047959999938
equal_evaluations,F21,HHO,5,2723.158672180469,57258,1040,14.821820700002718
equal_evaluations,F21,HHO,6,2768.539713070165,57476,1040,12.89275450000423
equal_evaluations,F21,HHO,7,2749.812736804672,58186,1040,14.927021800001967
equal_evaluations,F21,HHO,8,2697.5577637512683,57870,1040,15.051216699997894
equal_evaluations,F21,HHO,9,2880.0387495589416,57368,1040,14.366818899987265
equal_evaluations,F21,BFO,0,2355.16707310587,39329,762,11.501850600005127
equal_evaluations,F21,BFO,1,2120.631999000306,40167,762,11.542361100000562
equal_evaluations,F21,BFO,2,2119.1060983142,40084,762,10.539547199994558
equal_evaluations,F21,BFO,3,2369.0590427396314,39701,762,10.730483999999706
equal_evaluations,F21,BFO,4,2123.462350365032,40096,762,10.498971399996663
equal_evaluations,F21,BFO,5,2126.333030463784,39970,762,11.191157499997644
equal_evaluations,F21,BFO,6,2508.405965904837,39986,762,10.945162400006666
equal_evaluations,F21,BFO,7,2118.402622954966,40292,762,10.30457259999821
equal_evaluations,F21,BFO,8,2121.126991139232,39535,762,11.035217299999204
equal_evaluations,F21,BFO,9,2461.134545856021,39471,762,10.127815300002112
equal_evaluations,F21,TSA,0,2460.0156707524097,60000,681,33.057305199996335
equal_evaluations,F21,TSA,1,2484.147001820857,60000,681,32.84827860000951
equal_evaluations,F21,TSA,2,2471.562180079291,60000,681,33.074259899993194
equal_evaluations,F21,TSA,3,2450.4007310218362,60000,681,32.6365766999952
equal_evaluations,F21,TSA,4,2537.3131440844877,60000,681,32.144225500000175
equal_evaluations,F21,TSA,5,2453.9272434736113,60000,681,32.72274510000716
equal_evaluations,F21,TSA,6,2463.758174686809,60000,681,32.45964200000162
equal_evaluations,F21,TSA,7,2765.522496124914,60000,681,31.968600699998206
equal_evaluations,F21,TSA,8,3111.316876436802,60000,681,31.455431499998667
equal_evaluations,F21,TSA,9,2508.8511307462054,60000,681,32.16935480000393
equal_evaluations,F21,SOS,0,2100.0399393851626,59910,499,17.08629240001028
equal_evaluations,F21,SOS,1,2100.081678426081,59910,499,16.417725399995106
equal_evaluations,F21,SOS,2,2402.3729567463843,59910,499,17.76120350000565
equal_evaluations,F21,SOS,3,2100.528544070655,59910,499,16.82558699999936
equal_evaluations,F21,SOS,4,2465.179990868999,59910,499,17.824832300000708
equal_evaluations,F21,SOS,5,2102.5027602497025,59910,499,16.198208000001614
equal_evaluations,F21,SOS,6,2322.3695037347825,59910,499,19.35445680000703
equal_evaluations,F21,SOS,7,2100.1665523137926,59910,499,18.789311299988185
equal_evaluations,F21,SOS,8,2367.786685581126,59910,499,16.619507099996554
equal_evaluations,F21,SOS,9,2100.6726903277877,59910,499,17.021543399998336
equal_evaluations,F21,ES,0,2921.6401473398664,59880,285,18.755860599994776
equal_evaluations,F21,ES,1,2506.2586980132796,59880,285,17.191393400004017
equal_evaluations,F21,ES,2,3052.1698518521466,59880,285,16.053395299997646
equal_evaluations,F21,ES,3,2163.0506946860437,59880,285,16.770661000002292
equal_evaluations,F21,ES,4,2618.516251191973,59880,285,17.732210400004988
equal_evaluations,F21,ES,5,2706.4469731526615,59880,285,17.466851999997743
equal_evaluations,F21,ES,6,2652.04746476267,59880,285,17.345539600006305
equal_evaluations,F21,ES,7,2264.506364217194,59880,285,17.18002900001011
equal_evaluations,F21,ES,8,2242.012904500365,59880,285,17.161636799995904
equal_evaluations,F21,ES,9,3808.1390809657123,59880,285,17.43986440000299
equal_evaluations,F21,FA,0,129219.0164887734,59641,137,16.778036699994118
equal_evaluations,F21,FA,1,104903.24422657145,59639,137,16.679070300000603
equal_evaluations,F21,FA,2,99325.13994205794,59617,137,12.583271999988938
equal_evaluations,F21,FA,3,132482.0971693708,59619,137,13.087676700000884
equal_evaluations,F21,FA,4,120862.54571705614,59629,137,12.199254000006476
equal_evaluations,F21,FA,5,157722.96168669694,59644,137,12.383523600001354
equal_evaluations,F21,FA,6,146689.33910228667,59626,137,12.18477680000069
equal_evaluations,F21,FA,7,90281.53792075731,59636,137,11.678170899991528
equal_evaluations,F21,FA,8,105665.20570176696,59614,137,11.260826999990968
equal_evaluations,F21,FA,9,74115.75196270624,59618,137,11.285522500009392
equal_evaluations,F22,HS,0,-12452.263037518254,60000,59970,40.00136240001302
equal_evaluations,F22,HS,1,-12185.564162334673,60000,59970,44.15419769998698
equal_evaluations,F22,HS,2,-12055.126269573067,60000,59970,43.218986700012465
equal_evaluations,F22,HS,3,-11968.136234522932,60000,59970,41.22334939999564
equal_evaluations,F22,HS,4,-12559.659036539451,60000,59970,42.37876440001128
equal_evaluations,F22,HS,5,-12462.95452856806,60000,59970,42.2633102999971
equal_evaluations,F22,HS,6,-12446.07383715703,60000,59970,43.900395300006494
equal_evaluations,F22,HS,7,-12634.178298377352,60000,59970,41.904669299998204
equal_evaluations,F22,HS,8,-12123.507338816913,60000,59970,42.11042169999564
equal_evaluations,F22,HS,9,-12071.166751548006,60000,59970,41.91594599999371
equal_evaluations,F22,LSHADE,0,-11204.44299953762,59552,3499,34.54966659999627
equal_evaluations,F22,LSHADE,1,-10454.482602003085,59552,3499,33.7574203999975
equal_evaluations,F22,LSHADE,2,-11059.944248488024,59552,3499,35.159058000004734
equal_evaluations,F22,LSHADE,3,-10281.81706296397,59552,3499,35.28987690000213
equal_evaluations,F22,LSHADE,4,-11793.49175920829,59552,3499,35.39120019999973
equal_evaluations,F22,LSHADE,5,-9535.771285182896,59552,3499,34.236759799998254
equal_evaluations,F22,LSHADE,6,-10431.64216807691,59552,3499,36.349117500009015
equal_evaluations,F22,LSHADE,7,-10199.33167834992,59552,3499,34.698910799997975
equal_evaluations,F22,LSHADE,8,-11737.276509965353,59552,3499,33.63984439999331
equal_evaluations,F22,LSHADE,9,-10748.288159916983,59552,3499,34.69111929999781
equal_evaluations,F22,PSO,0,2610.357738522005,60000,1999,20.47930350000388
equal_evaluations,F22,PSO,1,2421.232545610531,60000,1999,19.652456900003017
equal_evaluations,F22,PSO,2,2173.6075893579064,60000,1999,18.94403990000137
equal_evaluations,F22,PSO,3,-2334.8053931329923,60000,1999,18.497717300007935
equal_evaluations,F22,PSO,4,2459.2723031116834,60000,1999,17.583250900002895
equal_evaluations,F22,PSO,5,2574.2890709296207,60000,1999,19.88636360000237
equal_evaluations,F22,PSO,6,-2094.406885800492,60000,1999,19.82441430000472
equal_evaluations,F22,PSO,7,2605.1396191655717,60000,1999,20.86163800000213
equal_evaluations,F22,PSO,8,2532.0445545943467,60000,1999,18.637962399996468
equal_evaluations,F22,PSO,9,1733.1883569225968,60000,1999,18.02428310000687
equal_evaluations,F22,GWO,0,2188.6066061242345,60000,1999,25.00955299999623
equal_evaluations,F22,GWO,1,2184.6220134998307,60000,1999,23.315738299992518
equal_evaluations,F22,GWO,2,2233.031761671878,60000,1999,24.383275699990918
equal_evaluations,F22,GWO,3,2259.4903368615833,60000,1999,22.763166000004276
equal_evaluations,F22,GWO,4,2109.946386493449,60000,1999,23.55534869999974
equal_evaluations,F22,GWO,5,2203.639232597265,60000,1999,23.80260690000432
equal_evaluations,F22,GWO,6,2256.718223629613,60000,1999,23.473153999992064
equal_evaluations,F22,GWO,7,2228.8098966656594,60000,1999,23.268158200007747
equal_evaluations,F22,GWO,8,2239.1002309392425,60000,1999,23.68900000001304
equal_evaluations,F22,GWO,9,2207.004646568566,60000,1999,22.355889500002377
equal_evaluations,F22,HHO,0,2217.6376798213914,57484,1040,19.526694100000896
equal_evaluations,F22,HHO,1,1945.2743871741536,57438,1040,17.982285399993998
equal_evaluations,F22,HHO,2,165.57279816026448,58254,1040,18.347991000002366
equal_evaluations,F22,HHO,3,2264.3629605427845,57422,1040,19.701304000001983
equal_evaluations,F22,HHO,4,2424.3911361480064,57774,1040,20.77320629998576
equal_evaluations,F22,HHO,5,1317.3831939499669,57576,1040,18.350797899998724
equal_evaluations,F22,HHO,6,2013.7841203025278,57658,1040,19.342433800004073
equal_evaluations,F22,HHO,7,2844.074966229575,57336,1040,19.400967800000217
equal_evaluations,F22,HHO,8,774.3217828994677,57972,1040,21.400056700003915
equal_evaluations,F22,HHO,9,2201.9066262705533,57544,1040,20.547897200012812
equal_evaluations,F22,BFO,0,1795.5760114769616,34961,762,11.54835009999806
equal_evaluations,F22,BFO,1,2433.3278453163202,34849,762,11.936921399988933
equal_evaluations,F22,BFO,2,2122.4033014304973,35140,762,11.953259699992486
equal_evaluations,F22,BFO,3,1317.3058859827793,35687,762,13.52688780000608
equal_evaluations,F22,BFO,4,1561.5817593397169,35284,762,13.272997099993518
equal_evaluations,F22,BFO,5,2050.6785132861264,35201,762,11.960670599990408
equal_evaluations,F22,BFO,6,1677.652213198973,35287,762,12.41115240000363
equal_evaluations,F22,BFO,7,1802.4741611790662,35038,762,12.118406200010213
equal_evaluations,F22,BFO,8,1707.0550495265725,35265,762,12.06499640000402
equal_evaluations,F22,BFO,9,2026.0050578063237,34821,762,11.815674199999194
equal_evaluations,F22,TSA,0,2273.405463283717,60000,681,32.73766069998965
equal_evaluations,F22,TSA,1,2279.8758742525533,60000,681,33.16829570000118
equal_evaluations,F22,TSA,2,2288.537073445286,60000,681,33.095291400008136
equal_evaluations,F22,TSA,3,2269.824206027956,60000,681,31.994557699988945
equal_evaluations,F22,TSA,4,2283.6717797779575,60000,681,32.80732799999532
equal_evaluations,F22,TSA,5,2263.5530110188847,60000,681,32.20322880000458
equal_evaluations,F22,TSA,6,2269.9226517638954,60000,681,32.04217250000511
equal_evaluations,F22,TSA,7,2266.448290323897,60000,681,32.849095400000806
equal_evaluations,F22,TSA,8,2276.9859934649644,60000,681,32.099630500000785
equal_evaluations,F22,TSA,9,2262.503570554133,60000,681,32.44167810000363
equal_evaluations,F22,SOS,0,-3681.5682514372875,59910,499,22.529255599991302
equal_evaluations,F22,SOS,1,-4515.316523443804,59910,499,21.521509700003662
equal_evaluations,F22,SOS,2,-3396.113556210783,59910,499,22.099387599999318
equal_evaluations,F22,SOS,3,-4542.42247700113,59910,499,21.358316900004866
equal_evaluations,F22,SOS,4,-5089.483185235659,59910,499,22.511858699988807
equal_evaluations,F22,SOS,5,-4173.761421800232,59910,499,22.33957320000627
equal_evaluations,F22,SOS,6,-3126.672670628647,59910,499,21.259305999992648
equal_evaluations,F22,SOS,7,-2941.9361700946965,59910,499,21.40464979999524
equal_evaluations,F22,SOS,8,-443.9862664906368,59910,499,20.50730549999571
equal_evaluations,F22,SOS,9,-4321.738922627475,59910,499,20.671321799993166
equal_evaluations,F22,ES,0,2271.779386226877,59880,285,19.348524000000907
equal_evaluations,F22,ES,1,2241.5836005396122,59880,285,20.089929199995822
equal_evaluations,F22,ES,2,2166.4248482569174,59880,285,19.121845700006816
equal_evaluations,F22,ES,3,2218.9557736526626,59880,285,18.794332200006465
equal_evaluations,F22,ES,4,2153.2720577442765,59880,285,18.90066920001118
equal_evaluations,F22,ES,5,2266.234659693303,59880,285,18.97936720000871
equal_evaluations,F22,ES,6,2230.195447057896,59880,285,18.174481499998365
equal_evaluations,F22,ES,7,2233.6262932132786,59880,285,18.272131899997476
equal_evaluations,F22,ES,8,2256.663369797797,59880,285,17.633984700005385
equal_evaluations,F22,ES,9,2227.2172901029476,59880,285,18.668558999997913
equal_evaluations,F22,FA,0,6369.847770506254,59702,137,18.305617899997742
equal_evaluations,F22,FA,1,9004.543331127064,59645,137,16.536379400000442
equal_evaluations,F22,FA,2,7573.5057344499955,59759,137,10.622521099998266
equal_evaluations,F22,FA,3,8180.387550529449,59660,137,10.80992949999927
equal_evaluations,F22,FA,4,7574.377612302911,59538,137,10.496057700001984
equal_evaluations,F22,FA,5,8681.369361556171,59820,137,10.552090800003498
equal_evaluations,F22,FA,6,8591.70865360949,59702,137,9.638564599998062
equal_evaluations,F22,FA,7,5551.600609616577,59668,137,9.176241399996798
equal_evaluations,F22,FA,8,7045.693173736193,59692,137,8.580055300000822
equal_evaluations,F22,FA,9,7041.795869974924,59738,137,8.677242699995986
equal_evaluations,F23,HS,0,2585.302512532413,60000,59970,34.00551469999482
equal_evaluations,F23,HS,1,2651.3237410004685,60000,59970,41.307251099991845
equal_evaluations,F23,HS,2,2673.1688484581236,60000,59970,39.44993300001079
equal_evaluations,F23,HS,3,2757.1344422401253,60000,59970,39.655763400005526
equal_evaluations,F23,HS,4,2734.8744466861876,60000,59970,38.446738900005585
equal_evaluations,F23,HS,5,2768.045608825959,60000,59970,39.0288647999987
equal_evaluations,F23,HS,6,2664.3516394025955,60000,59970,39.32197960000485
equal_evaluations,F23,HS,7,2596.8227065729643,60000,59970,34.59937500000524
equal_evaluations,F23,HS,8,2727.3828089318927,60000,59970,39.410845099992
equal_evaluations,F23,HS,9,2520.5272134630923,60000,59970,37.9138082999998
equal_evaluations,F23,LSHADE,0,2400.0,59552,3499,29.2262800999888
equal_evaluations,F23,LSHADE,1,2400.0000000000045,59552,3499,29.80282489999081
equal_evaluations,F23,LSHADE,2,2400.000000000002,59552,3499,31.310647499994957
equal_evaluations,F23,LSHADE,3,2400.0000000000023,59552,3499,27.569355700004962
equal_evaluations,F23,LSHADE,4,2400.0000000000027,59552,3499,29.647876700008055
equal_evaluations,F23,LSHADE,5,2614.5806124037626,59552,3499,25.555352900002617
equal_evaluations,F23,LSHADE,6,2400.0000000000045,59552,3499,31.03644149999309
equal_evaluations,F23,LSHADE,7,2400.000000000002,59552,3499,31.363637400005246
equal_evaluations,F23,LSHADE,8,2400.000000000004,59552,3499,26.059299000000465
equal_evaluations,F23,LSHADE,9,2400.000000000003,59552,3499,29.206758800006355
equal_evaluations,F23,PSO,0,33448.73284263897,60000,1999,16.792375499993796
equal_evaluations,F23,PSO,1,27461.132834914628,60000,1999,13.900051000004169
equal_evaluations,F23,PSO,2,29686.89812612847,60000,1999,11.337795400002506
equal_evaluations,F23,PSO,3,25531.592090974198,60000,1999,11.317714100005105
equal_evaluations,F23,PSO,4,21946.11295165778,60000,1999,12.828532100000302
equal_evaluations,F23,PSO,5,20836.05925802298,60000,1999,11.293852400005562
equal_evaluations,F23,PSO,6,55374.620063536226,60000,1999,11.259951999993064
equal_evaluations,F23,PSO,7,25840.489165330382,60000,1999,13.587570199990296
equal_evaluations,F23,PSO,8,31020.94629476428,60000,1999,15.475831199990353
equal_evaluations,F23,PSO,9,24780.78069963864,60000,1999,15.317494000002625
equal_evaluations,F23,GWO,0,23385.402451537542,60000,1999,21.3163796000008
equal_evaluations,F23,GWO,1,9498.096511125314,60000,1999,20.64585739999893
equal_evaluations,F23,GWO,2,6981.5326674670605,60000,1999,26.83914920000825
equal_evaluations,F23,GWO,3,5168.703477277573,60000,1999,26.45110510000086
equal_evaluations,F23,GWO,4,6969.817965490264,60000,1999,27.8118550000072
equal_evaluations,F23,GWO,5,9725.744400525276,60000,1999,26.681185299996287
equal_evaluations,F23,GWO,6,10590.447785424703,60000,1999,30.277350500007742
equal_evaluations,F23,GWO,7,10005.714288679921,60000,1999,26.226042499998584
equal_evaluations,F23,GWO,8,10481.026587048298,60000,1999,28.2331497999985
equal_evaluations,F23,GWO,9,9820.34527516463,60000,1999,27.46318869999959
equal_evaluations,F23,HHO,0,3617.2786483419295,57808,1040,24.264729300004547
equal_evaluations,F23,HHO,1,3192.6336251846933,58050,1040,23.72502669999085
equal_evaluations,F23,HHO,2,3555.68941885185,57152,1040,22.41674630000489
equal_evaluations,F23,HHO,3,3642.439831323557,57216,1040,21.80800730000192
equal_evaluations,F23,HHO,4,3578.5482043820416,57980,1040,23.317823899997165
equal_evaluations,F23,HHO,5,3557.0271438859704,57976,1040,24.28673730000446
equal_evaluations,F23,HHO,6,3517.8188286741565,57080,1040,22.36804570000095
equal_evaluations,F23,HHO,7,3692.8147961011373,57514,1040,22.77957779999997
equal_evaluations,F23,HHO,8,3517.5431759943917,57632,1040,22.19228220000514
equal_evaluations,F23,HHO,9,3601.6212968302807,56970,1040,22.352673700006562
equal_evaluations,F23,BFO,0,2500.9813461181257,39711,762,17.21361249999609
equal_evaluations,F23,BFO,1,2520.523827425665,40066,762,16.75156760000391
equal_evaluations,F23,BFO,2,2510.3155144337666,39993,762,16.13466850000259
equal_evaluations,F23,BFO,3,2498.185506214287,39512,762,16.063877399996272
equal_evaluations,F23,BFO,4,2501.613586911266,40035,762,16.351330899997265
equal_evaluations,F23,BFO,5,2378.641399896128,39841,762,17.194592300002114
equal_evaluations,F23,BFO,6,2493.081109831605,39994,762,14.360028299997794
equal_evaluations,F23,BFO,7,2680.4093263115406,39836,762,15.622166299988749
equal_evaluations,F23,BFO,8,2387.865489026064,39901,762,13.918129800003953
equal_evaluations,F23,BFO,9,2509.733262285667,39817,762,15.554978400003165
equal_evaluations,F23,TSA,0,2480.3062906587274,60000,681,34.98070610000286
equal_evaluations,F23,TSA,1,2402.8953889186428,60000,681,33.82901879999554
equal_evaluations,F23,TSA,2,2886.919744330058,60000,681,35.0839607000089
equal_evaluations,F23,TSA,3,2401.486413614043,60000,681,35.053042400002596
equal_evaluations,F23,TSA,4,2816.6738479976348,60000,681,35.30307589999575
equal_evaluations,F23,TSA,5,2439.3703451721144,60000,681,34.61002290000033
equal_evaluations,F23,TSA,6,2442.2304227251707,60000,681,34.32716000000073
equal_evaluations,F23,TSA,7,2426.0293740733578,60000,681,35.17928419999953
equal_evaluations,F23,TSA,8,2403.963821686208,60000,681,34.95280779998575
equal_evaluations,F23,TSA,9,2452.5863515795995,60000,681,33.85782190000464
equal_evaluations,F23,SOS,0,2402.5254880160464,59910,499,22.6915197000053
equal_evaluations,F23,SOS,1,2400.132370149483,59910,499,25.598062899996876
equal_evaluations,F23,SOS,2,2404.1061404912543,59910,499,23.98998370001209
equal_evaluations,F23,SOS,3,2400.248810438472,59910,499,23.04666899998847
equal_evaluations,F23,SOS,4,2400.244167601319,59910,499,24.412152099990635
equal_evaluations,F23,SOS,5,2400.0675011234302,59910,499,23.982962399997632
equal_evaluations,F23,SOS,6,2400.014153747476,59910,499,23.057752200009418
equal_evaluations,F23,SOS,7,2405.743097589929,59910,499,21.189108000005945
equal_evaluations,F23,SOS,8,2901.667434910467,59910,499,23.495200099991052
equal_evaluations,F23,SOS,9,2718.184286728436,59910,499,22.620535800000653
equal_evaluations,F23,ES,0,4057.885764563115,59880,285,21.022598600000492
equal_evaluations,F23,ES,1,2770.2260991534795,59880,285,20.5495121999993
equal_evaluations,F23,ES,2,2571.2921456719564,59880,285,20.01825269999972
equal_evaluations,F23,ES,3,4935.947396074278,59880,285,20.31262369999604
equal_evaluations,F23,ES,4,2855.306377181902,59880,285,18.82115009998961
equal_evaluations,F23,ES,5,4785.421736748498,59880,285,19.40219559999241
equal_evaluations,F23,ES,6,2793.1271597809987,59880,285,19.899802800006
equal_evaluations,F23,ES,7,3876.0345784473884,59880,285,20.684181099990383
equal_evaluations,F23,ES,8,3611.3640480209374,59880,285,20.33170500000415
equal_evaluations,F23,ES,9,4068.5362446413847,59880,285,19.44686399999773
equal_evaluations,F23,FA,0,116042.52322411413,59616,137,19.905391399996006
equal_evaluations,F23,FA,1,138278.99422849852,59625,137,20.44481979998818
equal_evaluations,F23,FA,2,112209.01401300957,59634,137,12.339199399997597
equal_evaluations,F23,FA,3,111931.47946994574,59633,137,10.732692100005806
equal_evaluations,F23,FA,4,116682.68989823405,59640,137,10.323754500001087
equal_evaluations,F23,FA,5,135534.9755590044,59618,137,9.705042100002174
equal_evaluations,F23,FA,6,139224.9531530611,59637,137,9.814291700007743
equal_evaluations,F23,FA,7,103532.84873815117,59630,137,9.484716900013154
equal_evaluations,F23,FA,8,148984.18894955848,59644,137,8.758880699999281
equal_evaluations,F23,FA,9,128598.323334112,59627,137,7.890275300000212
equal_evaluations,F24,HS,0,2732.665218670586,60000,59970,31.641760099999374
equal_evaluations,F24,HS,1,2768.9152300030587,60000,59970,31.164605499987374
equal_evaluations,F24,HS,2,2548.5810395075946,60000,59970,30.70745380000153
equal_evaluations,F24,HS,3,2641.456505439827,60000,59970,31.581419399997685
equal_evaluations,F24,HS,4,2709.8992190849513,60000,59970,30.580115600008867
equal_evaluations,F24,HS,5,2705.0208409929946,60000,59970,30.59533409999858
equal_evaluations,F24,HS,6,2664.4357123695468,60000,59970,29.59359960000438
equal_evaluations,F24,HS,7,2611.2969763895485,60000,59970,28.85552359999565
equal_evaluations,F24,HS,8,2578.021471922839,60000,59970,31.374808599997777
equal_evaluations,F24,HS,9,2565.6245951524897,60000,59970,31.507874999995693
equal_evaluations,F24,LSHADE,0,2500.000000000001,59552,3499,26.367789099997026
equal_evaluations,F24,LSHADE,1,2500.000000000018,59552,3499,26.282774899998913
equal_evaluations,F24,LSHADE,2,2500.0000000000014,59552,3499,26.859231599999475
equal_evaluations,F24,LSHADE,3,2500.0000000000055,59552,3499,28.316838600003393
equal_evaluations,F24,LSHADE,4,2500.000000000001,59552,3499,24.113550199996098
equal_evaluations,F24,LSHADE,5,2500.0000000000027,59552,3499,25.03532900000573
equal_evaluations,F24,LSHADE,6,2500.000000000006,59552,3499,26.132674499996938
equal_evaluations,F24,LSHADE,7,2500.0000000000027,59552,3499,27.63342179999745
equal_evaluations,F24,LSHADE,8,2500.000000000001,59552,3499,25.065257099995506
equal_evaluations,F24,LSHADE,9,2500.0000000000023,59552,3499,25.77796400000807
equal_evaluations,F24,PSO,0,16601.55866256571,60000,1999,11.767151600011857
equal_evaluations,F24,PSO,1,15601.155142685,60000,1999,10.154023100010818
equal_evaluations,F24,PSO,2,14981.397516579002,60000,1999,13.174293900010525
equal_evaluations,F24,PSO,3,16810.167148435547,60000,1999,11.426612300012494
equal_evaluations,F24,PSO,4,26512.1947027713,60000,1999,12.753721899993252
equal_evaluations,F24,PSO,5,16193.358043474913,60000,1999,12.768308899991098
equal_evaluations,F24,PSO,6,19171.762561235086,60000,1999,12.022487800000818
equal_evaluations,F24,PSO,7,17142.34407080691,60000,1999,13.504807999997865
equal_evaluations,F24,PSO,8,14869.332190452955,60000,1999,10.73886460000358
equal_evaluations,F24,PSO,9,13393.842911558013,60000,1999,11.845421399993938
equal_evaluations,F24,GWO,0,4408.1481032648735,60000,1999,18.036256300008972
equal_evaluations,F24,GWO,1,5167.334547557974,60000,1999,17.563944900000934
equal_evaluations,F24,GWO,2,6011.539305417226,60000,1999,18.86079529998824
equal_evaluations,F24,GWO,3,4842.529151790344,60000,1999,19.86364749999484
equal_evaluations,F24,GWO,4,7784.358072699154,60000,1999,18.616156399992178
equal_evaluations,F24,GWO,5,5764.224692303191,60000,1999,18.972070499992697
equal_evaluations,F24,GWO,6,6862.080802691022,60000,1999,17.911237399996025
equal_evaluations,F24,GWO,7,5742.829394969615,60000,1999,18.335428499995032
equal_evaluations,F24,GWO,8,8358.181845930107,60000,1999,18.294507999991765
equal_evaluations,F24,GWO,9,5779.44121959346,60000,1999,17.551881799998228
equal_evaluations,F24,HHO,0,3220.877162704821,58132,1040,15.197305100009544
equal_evaluations,F24,HHO,1,3199.770440359636,57404,1040,16.168771200012998
equal_evaluations,F24,HHO,2,3258.395819797499,57444,1040,12.677281299998867
equal_evaluations,F24,HHO,3,3102.555536484936,57428,1040,14.341934800002491
equal_evaluations,F24,HHO,4,3391.4565341284697,57428,1040,12.051430100007565
equal_evaluations,F24,HHO,5,3282.036253021268,57354,1040,11.839699700009078
equal_evaluations,F24,HHO,6,3165.2887971305627,57524,1040,10.848716499996954
equal_evaluations,F24,HHO,7,3351.8310003651272,57020,1040,8.545176599989645
equal_evaluations,F24,HHO,8,3346.3853854577255,57602,1040,11.017140999989351
equal_evaluations,F24,HHO,9,3072.7525974913033,56660,1040,9.562490099997376
equal_evaluations,F24,BFO,0,2744.2850802442576,39010,762,7.30371500000183
equal_evaluations,F24,BFO,1,2554.7692911253835,39450,762,8.50347189999593
equal_evaluations,F24,BFO,2,2571.480141703103,39658,762,6.323666399999638
equal_evaluations,F24,BFO,3,2561.157205421583,39676,762,7.914183700006106
equal_evaluations,F24,BFO,4,2573.3221446073403,39546,762,6.093197199996212
equal_evaluations,F24,BFO,5,2572.2107699696744,39892,762,6.526039300006232
equal_evaluations,F24,BFO,6,2557.3460248320316,39447,762,7.17341679999663
equal_evaluations,F24,BFO,7,2558.1605610364536,39102,762,7.323862700010068
equal_evaluations,F24,BFO,8,2568.4509783227977,39395,762,7.156990799994674
equal_evaluations,F24,BFO,9,2567.13796390876,39527,762,7.555910600000061
equal_evaluations,F24,TSA,0,2527.385795496401,60000,681,22.22349240000767
equal_evaluations,F24,TSA,1,2501.3135353683433,60000,681,19.013079199998174
equal_evaluations,F24,TSA,2,2502.3488159016174,60000,681,19.597382599997218
equal_evaluations,F24,TSA,3,2501.1802936994613,60000,681,21.813910099997884
equal_evaluations,F24,TSA,4,2509.3104219280485,60000,681,19.05830109999806
equal_evaluations,F24,TSA,5,2508.385690991815,60000,681,19.412977600004524
equal_evaluations,F24,TSA,6,2522.459335220751,60000,681,21.284963000012795
equal_evaluations,F24,TSA,7,2518.2435415386935,60000,681,21.057979899997008
equal_evaluations,F24,TSA,8,2501.673193446206,60000,681,19.792370299997856
equal_evaluations,F24,TSA,9,2501.894888560302,60000,681,20.955356900012703
equal_evaluations,F24,SOS,0,2500.493851450261,59910,499,13.130397900007665
equal_evaluations,F24,SOS,1,2500.41827799276,59910,499,12.016271900007268
equal_evaluations,F24,SOS,2,2500.446943245268,59910,499,12.547712100000354
equal_evaluations,F24,SOS,3,2500.028526803109,59910,499,13.76704819999577
equal_evaluations,F24,SOS,4,2500.51995408862,59910,499,13.914156099999673
equal_evaluations,F24,SOS,5,2500.017972499363,59910,499,13.384805099994992
equal_evaluations,F24,SOS,6,2508.236200558368,59910,499,10.878760500010685
equal_evaluations,F24,SOS,7,2500.6769738827406,59910,499,10.0331845000037
equal_evaluations,F24,SOS,8,2500.2316448146958,59910,499,11.315315199986799
equal_evaluations,F24,SOS,9,2502.0957809389906,59910,499,10.084859499998856
equal_evaluations,F24,ES,0,2740.816501188588,59880,285,12.627056299999822
equal_evaluations,F24,ES,1,2708.1222224573376,59880,285,13.293894100002944
equal_evaluations,F24,ES,2,3686.212897974101,59880,285,11.312464599992381
equal_evaluations,F24,ES,3,2932.787473316466,59880,285,9.831407999998191
equal_evaluations,F24,ES,4,3063.713106225719,59880,285,12.6438530000014
equal_evaluations,F24,ES,5,2817.9372363667726,59880,285,12.546740399993723
equal_evaluations,F24,ES,6,2880.3977058617947,59880,285,10.248446199999307
equal_evaluations,F24,ES,7,3367.3496456350786,59880,285,12.67187350000313
equal_evaluations,F24,ES,8,2739.2048938264757,59880,285,12.209469499997795
equal_evaluations,F24,ES,9,3157.0144370880384,59880,285,11.607671899997513
equal_evaluations,F24,FA,0,69613.91783843045,59633,137,10.069882799987681
equal_evaluations,F24,FA,1,65736.44367739372,59640,137,12.289420000000973
equal_evaluations,F24,FA,2,92072.78641057285,59638,137,9.228678200001013
equal_evaluations,F24,FA,3,81795.33325342367,59625,137,8.579487700000755
equal_evaluations,F24,FA,4,72576.47418594714,59632,137,8.81315220000397
equal_evaluations,F24,FA,5,68052.80260518841,59634,137,8.733714100002544
equal_evaluations,F24,FA,6,53193.41938200892,59613,137,8.2422527000017
equal_evaluations,F24,FA,7,65025.2544867759,59608,137,8.409606699991855
equal_evaluations,F24,FA,8,71268.52976605375,59644,137,8.035327899997355
equal_evaluations,F24,FA,9,73270.00788820726,59647,137,7.864918199993554
equal_evaluations,F25,HS,0,2823.601660634933,60000,59970,26.498099999997066
equal_evaluations,F25,HS,1,2858.281136609253,60000,59970,27.303749300001073
equal_evaluations,F25,HS,2,2876.8599345649463,60000,59970,26.581293199997162
equal_evaluations,F25,HS,3,2835.94558166724,60000,59970,25.622880299997632
equal_evaluations,F25,HS,4,2832.932463221011,60000,59970,24.42143629999191
equal_evaluations,F25,HS,5,2849.0837072036916,60000,59970,23.478833999994094
equal_evaluations,F25,HS,6,2829.999599462327,60000,59970,23.60696689999895
equal_evaluations,F25,HS,7,2838.6311666675524,60000,59970,28.45669249999628
equal_evaluations,F25,HS,8,2825.6082969408535,60000,59970,23.040131100002327
equal_evaluations,F25,HS,9,2832.2339030379485,60000,59970,25.84194749999733
equal_evaluations,F25,LSHADE,0,2821.690589609211,59552,3499,22.718750499989255
equal_evaluations,F25,LSHADE,1,2822.7672523760516,59552,3499,21.84491379999963
equal_evaluations,F25,LSHADE,2,2822.4452048204344,59552,3499,21.256428499997128
equal_evaluations,F25,LSHADE,3,2855.6019882211112,59552,3499,21.016363600007026
equal_evaluations,F25,LSHADE,4,2822.351708989962,59552,3499,21.35648260000744
equal_evaluations,F25,LSHADE,5,2821.9399851985404,59552,3499,20.62294820000534
equal_evaluations,F25,LSHADE,6,2823.4769637784966,59552,3499,22.18692049999663
equal_evaluations,F25,LSHADE,7,2825.686788873756,59552,3499,20.54461060000176
equal_evaluations,F25,LSHADE,8,2822.027506578144,59552,3499,21.25987009999517
equal_evaluations,F25,LSHADE,9,2823.4359029781954,59552,3499,21.855808599997545
equal_evaluations,F25,PSO,0,4809.068995733258,60000,1999,12.038529900004505
equal_evaluations,F25,PSO,1,6957.953686485003,60000,1999,10.348087599995779
equal_evaluations,F25,PSO,2,3073.3408673463928,60000,1999,10.212525000009919
equal_evaluations,F25,PSO,3,2959.1766011336554,60000,1999,11.122381600012886
equal_evaluations,F25,PSO,4,3893.183163616558,60000,1999,10.635850300008315
equal_evaluations,F25,PSO,5,3404.4969219000086,60000,1999,12.74517310000374
equal_evaluations,F25,PSO,6,4171.101143895219,60000,1999,10.143773500007228
equal_evaluations,F25,PSO,7,4418.423744299558,60000,1999,12.321179899998242
equal_evaluations,F25,PSO,8,3892.0332646712645,60000,1999,13.32300689999829
equal_evaluations,F25,PSO,9,3840.556171235492,60000,1999,12.364260799993644
equal_evaluations,F25,GWO,0,2967.6285027618874,60000,1999,14.999658100001398
equal_evaluations,F25,GWO,1,2913.7695727378236,60000,1999,14.253626900012023
equal_evaluations,F25,GWO,2,2878.6364507413386,60000,1999,12.935043200006476
equal_evaluations,F25,GWO,3,3007.741020374012,60000,1999,14.798434099997394
equal_evaluations,F25,GWO,4,2941.510507213915,60000,1999,14.653461800000514
equal_evaluations,F25,GWO,5,3019.6953180055198,60000,1999,16.431876600006944
equal_evaluations,F25,GWO,6,2961.696911710703,60000,1999,15.38488719999441
equal_evaluations,F25,GWO,7,3043.0462630652964,60000,1999,17.812730900011957
equal_evaluations,F25,GWO,8,2898.468648096068,60000,1999,16.604870099996333
equal_evaluations,F25,GWO,9,3040.870135378849,60000,1999,16.811925300004077
equal_evaluations,F25,HHO,0,2851.703920300451,57718,1040,13.94771990001027
equal_evaluations,F25,HHO,1,2852.9664419153546,57518,1040,12.235530999998446
equal_evaluations,F25,HHO,2,2836.058774421946,57568,1040,13.596805900000618
equal_evaluations,F25,HHO,3,2910.7090070948234,57764,1040,13.705375500008813
equal_evaluations,F25,HHO,4,2849.7601842965923,58040,1040,14.758427000007941
equal_evaluations,F25,HHO,5,2844.530240244758,58022,1040,14.141747600006056
equal_evaluations,F25,HHO,6,2831.7591567666045,57612,1040,13.874881299998378
equal_evaluations,F25,HHO,7,2858.9809026082976,58056,1040,14.994834799988894
equal_evaluations,F25,HHO,8,2840.3068318440023,57522,1040,12.855498600009014
equal_evaluations,F25,HHO,9,2836.7978857478665,57798,1040,13.278246799993212
equal_evaluations,F25,BFO,0,2856.0347961128255,40067,762,11.501872699998785
equal_evaluations,F25,BFO,1,2822.546848500591,40245,762,11.500187199999345
equal_evaluations,F25,BFO,2,2829.980617276329,39918,762,10.059549099998549
equal_evaluations,F25,BFO,3,2821.8282704875924,39940,762,8.86561839999922
equal_evaluations,F25,BFO,4,2822.264438528255,39973,762,8.902514899993548
equal_evaluations,F25,BFO,5,2821.681421688899,40128,762,8.87946440000087
equal_evaluations,F25,BFO,6,2822.8722469837653,39818,762,11.558480199993937
equal_evaluations,F25,BFO,7,2828.663409588645,40309,762,10.916151199999149
equal_evaluations,F25,BFO,8,2822.0597842195243,40175,762,9.87459380000655
equal_evaluations,F25,BFO,9,2860.5981941267883,39889,762,10.396136900002602
equal_evaluations,F25,TSA,0,2822.1706545603715,60000,681,23.960977900002035
equal_evaluations,F25,TSA,1,2822.2648266623487,60000,681,26.12062020000303
equal_evaluations,F25,TSA,2,2822.7249796495944,60000,681,22.53501160000451
equal_evaluations,F25,TSA,3,2822.0882481042336,60000,681,25.838411400007317
equal_evaluations,F25,TSA,4,2822.342174719384,60000,681,24.355629199999385
equal_evaluations,F25,TSA,5,2822.396759500815,60000,681,25.141526699997485
equal_evaluations,F25,TSA,6,2822.212244276571,60000,681,24.49558600000455
equal_evaluations,F25,TSA,7,2822.467960097842,60000,681,25.005188999988604
equal_evaluations,F25,TSA,8,2822.332527357663,60000,681,24.048787400010042
equal_evaluations,F25,TSA,9,2822.2384053183214,60000,681,24.03731909999624
equal_evaluations,F25,SOS,0,2854.8643978613027,59910,499,14.475974499990116
equal_evaluations,F25,SOS,1,2858.6868470159493,59910,499,16.037268400003086
equal_evaluations,F25,SOS,2,2845.5105790262455,59910,499,13.158176099997945
equal_evaluations,F25,SOS,3,2849.126198349488,59910,499,14.479692200009595
equal_evaluations,F25,SOS,4,2862.5088998435394,59910,499,14.274527400004445
equal_evaluations,F25,SOS,5,2870.6539440010665,59910,499,15.480778700002702
equal_evaluations,F25,SOS,6,2852.4100368622844,59910,499,11.799744300005841
equal_evaluations,F25,SOS,7,2832.9548107105497,59910,499,11.806127800009563
equal_evaluations,F25,SOS,8,2851.539613572012,59910,499,11.721859299999778
equal_evaluations,F25,SOS,9,2874.606608187943,59910,499,15.299636900002952
equal_evaluations,F25,ES,0,2830.6193210164242,59880,285,14.6008523000055
equal_evaluations,F25,ES,1,2838.602493921264,59880,285,13.990909400003147
equal_evaluations,F25,ES,2,2872.0444999506435,59880,285,11.54820550000295
equal_evaluations,F25,ES,3,2841.2482534746778,59880,285,14.763440000009723
equal_evaluations,F25,ES,4,2845.064006275645,59880,285,14.367271499999333
equal_evaluations,F25,ES,5,2888.0466124489963,59880,285,14.625486399992951
equal_evaluations,F25,ES,6,2864.053219888368,59880,285,14.58329879998928
equal_evaluations,F25,ES,7,2833.3649512521333,59880,285,11.603810700005852
equal_evaluations,F25,ES,8,2849.37336123563,59880,285,14.267034300006344
equal_evaluations,F25,ES,9,2999.1594692734684,59880,285,11.635865100004594
equal_evaluations,F25,FA,0,24281.8859463346,59614,137,14.882962500007125
equal_evaluations,F25,FA,1,22195.956858715508,59633,137,13.671399900005781
equal_evaluations,F25,FA,2,18811.029842289936,59636,137,10.619343400001526
equal_evaluations,F25,FA,3,19295.522608835912,59628,137,10.568675099988468
equal_evaluations,F25,FA,4,13558.04542769632,59608,137,9.460043400002178
equal_evaluations,F25,FA,5,29381.70223053568,59616,137,9.425777600001311
equal_evaluations,F25,FA,6,19033.70713774219,59620,137,9.532118899995112
equal_evaluations,F25,FA,7,36072.4231212711,59616,137,9.160645099997055
equal_evaluations,F25,FA,8,21735.487429658682,59615,137,9.049147300000186
equal_evaluations,F25,FA,9,21471.044672289074,59626,137,8.669796300004236
equal_evaluations,F26,HS,0,3328.6538011622815,60000,59970,87.79560850000416
equal_evaluations,F26,HS,1,3353.2746458881056,60000,59970,91.69763940000848
equal_evaluations,F26,HS,2,3355.3469330175867,60000,59970,89.59436740000092
equal_evaluations,F26,HS,3,3343.3336853879596,60000,59970,88.84024150000187
equal_evaluations,F26,HS,4,3361.212666940652,60000,59970,75.15768940000271
equal_evaluations,F26,HS,5,3346.407481939852,60000,59970,81.73429969999415
equal_evaluations,F26,HS,6,3348.5290253187886,60000,59970,86.41729040000064
equal_evaluations,F26,HS,7,3330.7781512224196,60000,59970,88.98658189999696
equal_evaluations,F26,HS,8,3345.533810863137,60000,59970,74.96642070000235
equal_evaluations,F26,HS,9,3329.148948200167,60000,59970,90.5984388999932
equal_evaluations,F26,LSHADE,0,3326.6885131842328,59552,3499,78.6934212000051
equal_evaluations,F26,LSHADE,1,3335.7901217296776,59552,3499,77.43387540000549
equal_evaluations,F26,LSHADE,2,3371.608954575366,59552,3499,81.19913780000934
equal_evaluations,F26,LSHADE,3,3325.825365708017,59552,3499,82.51884390000487
equal_evaluations,F26,LSHADE,4,3336.990238781442,59552,3499,83.30836860000272
equal_evaluations,F26,LSHADE,5,3327.277697533982,59552,3499,81.06854989999556
equal_evaluations,F26,LSHADE,6,3333.678900613644,59552,3499,81.62232799999765
equal_evaluations,F26,LSHADE,7,3338.008971736897,59552,3499,70.0916023000027
equal_evaluations,F26,LSHADE,8,3342.4038126528617,59552,3499,69.82141970000521
equal_evaluations,F26,LSHADE,9,3326.1928706294107,59552,3499,80.74077480001142
equal_evaluations,F26,PSO,0,3741.8133926323653,60000,1999,53.50127930000599
equal_evaluations,F26,PSO,1,4355.622433271426,60000,1999,61.86439250000694
equal_evaluations,F26,PSO,2,4772.023488261233,60000,1999,65.29404900000372
equal_evaluations,F26,PSO,3,4147.718792238997,60000,1999,54.96376240000245
equal_evaluations,F26,PSO,4,3604.793350591271,60000,1999,68.99257610000495
equal_evaluations,F26,PSO,5,4083.5463359644837,60000,1999,63.87126849999186
equal_evaluations,F26,PSO,6,3909.484068582345,60000,1999,66.99949890001153
equal_evaluations,F26,PSO,7,3985.48992361107,60000,1999,66.99936640000669
equal_evaluations,F26,PSO,8,4389.25275348789,60000,1999,65.80608690000372
equal_evaluations,F26,PSO,9,3798.5330761801874,60000,1999,69.40996969999105
equal_evaluations,F26,GWO,0,3411.409544790432,60000,1999,72.53465979998873
equal_evaluations,F26,GWO,1,3400.476602088741,60000,1999,66.51932160000433
equal_evaluations,F26,GWO,2,3497.6061622931097,60000,1999,89.18469949999417
equal_evaluations,F26,GWO,3,3443.2965514921193,60000,1999,91.80766009999206
equal_evaluations,F26,GWO,4,3516.5476302883562,60000,1999,92.41080440000223
equal_evaluations,F26,GWO,5,3388.035393624549,60000,1999,92.2496131999942
equal_evaluations,F26,GWO,6,3457.1139451777,60000,1999,91.95931900000141
equal_evaluations,F26,GWO,7,3438.2401866873397,60000,1999,90.36490420000337
equal_evaluations,F26,GWO,8,3553.6189429529986,60000,1999,88.56054059999587
equal_evaluations,F26,GWO,9,3500.42745614262,60000,1999,94.85715379999601
equal_evaluations,F26,HHO,0,3477.527456904834,58298,1040,87.82012119999854
equal_evaluations,F26,HHO,1,3541.5642383475906,57280,1040,84.03239829999802
equal_evaluations,F26,HHO,2,3363.3264374934843,58010,1040,88.92473100000643
equal_evaluations,F26,HHO,3,3422.5882034473034,57812,1040,83.92234279999684
equal_evaluations,F26,HHO,4,3439.0488023985126,57262,1040,86.24445870000636
equal_evaluations,F26,HHO,5,3487.6233333518303,57536,1040,86.55590329998813
equal_evaluations,F26,HHO,6,3669.548247028669,57894,1040,86.1195308999886
equal_evaluations,F26,HHO,7,3680.942165914675,58126,1040,86.20734660000016
equal_evaluations,F26,HHO,8,3410.1428987771965,57824,1040,88.35899449999852
equal_evaluations,F26,HHO,9,3365.681325545618,57344,1040,90.04920209999545
equal_evaluations,F26,BFO,0,3334.3073150322643,40851,762,58.99797219999891
equal_evaluations,F26,BFO,1,3341.5309379326736,40567,762,63.505472199991345
equal_evaluations,F26,BFO,2,3360.5945476131265,40349,762,63.5109708999953
equal_evaluations,F26,BFO,3,3338.32075147602,41060,762,61.16244440000446
equal_evaluations,F26,BFO,4,3362.907775670778,40634,762,62.73514780000551
equal_evaluations,F26,BFO,5,3385.9183625703236,40346,762,59.196512299997266
equal_evaluations,F26,BFO,6,3281.392732718551,41096,762,62.38720409999951
equal_evaluations,F26,BFO,7,3361.4737524928296,40880,762,60.673995999997715
equal_evaluations,F26,BFO,8,3336.7133999323078,40564,762,60.67148590000579
equal_evaluations,F26,BFO,9,3301.2521496448335,40991,762,58.37066210000194
equal_evaluations,F26,TSA,0,3326.9118568819194,60000,681,110.34629790000326
equal_evaluations,F26,TSA,1,3327.28957544802,60000,681,109.34743499998876
equal_evaluations,F26,TSA,2,3327.451940866691,60000,681,110.06973020000441
equal_evaluations,F26,TSA,3,3326.9306337753537,60000,681,111.47503990000405
equal_evaluations,F26,TSA,4,3333.754157280327,60000,681,91.02518820000114
equal_evaluations,F26,TSA,5,3327.00606063532,60000,681,90.25115959999675
equal_evaluations,F26,TSA,6,3326.2075240829136,60000,681,88.86889789999987
equal_evaluations,F26,TSA,7,3327.1674745713717,60000,681,90.59847530000843
equal_evaluations,F26,TSA,8,3326.1096453181813,60000,681,87.01189229999727
equal_evaluations,F26,TSA,9,3326.0214255689584,60000,681,89.22996490000514
equal_evaluations,F26,SOS,0,3351.237542181551,59910,499,75.1745770000125
equal_evaluations,F26,SOS,1,3364.5882548105965,59910,499,79.41915800000424
equal_evaluations,F26,SOS,2,3339.7316942482757,59910,499,74.89370930001314
equal_evaluations,F26,SOS,3,3329.6903545528153,59910,499,77.3530163000105
equal_evaluations,F26,SOS,4,3350.684155330194,59910,499,76.44082920000073
equal_evaluations,F26,SOS,5,3366.3549490780783,59910,499,73.98635859999922
equal_evaluations,F26,SOS,6,3330.175780585152,59910,499,73.79433140000037
equal_evaluations,F26,SOS,7,3336.8727093533817,59910,499,73.19082810000691
equal_evaluations,F26,SOS,8,3353.53162191507,59910,499,71.84009149999474
equal_evaluations,F26,SOS,9,3339.3649731733094,59910,499,76.20997440000065
equal_evaluations,F26,ES,0,3368.521499494118,59880,285,69.1803016000049
equal_evaluations,F26,ES,1,3398.9553090513414,59880,285,69.67835450000712
equal_evaluations,F26,ES,2,3373.549791795973,59880,285,73.75799560001178
equal_evaluations,F26,ES,3,3369.7733175708927,59880,285,72.53024710000318
equal_evaluations,F26,ES,4,3366.3137750666274,59880,285,72.9471893000009
equal_evaluations,F26,ES,5,3349.174659339851,59880,285,74.11368760000914
equal_evaluations,F26,ES,6,3350.0048204801997,59880,285,70.67670029999863
equal_evaluations,F26,ES,7,3370.5331974580595,59880,285,70.1798945999908
equal_evaluations,F26,ES,8,3422.2047350428265,59880,285,68.66084179999598
equal_evaluations,F26,ES,9,3341.701980704223,59880,285,66.41884280000522
equal_evaluations,F26,FA,0,21705.83135646416,59613,137,64.91520820000733
equal_evaluations,F26,FA,1,40888.70650126396,59631,137,65.88116369998897
equal_evaluations,F26,FA,2,36522.80790314922,59626,137,41.08757920000062
equal_evaluations,F26,FA,3,70346.55212273731,59635,137,40.89449289999902
equal_evaluations,F26,FA,4,32678.125182021933,59626,137,41.55825719999848
equal_evaluations,F26,FA,5,38521.92068470128,59633,137,39.35580679999839
equal_evaluations,F26,FA,6,23587.68674772857,59627,137,26.90214819999528
equal_evaluations,F26,FA,7,39429.03829266603,59629,137,25.735134299990023
equal_evaluations,F26,FA,8,29172.78096362428,59630,137,25.368761500008986
equal_evaluations,F26,FA,9,53333.51412550588,59620,137,24.894161000003805
equal_evaluations,F27,HS,0,3128.898656962592,60000,59970,56.362223200005246
equal_evaluations,F27,HS,1,3095.80032444919,60000,59970,56.07562980000512
equal_evaluations,F27,HS,2,3117.025337205411,60000,59970,55.919346299997414
equal_evaluations,F27,HS,3,3110.231462766445,60000,59970,75.01171140000224
equal_evaluations,F27,HS,4,3116.194387849021,60000,59970,64.48773600001005
equal_evaluations,F27,HS,5,3112.373021231424,60000,59970,60.53302130001248
equal_evaluations,F27,HS,6,3098.4043570964213,60000,59970,58.885169999994105
equal_evaluations,F27,HS,7,3107.152978395703,60000,59970,74.71531290000712
equal_evaluations,F27,HS,8,3098.8071911188463,60000,59970,56.01245100000233
equal_evaluations,F27,HS,9,3126.9697381831847,60000,59970,72.43791480000073
equal_evaluations,F27,LSHADE,0,3101.6755194868483,59552,3499,63.5855748999893
equal_evaluations,F27,LSHADE,1,3096.270878775025,59552,3499,62.90286539999943
equal_evaluations,F27,LSHADE,2,3100.716105986608,59552,3499,71.77285570000822
equal_evaluations,F27,LSHADE,3,3115.400766949679,59552,3499,66.05439400000614
equal_evaluations,F27,LSHADE,4,3109.6114425193377,59552,3499,66.01112690000446
equal_evaluations,F27,LSHADE,5,3088.15657884451,59552,3499,67.32947969999805
equal_evaluations,F27,LSHADE,6,3118.8293902318565,59552,3499,64.00224820000585
equal_evaluations,F27,LSHADE,7,3083.895859438998,59552,3499,71.07474670000374
equal_evaluations,F27,LSHADE,8,3091.2513522088775,59552,3499,71.51301629999944
equal_evaluations,F27,LSHADE,9,3105.5120177118456,59552,3499,51.740142099995865
equal_evaluations,F27,PSO,0,3135.8554169071467,60000,1999,54.50207769998815
equal_evaluations,F27,PSO,1,3315.108360852758,60000,1999,60.871566299989354
equal_evaluations,F27,PSO,2,3215.001379365206,60000,1999,56.11195239999506
equal_evaluations,F27,PSO,3,3357.0242841482777,60000,1999,44.16921979999461
equal_evaluations,F27,PSO,4,3477.973574551992,60000,1999,57.48225040000398
equal_evaluations,F27,PSO,5,3221.2758732265584,60000,1999,55.38409239999601
equal_evaluations,F27,PSO,6,3322.4079738325863,60000,1999,52.64389449999726
equal_evaluations,F27,PSO,7,3227.8385507945736,60000,1999,55.44692220000434
equal_evaluations,F27,PSO,8,3206.463928714155,60000,1999,60.46451470001193
equal_evaluations,F27,PSO,9,3300.916384930112,60000,1999,46.042051299999
equal_evaluations,F27,GWO,0,3176.1106949487494,60000,1999,60.469377500005066
equal_evaluations,F27,GWO,1,3125.449675029089,60000,1999,54.74931069999002
equal_evaluations,F27,GWO,2,3129.0162602228743,60000,1999,48.73364700000093
equal_evaluations,F27,GWO,3,3114.256829457804,60000,1999,57.613031000000774
equal_evaluations,F27,GWO,4,3130.4507783895683,60000,1999,59.31058980000671
equal_evaluations,F27,GWO,5,3100.8783971766966,60000,1999,61.281307400000514
equal_evaluations,F27,GWO,6,3124.108006658633,60000,1999,56.35722379999061
equal_evaluations,F27,GWO,7,3156.535549781856,60000,1999,62.97418469999684
equal_evaluations,F27,GWO,8,3080.735858991034,60000,1999,50.19092989999626
equal_evaluations,F27,GWO,9,3135.919265861636,60000,1999,56.18308050000633
equal_evaluations,F27,HHO,0,3443.2246884590904,57636,1040,52.458259100007126
equal_evaluations,F27,HHO,1,3250.60988032284,57778,1040,49.659287800008315
equal_evaluations,F27,HHO,2,3464.679677573301,57558,1040,57.170772400000715
equal_evaluations,F27,HHO,3,3662.9231981716775,57328,1040,57.905057800002396
equal_evaluations,F27,HHO,4,3427.0463941847365,57452,1040,45.72372359999281
equal_evaluations,F27,HHO,5,3466.6394097105594,57852,1040,54.89668530000199
equal_evaluations,F27,HHO,6,3395.1370084014966,57494,1040,46.5678603000124
equal_evaluations,F27,HHO,7,3555.9378678922526,57288,1040,52.24201189998712
equal_evaluations,F27,HHO,8,3419.971353531455,57544,1040,45.350929799998994
equal_evaluations,F27,HHO,9,3653.444357922285,57992,1040,59.4597603000002
equal_evaluations,F27,BFO,0,3216.8072539661043,35744,762,28.971474299993133
equal_evaluations,F27,BFO,1,3489.0964604134156,35856,762,36.67845120000129
equal_evaluations,F27,BFO,2,3248.0394030343764,35776,762,28.415710000001127
equal_evaluations,F27,BFO,3,3217.6770411314737,35807,762,37.45166050000989
equal_evaluations,F27,BFO,4,3255.473416528668,36000,762,32.380139300003066
equal_evaluations,F27,BFO,5,3118.3631409012323,35162,762,33.08524909999687
equal_evaluations,F27,BFO,6,3215.67736576764,35603,762,28.47573310000007
equal_evaluations,F27,BFO,7,3201.1067554198357,35646,762,27.602092699991772
equal_evaluations,F27,BFO,8,3151.0803586968827,35674,762,31.231689799999003
equal_evaluations,F27,BFO,9,3457.667642225508,35797,762,32.875996699993266
equal_evaluations,F27,TSA,0,3108.1987224927507,60000,681,78.16688929998782
equal_evaluations,F27,TSA,1,3119.123219128457,60000,681,74.96313809999265
equal_evaluations,F27,TSA,2,3123.9893045520685,60000,681,66.28804110000783
equal_evaluations,F27,TSA,3,3133.043725806727,60000,681,70.5840135000035
equal_evaluations,F27,TSA,4,3134.120911101822,60000,681,59.836535800001
equal_evaluations,F27,TSA,5,3123.7924085708946,60000,681,58.2712254000071
equal_evaluations,F27,TSA,6,3113.567331127172,60000,681,65.41702600001008
equal_evaluations,F27,TSA,7,3122.0669003017106,60000,681,58.55937649999396
equal_evaluations,F27,TSA,8,3113.997335010138,60000,681,59.77899669999897
equal_evaluations,F27,TSA,9,3127.856259826942,60000,681,72.75822340000013
equal_evaluations,F27,SOS,0,3054.079468799658,59910,499,64.00526119999995
equal_evaluations,F27,SOS,1,3127.1455985193797,59910,499,64.14710489999561
equal_evaluations,F27,SOS,2,3113.452963452352,59910,499,62.70940459999838
equal_evaluations,F27,SOS,3,3151.923877914117,59910,499,49.62091300000611
equal_evaluations,F27,SOS,4,3148.3183870899447,59910,499,50.65786209999351
equal_evaluations,F27,SOS,5,3107.9100398701207,59910,499,62.71606520000205
equal_evaluations,F27,SOS,6,3081.1524318964143,59910,499,60.93491959999665
equal_evaluations,F27,SOS,7,3130.99139642292,59910,499,55.17000929999631
equal_evaluations,F27,SOS,8,3118.8841008305744,59910,499,56.26508810000087
equal_evaluations,F27,SOS,9,3078.425903878026,59910,499,54.607774499992956
equal_evaluations,F27,ES,0,3186.527785225793,59880,285,54.88921290000144
equal_evaluations,F27,ES,1,3121.0096541542257,59880,285,56.44370780000463
equal_evaluations,F27,ES,2,3100.632330201386,59880,285,56.84535639999376
equal_evaluations,F27,ES,3,3141.4087942919437,59880,285,57.25746540000546
equal_evaluations,F27,ES,4,3147.078914491857,59880,285,53.670412200008286
equal_evaluations,F27,ES,5,3110.797843974886,59880,285,56.346486100010225
equal_evaluations,F27,ES,6,3183.2670247921606,59880,285,56.37589779999689
equal_evaluations,F27,ES,7,3169.0161404990754,59880,285,56.177521200006595
equal_evaluations,F27,ES,8,3120.1503239992417,59880,285,56.94791170000099
equal_evaluations,F27,ES,9,3147.3319755773646,59880,285,52.2275379000057
equal_evaluations,F27,FA,0,5690.389478739897,59647,137,53.32193710000138
equal_evaluations,F27,FA,1,6793.161415991973,59618,137,53.46495690000302
equal_evaluations,F27,FA,2,6815.4932270507325,59622,137,37.530560900006094
equal_evaluations,F27,FA,3,5571.325092014382,59626,137,34.715617900001234
equal_evaluations,F27,FA,4,6521.423529502632,59664,137,35.21402410000155
equal_evaluations,F27,FA,5,4739.09151548892,59644,137,32.62503049999941
equal_evaluations,F27,FA,6,5452.288563101979,59631,137,32.39558940001007
equal_evaluations,F27,FA,7,5001.8548271921845,59609,137,31.44540300000517
equal_evaluations,F27,FA,8,6140.303163706356,59632,137,31.16776879999088
equal_evaluations,F27,FA,9,8180.898154423395,59659,137,30.58718190000218
equal_evaluations,F28,HS,0,2837.3653856264673,60000,59970,69.87741860000824
equal_evaluations,F28,HS,1,2769.106455106319,60000,59970,63.2588029000035
equal_evaluations,F28,HS,2,2865.254432583981,60000,59970,73.22202449999168
equal_evaluations,F28,HS,3,2809.8247354435193,60000,59970,70.38457170000765
equal_evaluations,F28,HS,4,3169.525316745355,60000,59970,74.44579630000226
equal_evaluations,F28,HS,5,3161.6118484897315,60000,59970,52.797640200005844
equal_evaluations,F28,HS,6,2774.6796194904114,60000,59970,52.71340229999623
equal_evaluations,F28,HS,7,2773.225197981797,60000,59970,52.76570879999781
equal_evaluations,F28,HS,8,2814.666972063526,60000,59970,58.2724761999998
equal_evaluations,F28,HS,9,2816.046099620139,60000,59970,53.13224039999477
equal_evaluations,F28,LSHADE,0,2735.3947686258007,59552,3499,67.77505189999647
equal_evaluations,F28,LSHADE,1,2718.9076998104806,59552,3499,48.29892210000253
equal_evaluations,F28,LSHADE,2,2723.3510431547206,59552,3499,48.51554749999195
equal_evaluations,F28,LSHADE,3,2734.5352202935173,59552,3499,67.76853010000195
equal_evaluations,F28,LSHADE,4,2742.19429430967,59552,3499,67.67202189999807
equal_evaluations,F28,LSHADE,5,2924.8867372204213,59552,3499,50.76217780000297
equal_evaluations,F28,LSHADE,6,2867.2286514443545,59552,3499,48.459966900001746
equal_evaluations,F28,LSHADE,7,2869.311813626292,59552,3499,57.29023589999997
equal_evaluations,F28,LSHADE,8,2726.0094273493323,59552,3499,53.2910480999999
equal_evaluations,F28,LSHADE,9,2736.917109899759,59552,3499,58.098155400002724
equal_evaluations,F28,PSO,0,4116.270043496339,60000,1999,58.91294310000376
equal_evaluations,F28,PSO,1,4447.743164399857,60000,1999,41.60934530000668
equal_evaluations,F28,PSO,2,3901.8784358484736,60000,1999,41.568133699998725
equal_evaluations,F28,PSO,3,3936.145561211133,60000,1999,55.76870059999055
equal_evaluations,F28,PSO,4,4285.13263999272,60000,1999,58.16508070001146
equal_evaluations,F28,PSO,5,4219.841436259918,60000,1999,59.06273799999326
equal_evaluations,F28,PSO,6,4866.841811692891,60000,1999,41.447322299994994
equal_evaluations,F28,PSO,7,4935.682120822417,60000,1999,57.50599940000393
equal_evaluations,F28,PSO,8,4006.3513237273364,60000,1999,59.26548419999017
equal_evaluations,F28,PSO,9,4762.3176429857995,60000,1999,41.17906439999933
equal_evaluations,F28,GWO,0,3172.1024693982677,60000,1999,62.4256039000029
equal_evaluations,F28,GWO,1,3195.4031513873547,60000,1999,44.20314890000736
equal_evaluations,F28,GWO,2,3266.7393309637137,60000,1999,43.87511770000856
equal_evaluations,F28,GWO,3,3284.8171386304634,60000,1999,44.73852369999804
equal_evaluations,F28,GWO,4,3174.8650243703933,60000,1999,48.11762649999582
equal_evaluations,F28,GWO,5,3154.0027262630265,60000,1999,44.74983160001284
equal_evaluations,F28,GWO,6,3166.339781416683,60000,1999,44.83957310000551
equal_evaluations,F28,GWO,7,3221.7249173526434,60000,1999,57.59354230000463
equal_evaluations,F28,GWO,8,3203.734235940892,60000,1999,43.90355489999638
equal_evaluations,F28,GWO,9,3206.5970504090424,60000,1999,44.05954909999855
equal_evaluations,F28,HHO,0,2829.826043427585,57852,1040,42.71976449999784
equal_evaluations,F28,HHO,1,2831.4230608058547,57856,1040,40.59592349999002
equal_evaluations,F28,HHO,2,3172.0516091226445,57656,1040,40.34554899999057
equal_evaluations,F28,HHO,3,3149.0200721067813,56962,1040,39.97686729999259
equal_evaluations,F28,HHO,4,2810.5324818966324,57526,1040,53.120905000003404
equal_evaluations,F28,HHO,5,2801.671646623183,57682,1040,56.135294499996235
equal_evaluations,F28,HHO,6,2817.358869413953,57772,1040,58.05879140000616
equal_evaluations,F28,HHO,7,3254.125612085176,57642,1040,41.237362400002894
equal_evaluations,F28,HHO,8,2797.570654855347,57930,1040,56.373669799999334
equal_evaluations,F28,HHO,9,3162.5992821918717,57728,1040,57.874677200001315
equal_evaluations,F28,BFO,0,2725.31101968865,41256,762,30.08495750000293
equal_evaluations,F28,BFO,1,2724.985531944384,41627,762,35.1489675000048
equal_evaluations,F28,BFO,2,2720.2192014034777,41571,762,40.76027470000554
equal_evaluations,F28,BFO,3,2884.9302772629635,42598,762,43.01580829999875
equal_evaluations,F28,BFO,4,3098.146136165981,42123,762,42.547922700003255
equal_evaluations,F28,BFO,5,3137.5346974538816,41532,762,34.01416039999458
equal_evaluations,F28,BFO,6,2720.2647610488066,41533,762,29.501733900004183
equal_evaluations,F28,BFO,7,2725.5132833869548,40411,762,40.64178729998821
equal_evaluations,F28,BFO,8,3022.966713992504,41496,762,40.50288549999823
equal_evaluations,F28,BFO,9,3154.9647503299466,40563,762,39.728025300006266
equal_evaluations,F28,TSA,0,3137.1125821348364,60000,681,54.81754679999722
equal_evaluations,F28,TSA,1,2913.767822007953,60000,681,53.21282899999642
equal_evaluations,F28,TSA,2,3000.2355051311392,60000,681,70.63435640001262
equal_evaluations,F28,TSA,3,2821.4411101316614,60000,681,70.87475970000378
equal_evaluations,F28,TSA,4,2862.8557562810347,60000,681,52.53195099999721
equal_evaluations,F28,TSA,5,2880.053989583254,60000,681,55.225440700000036
equal_evaluations,F28,TSA,6,3129.8979132435225,60000,681,55.777884300012374
equal_evaluations,F28,TSA,7,2980.2002107292005,60000,681,57.3731231999991
equal_evaluations,F28,TSA,8,2993.541044217244,60000,681,60.16886099999829
equal_evaluations,F28,TSA,9,2732.8378444023756,60000,681,60.678215899999486
equal_evaluations,F28,SOS,0,2964.411692980033,59910,499,42.9916041999968
equal_evaluations,F28,SOS,1,2800.200337086128,59910,499,43.11488009999448
equal_evaluations,F28,SOS,2,2806.142453902998,59910,499,43.1842861000041
equal_evaluations,F28,SOS,3,2863.0875400997184,59910,499,42.88322340000013
equal_evaluations,F28,SOS,4,3153.292853007239,59910,499,43.06430559999717
equal_evaluations,F28,SOS,5,3144.711755428713,59910,499,43.021016200000304
equal_evaluations,F28,SOS,6,3156.3793694948613,59910,499,56.7360597000079
equal_evaluations,F28,SOS,7,2840.6510124379083,59910,499,45.21094580000499
equal_evaluations,F28,SOS,8,2860.028353175117,59910,499,48.45049580000341
equal_evaluations,F28,SOS,9,2818.2469726970694,59910,499,48.3724671999953
equal_evaluations,F28,ES,0,2869.025063941775,59880,285,54.06227189999481
equal_evaluations,F28,ES,1,3106.8928611662377,59880,285,48.50737960000697
equal_evaluations,F28,ES,2,3156.001068213118,59880,285,48.26341300000786
equal_evaluations,F28,ES,3,3201.6443641436126,59880,285,52.12249900000461
equal_evaluations,F28,ES,4,2957.325732829104,59880,285,51.49452839999867
equal_evaluations,F28,ES,5,3186.1117020562865,59880,285,50.737082299994654
equal_evaluations,F28,ES,6,3137.9935585801204,59880,285,50.14321569999447
equal_evaluations,F28,ES,7,3170.2162847696177,59880,285,49.90956120000919
equal_evaluations,F28,ES,8,3141.082527224152,59880,285,49.873915200005285
equal_evaluations,F28,ES,9,3183.126995598576,59880,285,48.200715799990576
equal_evaluations,F28,FA,0,11588.72939104935,59627,137,43.373188700003084
equal_evaluations,F28,FA,1,10561.608796775388,59619,137,44.393195800003014
equal_evaluations,F28,FA,2,13636.088747809867,59618,137,38.964236300002085
equal_evaluations,F28,FA,3,19491.74719365832,59629,137,39.96446289999585
equal_evaluations,F28,FA,4,14508.73446812281,59637,137,31.937574299998232
equal_evaluations,F28,FA,5,17546.797534475598,59634,137,32.295818300000974
equal_evaluations,F28,FA,6,21782.032098966407,59635,137,32.061052000004565
equal_evaluations,F28,FA,7,10883.269966644124,59632,137,32.20675549999578
equal_evaluations,F28,FA,8,13578.873956164629,59613,137,31.545298800003366
equal_evaluations,F28,FA,9,15040.541993493402,59616,137,31.322327300003963
equal_evaluations,F29,HS,0,56379.01044507218,60000,59970,97.89005450000695
equal_evaluations,F29,HS,1,35847.228598690286,60000,59970,89.97865539998747
equal_evaluations,F29,HS,2,13550.688736765858,60000,59970,97.69196999999986
equal_evaluations,F29,HS,3,181240.8990409787,60000,59970,74.22202410000318
equal_evaluations,F29,HS,4,139779.228074783,60000,59970,94.44771089999995
equal_evaluations,F29,HS,5,88569.71198749857,60000,59970,98.00346669999999
equal_evaluations,F29,HS,6,9312537.711593734,60000,59970,90.08257230000163
equal_evaluations,F29,HS,7,32416.170250046995,60000,59970,74.16299209999852
equal_evaluations,F29,HS,8,346798.65391896316,60000,59970,74.17813580000075
equal_evaluations,F29,HS,9,62989.463012427106,60000,59970,98.53482190000068
equal_evaluations,F29,LSHADE,0,5559.783485330283,59552,3499,84.44734490000701
equal_evaluations,F29,LSHADE,1,5292.397202614519,59552,3499,70.5651199999993
equal_evaluations,F29,LSHADE,2,6312.111955287604,59552,3499,77.53254000000015
equal_evaluations,F29,LSHADE,3,11386.614459990638,59552,3499,70.59027469999273
equal_evaluations,F29,LSHADE,4,6112.396083681104,59552,3499,92.65899580001133
equal_evaluations,F29,LSHADE,5,5214.754166766496,59552,3499,76.66780969999672
equal_evaluations,F29,LSHADE,6,8618.542613459129,59552,3499,88.76650100000552
equal_evaluations,F29,LSHADE,7,8930.989798283754,59552,3499,70.27093640000385
equal_evaluations,F29,LSHADE,8,6141.9878273785735,59552,3499,85.3600512999983
equal_evaluations,F29,LSHADE,9,5447.17631696882,59552,3499,85.52120869999635
equal_evaluations,F29,PSO,0,264211258.5805515,60000,1999,62.60384890000569
equal_evaluations,F29,PSO,1,1993587042.6441333,60000,1999,72.95938330001081
equal_evaluations,F29,PSO,2,237186628.23285776,60000,1999,66.18325060000643
equal_evaluations,F29,PSO,3,2437884076.6352615,60000,1999,74.39228440000443
equal_evaluations,F29,PSO,4,966856130.9853945,60000,1999,70.9198946999968
equal_evaluations,F29,PSO,5,3348024220.953728,60000,1999,75.02621670000372
equal_evaluations,F29,PSO,6,4235108591.999541,60000,1999,79.59647689999838
equal_evaluations,F29,PSO,7,721085333.7437712,60000,1999,73.89636320000864
equal_evaluations,F29,PSO,8,581586227.2087858,60000,1999,62.270609300001524
equal_evaluations,F29,PSO,9,1066253876.353732,60000,1999,78.233639699989
equal_evaluations,F29,GWO,0,357004698.0603374,60000,1999,69.73880789999384
equal_evaluations,F29,GWO,1,182195523.46048105,60000,1999,69.837116900002
equal_evaluations,F29,GWO,2,8962648.549633976,60000,1999,65.81313819999923
equal_evaluations,F29,GWO,3,50162891.90465377,60000,1999,65.38426010000694
equal_evaluations,F29,GWO,4,193386824.61327717,60000,1999,69.73541720000503
equal_evaluations,F29,GWO,5,275459633.91536456,60000,1999,85.15552360001311
equal_evaluations,F29,GWO,6,43439559.78673589,60000,1999,77.860502800002
equal_evaluations,F29,GWO,7,60387072.54680306,60000,1999,65.84740210000018
equal_evaluations,F29,GWO,8,117375.70611466387,60000,1999,66.77020780000021
equal_evaluations,F29,GWO,9,255161255.06804287,60000,1999,66.01468940000632
equal_evaluations,F29,HHO,0,112534.7796098094,57648,1040,72.63821859999734
equal_evaluations,F29,HHO,1,57359.545340648794,58380,1040,74.5651843000087
equal_evaluations,F29,HHO,2,79539.0281007003,58134,1040,77.39757649999228
equal_evaluations,F29,HHO,3,123600.48483978002,57768,1040,61.792075200006366
equal_evaluations,F29,HHO,4,8730398.92421454,58270,1040,64.68596380000236
equal_evaluations,F29,HHO,5,81059.57670857728,57982,1040,63.13041900000826
equal_evaluations,F29,HHO,6,95978.9499730237,57502,1040,67.50056590000167
equal_evaluations,F29,HHO,7,3409135.6884287815,57036,1040,68.89062459999695
equal_evaluations,F29,HHO,8,52752.920949011845,57864,1040,75.13898329999938
equal_evaluations,F29,HHO,9,332114.56711061765,58408,1040,66.55783649999648
equal_evaluations,F29,BFO,0,43761.74244489128,40550,762,46.58685710000282
equal_evaluations,F29,BFO,1,95727.8093257835,40922,762,52.03938200000266
equal_evaluations,F29,BFO,2,43216.11431858112,40349,762,44.600919500007876
equal_evaluations,F29,BFO,3,45001.7603243525,40848,762,55.88065050001023
equal_evaluations,F29,BFO,4,110812.99912072276,41516,762,49.897890999985975
equal_evaluations,F29,BFO,5,20911.31585952082,40326,762,51.37844450000557
equal_evaluations,F29,BFO,6,44839.363211922435,41304,762,55.72920660000818
equal_evaluations,F29,BFO,7,48528.01547701352,40316,762,53.071799700002884
equal_evaluations,F29,BFO,8,64055.23838331254,41501,762,51.54318449999846
equal_evaluations,F29,BFO,9,69339.3230099452,41830,762,57.81048669999291
equal_evaluations,F29,TSA,0,308178087.6983878,60000,681,87.96069100000022
equal_evaluations,F29,TSA,1,497581401.3417547,60000,681,81.14334049999889
equal_evaluations,F29,TSA,2,173111131.2815822,60000,681,94.95959939999739
equal_evaluations,F29,TSA,3,454603870.5823159,60000,681,83.6633307000011
equal_evaluations,F29,TSA,4,403336750.78203285,60000,681,90.4843680000049
equal_evaluations,F29,TSA,5,4188360.4218108277,60000,681,73.61632760000066
equal_evaluations,F29,TSA,6,23174833.159317963,60000,681,73.55840270000044
equal_evaluations,F29,TSA,7,109250635.14139307,60000,681,85.88326960000268
equal_evaluations,F29,TSA,8,413965448.5286273,60000,681,87.86948890000349
equal_evaluations,F29,TSA,9,573113075.1975888,60000,681,89.77900120000413
equal_evaluations,F29,SOS,0,12634.3857737998,59910,499,77.85959459999867
equal_evaluations,F29,SOS,1,11613.659587964416,59910,499,64.70606020001287
equal_evaluations,F29,SOS,2,9700.38775931993,59910,499,64.67513279999548
equal_evaluations,F29,SOS,3,36407.904758734956,59910,499,81.94465930000297
equal_evaluations,F29,SOS,4,7655.988811774676,59910,499,66.39106989999709
equal_evaluations,F29,SOS,5,14722.526924202799,59910,499,77.59628939999675
equal_evaluations,F29,SOS,6,8806.876529014397,59910,499,76.82705859999987
equal_evaluations,F29,SOS,7,19025.81870140757,59910,499,65.59709909999219
equal_evaluations,F29,SOS,8,11444.853516573412,59910,499,79.81307239999296
equal_evaluations,F29,SOS,9,9909.045704297048,59910,499,80.51213930000085
equal_evaluations,F29,ES,0,82735.25951642309,59880,285,77.98216810000304
equal_evaluations,F29,ES,1,103965.10942432978,59880,285,67.8324289000011
equal_evaluations,F29,ES,2,49881.38067928049,59880,285,78.75104450000799
equal_evaluations,F29,ES,3,1354159.063191244,59880,285,65.15389139999752
equal_evaluations,F29,ES,4,87357.4497368102,59880,285,64.43123610000475
equal_evaluations,F29,ES,5,30449.273895417908,59880,285,67.60985239999718
equal_evaluations,F29,ES,6,36061.93848186558,59880,285,77.4853873999964
equal_evaluations,F29,ES,7,30004.92478092624,59880,285,77.47669979999773
equal_evaluations,F29,ES,8,40340.96508525489,59880,285,73.76401840000472
equal_evaluations,F29,ES,9,77308.152426663,59880,285,72.38658429999487
equal_evaluations,F29,FA,0,1745602848820055.5,59630,137,65.61949370001093
equal_evaluations,F29,FA,1,1017584834966259.8,59629,137,73.36103909999656
equal_evaluations,F29,FA,2,6408955804378750.0,59623,137,58.09486349999497
equal_evaluations,F29,FA,3,156414713968454.72,59623,137,55.11028059999808
equal_evaluations,F29,FA,4,1116431796046112.1,59641,137,55.43358270000317
equal_evaluations,F29,FA,5,3762863613264543.0,59650,137,53.72361970000202
equal_evaluations,F29,FA,6,290756127539313.2,59645,137,49.09611949999817
equal_evaluations,F29,FA,7,8877484359862.633,59628,137,48.34120330000587
equal_evaluations,F29,FA,8,406805058591228.6,59627,137,46.78235149999091
equal_evaluations,F29,FA,9,2067985074579745.8,59626,137,47.04377640000894
equal_evaluations,F30,HS,0,18652.87384482273,60000,59970,63.761138799993205
equal_evaluations,F30,HS,1,295791.38578668155,60000,59970,56.862063700013096
equal_evaluations,F30,HS,2,38235.5483792504,60000,59970,67.51537030001055
equal_evaluations,F30,HS,3,24730.762510438974,60000,59970,68.16474860000017
equal_evaluations,F30,HS,4,359572.78570002556,60000,59970,59.21133940000436
equal_evaluations,F30,HS,5,26492.188265232966,60000,59970,60.66449529999227
equal_evaluations,F30,HS,6,50781.552846209175,60000,59970,65.78714800000307
equal_evaluations,F30,HS,7,22869.185282723385,60000,59970,56.62804260000121
equal_evaluations,F30,HS,8,20587.844860347584,60000,59970,69.02903330000117
equal_evaluations,F30,HS,9,23983.64850492836,60000,59970,67.86808559999918
equal_evaluations,F30,LSHADE,0,11369.482552669377,59552,3499,63.98531930000172
equal_evaluations,F30,LSHADE,1,18886.117808519404,59552,3499,62.09639900000184
equal_evaluations,F30,LSHADE,2,7967.855681821648,59552,3499,52.55399220000254
equal_evaluations,F30,LSHADE,3,31063.915961958453,59552,3499,51.62629580000066
equal_evaluations,F30,LSHADE,4,14139.159671110647,59552,3499,60.55197730001237
equal_evaluations,F30,LSHADE,5,13876.070558882417,59552,3499,60.752997899995535
equal_evaluations,F30,LSHADE,6,9020.727763258863,59552,3499,50.916756499995245
equal_evaluations,F30,LSHADE,7,11467.677296235224,59552,3499,63.96316990000196
equal_evaluations,F30,LSHADE,8,30386.24759302425,59552,3499,61.591140599994105
equal_evaluations,F30,LSHADE,9,15134.087494000105,59552,3499,64.4983629000053
equal_evaluations,F30,PSO,0,793532058.729181,60000,1999,41.44846889999462
equal_evaluations,F30,PSO,1,1000079528273.0383,60000,1999,38.994641400000546
equal_evaluations,F30,PSO,2,10173447319.083601,60000,1999,38.9222410999937
equal_evaluations,F30,PSO,3,349292543.04154664,60000,1999,40.255664899988915
equal_evaluations,F30,PSO,4,13317844448.658901,60000,1999,54.7391823999933
equal_evaluations,F30,PSO,5,25152163498.1778,60000,1999,39.78948330000276
equal_evaluations,F30,PSO,6,1047077703.0449108,60000,1999,43.60306429999764
equal_evaluations,F30,PSO,7,33190309577.399452,60000,1999,53.89555560000008
equal_evaluations,F30,PSO,8,21368443.372438237,60000,1999,39.75220710001304
equal_evaluations,F30,PSO,9,245644162097.7863,60000,1999,40.50646419999248
equal_evaluations,F30,GWO,0,371704339.01124495,60000,1999,44.3980855000118
equal_evaluations,F30,GWO,1,354065064.9865225,60000,1999,55.330719099991256
equal_evaluations,F30,GWO,2,798240938.7206188,60000,1999,41.14464519999456
equal_evaluations,F30,GWO,3,416532517.746361,60000,1999,41.859625199998845
equal_evaluations,F30,GWO,4,1329680.1302166511,60000,1999,44.0015521000023
equal_evaluations,F30,GWO,5,922537350.0303957,60000,1999,44.6472669000068
equal_evaluations,F30,GWO,6,428591226.5301809,60000,1999,41.320538200001465
equal_evaluations,F30,GWO,7,321178114.34897053,60000,1999,52.559768999999505
equal_evaluations,F30,GWO,8,367000910.84957856,60000,1999,52.85403370000131
equal_evaluations,F30,GWO,9,59309455.363668054,60000,1999,50.819776299991645
equal_evaluations,F30,HHO,0,15649914.045676086,57828,1040,37.464592799995444
equal_evaluations,F30,HHO,1,638774.4263571113,57898,1040,34.97469960000308
equal_evaluations,F30,HHO,2,239098.08041346574,58078,1040,41.23335529999167
equal_evaluations,F30,HHO,3,35596209.37251217,57922,1040,46.619402799988165
equal_evaluations,F30,HHO,4,15935978.999304611,57946,1040,33.17374070000369
equal_evaluations,F30,HHO,5,18735055.17508968,57220,1040,40.74692670001241
equal_evaluations,F30,HHO,6,2365620.9752427177,57046,1040,32.987070500006666
equal_evaluations,F30,HHO,7,8165232.391879292,57838,1040,33.47259030000714
equal_evaluations,F30,HHO,8,26196701.01178113,57960,1040,43.49753620001138
equal_evaluations,F30,HHO,9,15687801.940236676,57794,1040,37.22630280000158
equal_evaluations,F30,BFO,0,1968279.4746065538,40161,762,23.25475579999329
equal_evaluations,F30,BFO,1,415708.6376971508,40230,762,30.893062599992845
equal_evaluations,F30,BFO,2,164337.20169322425,40023,762,31.36454420001246
equal_evaluations,F30,BFO,3,1114871.41097074,40211,762,23.261939399992116
equal_evaluations,F30,BFO,4,286095.67649675696,40287,762,23.507945499994094
equal_evaluations,F30,BFO,5,394241.44444644137,40705,762,28.104305999993812
equal_evaluations,F30,BFO,6,226883.00679940113,40139,762,32.65795259999868
equal_evaluations,F30,BFO,7,101570.7197074403,39831,762,31.615701299990178
equal_evaluations,F30,BFO,8,270875.04463414184,40252,762,25.89737600000808
equal_evaluations,F30,BFO,9,771169.5717189712,40081,762,23.212497900007293
equal_evaluations,F30,TSA,0,209522.97647178214,60000,681,58.3713865000027
equal_evaluations,F30,TSA,1,309665.58432948537,60000,681,61.05663600000844
equal_evaluations,F30,TSA,2,3257968.003148839,60000,681,58.276760000007926
equal_evaluations,F30,TSA,3,3662075.9136113008,60000,681,46.42256510000152
equal_evaluations,F30,TSA,4,774900.7429214078,60000,681,44.124286500009475
equal_evaluations,F30,TSA,5,4166365.0927706594,60000,681,45.30713489999471
equal_evaluations,F30,TSA,6,366142.178136204,60000,681,44.09911690000445
equal_evaluations,F30,TSA,7,6804250.202075056,60000,681,44.090758600010304
equal_evaluations,F30,TSA,8,2771394.299640638,60000,681,44.369479600005434
equal_evaluations,F30,TSA,9,5055454.504715783,60000,681,44.29485520000162
equal_evaluations,F30,SOS,0,7821.496466858494,59910,499,45.640061300000525
equal_evaluations,F30,SOS,1,29722.038509284044,59910,499,35.2358424999984
equal_evaluations,F30,SOS,2,36946.19166027434,59910,499,36.138844100001734
equal_evaluations,F30,SOS,3,27193.808369475722,59910,499,36.178632299997844
equal_evaluations,F30,SOS,4,29399.369853866367,59910,499,35.23937229999865
equal_evaluations,F30,SOS,5,10111.405998973645,59910,499,37.557358500009286
equal_evaluations,F30,SOS,6,9381.754810230186,59910,499,35.229361699995934
equal_evaluations,F30,SOS,7,17894.060951588704,59910,499,36.49511030000576
equal_evaluations,F30,SOS,8,18759.632978904046,59910,499,37.38126860000193
equal_evaluations,F30,SOS,9,23465.300949308315,59910,499,43.9019510000071
equal_evaluations,F30,ES,0,123616.53897141511,59880,285,42.65766869999061
equal_evaluations,F30,ES,1,210245.66641379317,59880,285,42.29644419999386
equal_evaluations,F30,ES,2,114373.88572790397,59880,285,42.54756900000211
equal_evaluations,F30,ES,3,119321.26778998278,59880,285,42.903297299999394
equal_evaluations,F30,ES,4,141219.8734351179,59880,285,42.25911579999956
equal_evaluations,F30,ES,5,13782361.991459258,59880,285,42.003647899997304
equal_evaluations,F30,ES,6,106983.02946328736,59880,285,41.06232779999846
equal_evaluations,F30,ES,7,99274.04994043216,59880,285,41.72437640000135
equal_evaluations,F30,ES,8,368059.7385817982,59880,285,36.145369299993035
equal_evaluations,F30,ES,9,1205091.8751753455,59880,285,41.27621619999991
equal_evaluations,F30,FA,0,101585174673920.47,59626,137,38.61224289999518
equal_evaluations,F30,FA,1,52514033587688.68,59622,137,38.376227999993716
equal_evaluations,F30,FA,2,313114218965689.06,59631,137,27.641018800000893
equal_evaluations,F30,FA,3,83686476561735.95,59630,137,24.007750400007353
equal_evaluations,F30,FA,4,110575174740564.39,59636,137,23.3390817999898
equal_evaluations,F30,FA,5,97506028222964.34,59634,137,23.139501500001643
equal_evaluations,F30,FA,6,39201358712373.16,59620,137,22.883233999993536
equal_evaluations,F30,FA,7,708037090428386.0,59627,137,21.7559528999991
equal_evaluations,F30,FA,8,877018563019553.4,59630,137,21.75959290000901
equal_evaluations,F30,FA,9,199135251704089.34,59636,137,20.839725300000282
